ISO-10303-21;
HEADER;
/* Generated by software containing ST-Developer
 * from STEP Tools, Inc. (www.steptools.com) 
 */

FILE_DESCRIPTION(
/* description */ ('',
'CAx-IF Rec.Pracs.---Representation and Presentation of Product Manufa
cturing Information (PMI)---4.0---2014-10-13'),
/* implementation_level */ '2;1');

FILE_NAME(
/* name */ '2040 Aluminum Extrusion.step',
/* time_stamp */ '2024-12-26T21:47:23+01:00',
/* author */ (''),
/* organization */ (''),
/* preprocessor_version */ 'ST-DEVELOPER v20',
/* originating_system */ 'Autodesk Translation Framework v13.20.0.188',

/* authorisation */ '');

FILE_SCHEMA (('AP242_MANAGED_MODEL_BASED_3D_ENGINEERING_MIM_LF { 1 0 10303 442 1 1 4 }'));
ENDSEC;

DATA;
#10=MECHANICAL_DESIGN_GEOMETRIC_PRESENTATION_REPRESENTATION('',(#13),#3573);
#11=SHAPE_REPRESENTATION_RELATIONSHIP('SRR','None',#3580,#12);
#12=ADVANCED_BREP_SHAPE_REPRESENTATION('',(#14),#3572);
#13=STYLED_ITEM('',(#3589),#14);
#14=MANIFOLD_SOLID_BREP('Extrusion',#2249);
#15=FACE_BOUND('',#235,.T.);
#16=FACE_BOUND('',#236,.T.);
#17=FACE_BOUND('',#237,.T.);
#18=FACE_BOUND('',#251,.T.);
#19=FACE_BOUND('',#252,.T.);
#20=FACE_BOUND('',#253,.T.);
#21=PLANE('',#2269);
#22=PLANE('',#2270);
#23=PLANE('',#2275);
#24=PLANE('',#2276);
#25=PLANE('',#2277);
#26=PLANE('',#2278);
#27=PLANE('',#2279);
#28=PLANE('',#2280);
#29=PLANE('',#2281);
#30=PLANE('',#2282);
#31=PLANE('',#2283);
#32=PLANE('',#2284);
#33=PLANE('',#2285);
#34=PLANE('',#2286);
#35=PLANE('',#2287);
#36=PLANE('',#2292);
#37=PLANE('',#2293);
#38=PLANE('',#2294);
#39=PLANE('',#2295);
#40=PLANE('',#2296);
#41=PLANE('',#2297);
#42=PLANE('',#2298);
#43=PLANE('',#2299);
#44=PLANE('',#2300);
#45=PLANE('',#2301);
#46=PLANE('',#2302);
#47=PLANE('',#2303);
#48=PLANE('',#2304);
#49=PLANE('',#2305);
#50=PLANE('',#2306);
#51=PLANE('',#2307);
#52=PLANE('',#2308);
#53=PLANE('',#2309);
#54=PLANE('',#2310);
#55=PLANE('',#2312);
#56=PLANE('',#2313);
#57=PLANE('',#2314);
#58=PLANE('',#2315);
#59=PLANE('',#2316);
#60=PLANE('',#2317);
#61=PLANE('',#2318);
#62=PLANE('',#2319);
#63=PLANE('',#2320);
#64=PLANE('',#2321);
#65=PLANE('',#2323);
#66=PLANE('',#2324);
#67=PLANE('',#2325);
#68=PLANE('',#2326);
#69=PLANE('',#2327);
#70=PLANE('',#2328);
#71=PLANE('',#2329);
#72=PLANE('',#2330);
#73=PLANE('',#2331);
#74=PLANE('',#2332);
#75=PLANE('',#2333);
#76=PLANE('',#2334);
#77=PLANE('',#2335);
#78=PLANE('',#2336);
#79=PLANE('',#2337);
#80=PLANE('',#2338);
#81=PLANE('',#2339);
#82=PLANE('',#2340);
#83=PLANE('',#2341);
#84=PLANE('',#2342);
#85=PLANE('',#2343);
#86=PLANE('',#2344);
#87=PLANE('',#2345);
#88=PLANE('',#2346);
#89=PLANE('',#2347);
#90=PLANE('',#2348);
#91=PLANE('',#2349);
#92=PLANE('',#2350);
#93=PLANE('',#2351);
#94=PLANE('',#2352);
#95=PLANE('',#2353);
#96=PLANE('',#2354);
#97=PLANE('',#2355);
#98=PLANE('',#2356);
#99=PLANE('',#2357);
#100=PLANE('',#2358);
#101=PLANE('',#2359);
#102=PLANE('',#2360);
#103=PLANE('',#2361);
#104=PLANE('',#2362);
#105=PLANE('',#2363);
#106=PLANE('',#2364);
#107=PLANE('',#2365);
#108=PLANE('',#2366);
#109=PLANE('',#2368);
#110=PLANE('',#2369);
#111=PLANE('',#2370);
#112=PLANE('',#2371);
#113=PLANE('',#2372);
#114=PLANE('',#2373);
#115=PLANE('',#2374);
#116=PLANE('',#2375);
#117=PLANE('',#2376);
#118=PLANE('',#2377);
#119=PLANE('',#2378);
#120=PLANE('',#2379);
#121=PLANE('',#2380);
#122=PLANE('',#2381);
#123=FACE_OUTER_BOUND('',#231,.T.);
#124=FACE_OUTER_BOUND('',#232,.T.);
#125=FACE_OUTER_BOUND('',#233,.T.);
#126=FACE_OUTER_BOUND('',#234,.T.);
#127=FACE_OUTER_BOUND('',#238,.T.);
#128=FACE_OUTER_BOUND('',#239,.T.);
#129=FACE_OUTER_BOUND('',#240,.T.);
#130=FACE_OUTER_BOUND('',#241,.T.);
#131=FACE_OUTER_BOUND('',#242,.T.);
#132=FACE_OUTER_BOUND('',#243,.T.);
#133=FACE_OUTER_BOUND('',#244,.T.);
#134=FACE_OUTER_BOUND('',#245,.T.);
#135=FACE_OUTER_BOUND('',#246,.T.);
#136=FACE_OUTER_BOUND('',#247,.T.);
#137=FACE_OUTER_BOUND('',#248,.T.);
#138=FACE_OUTER_BOUND('',#249,.T.);
#139=FACE_OUTER_BOUND('',#250,.T.);
#140=FACE_OUTER_BOUND('',#254,.T.);
#141=FACE_OUTER_BOUND('',#255,.T.);
#142=FACE_OUTER_BOUND('',#256,.T.);
#143=FACE_OUTER_BOUND('',#257,.T.);
#144=FACE_OUTER_BOUND('',#258,.T.);
#145=FACE_OUTER_BOUND('',#259,.T.);
#146=FACE_OUTER_BOUND('',#260,.T.);
#147=FACE_OUTER_BOUND('',#261,.T.);
#148=FACE_OUTER_BOUND('',#262,.T.);
#149=FACE_OUTER_BOUND('',#263,.T.);
#150=FACE_OUTER_BOUND('',#264,.T.);
#151=FACE_OUTER_BOUND('',#265,.T.);
#152=FACE_OUTER_BOUND('',#266,.T.);
#153=FACE_OUTER_BOUND('',#267,.T.);
#154=FACE_OUTER_BOUND('',#268,.T.);
#155=FACE_OUTER_BOUND('',#269,.T.);
#156=FACE_OUTER_BOUND('',#270,.T.);
#157=FACE_OUTER_BOUND('',#271,.T.);
#158=FACE_OUTER_BOUND('',#272,.T.);
#159=FACE_OUTER_BOUND('',#273,.T.);
#160=FACE_OUTER_BOUND('',#274,.T.);
#161=FACE_OUTER_BOUND('',#275,.T.);
#162=FACE_OUTER_BOUND('',#276,.T.);
#163=FACE_OUTER_BOUND('',#277,.T.);
#164=FACE_OUTER_BOUND('',#278,.T.);
#165=FACE_OUTER_BOUND('',#279,.T.);
#166=FACE_OUTER_BOUND('',#280,.T.);
#167=FACE_OUTER_BOUND('',#281,.T.);
#168=FACE_OUTER_BOUND('',#282,.T.);
#169=FACE_OUTER_BOUND('',#283,.T.);
#170=FACE_OUTER_BOUND('',#284,.T.);
#171=FACE_OUTER_BOUND('',#285,.T.);
#172=FACE_OUTER_BOUND('',#286,.T.);
#173=FACE_OUTER_BOUND('',#287,.T.);
#174=FACE_OUTER_BOUND('',#288,.T.);
#175=FACE_OUTER_BOUND('',#289,.T.);
#176=FACE_OUTER_BOUND('',#290,.T.);
#177=FACE_OUTER_BOUND('',#291,.T.);
#178=FACE_OUTER_BOUND('',#292,.T.);
#179=FACE_OUTER_BOUND('',#293,.T.);
#180=FACE_OUTER_BOUND('',#294,.T.);
#181=FACE_OUTER_BOUND('',#295,.T.);
#182=FACE_OUTER_BOUND('',#296,.T.);
#183=FACE_OUTER_BOUND('',#297,.T.);
#184=FACE_OUTER_BOUND('',#298,.T.);
#185=FACE_OUTER_BOUND('',#299,.T.);
#186=FACE_OUTER_BOUND('',#300,.T.);
#187=FACE_OUTER_BOUND('',#301,.T.);
#188=FACE_OUTER_BOUND('',#302,.T.);
#189=FACE_OUTER_BOUND('',#303,.T.);
#190=FACE_OUTER_BOUND('',#304,.T.);
#191=FACE_OUTER_BOUND('',#305,.T.);
#192=FACE_OUTER_BOUND('',#306,.T.);
#193=FACE_OUTER_BOUND('',#307,.T.);
#194=FACE_OUTER_BOUND('',#308,.T.);
#195=FACE_OUTER_BOUND('',#309,.T.);
#196=FACE_OUTER_BOUND('',#310,.T.);
#197=FACE_OUTER_BOUND('',#311,.T.);
#198=FACE_OUTER_BOUND('',#312,.T.);
#199=FACE_OUTER_BOUND('',#313,.T.);
#200=FACE_OUTER_BOUND('',#314,.T.);
#201=FACE_OUTER_BOUND('',#315,.T.);
#202=FACE_OUTER_BOUND('',#316,.T.);
#203=FACE_OUTER_BOUND('',#317,.T.);
#204=FACE_OUTER_BOUND('',#318,.T.);
#205=FACE_OUTER_BOUND('',#319,.T.);
#206=FACE_OUTER_BOUND('',#320,.T.);
#207=FACE_OUTER_BOUND('',#321,.T.);
#208=FACE_OUTER_BOUND('',#322,.T.);
#209=FACE_OUTER_BOUND('',#323,.T.);
#210=FACE_OUTER_BOUND('',#324,.T.);
#211=FACE_OUTER_BOUND('',#325,.T.);
#212=FACE_OUTER_BOUND('',#326,.T.);
#213=FACE_OUTER_BOUND('',#327,.T.);
#214=FACE_OUTER_BOUND('',#328,.T.);
#215=FACE_OUTER_BOUND('',#329,.T.);
#216=FACE_OUTER_BOUND('',#330,.T.);
#217=FACE_OUTER_BOUND('',#331,.T.);
#218=FACE_OUTER_BOUND('',#332,.T.);
#219=FACE_OUTER_BOUND('',#333,.T.);
#220=FACE_OUTER_BOUND('',#334,.T.);
#221=FACE_OUTER_BOUND('',#335,.T.);
#222=FACE_OUTER_BOUND('',#336,.T.);
#223=FACE_OUTER_BOUND('',#337,.T.);
#224=FACE_OUTER_BOUND('',#338,.T.);
#225=FACE_OUTER_BOUND('',#339,.T.);
#226=FACE_OUTER_BOUND('',#340,.T.);
#227=FACE_OUTER_BOUND('',#341,.T.);
#228=FACE_OUTER_BOUND('',#342,.T.);
#229=FACE_OUTER_BOUND('',#343,.T.);
#230=FACE_OUTER_BOUND('',#344,.T.);
#231=EDGE_LOOP('',(#1499,#1500,#1501,#1502));
#232=EDGE_LOOP('',(#1503,#1504,#1505,#1506));
#233=EDGE_LOOP('',(#1507,#1508,#1509,#1510));
#234=EDGE_LOOP('',(#1511,#1512,#1513,#1514,#1515,#1516,#1517,#1518,#1519,
#1520,#1521,#1522,#1523,#1524,#1525,#1526,#1527,#1528,#1529,#1530,#1531,
#1532,#1533,#1534,#1535,#1536,#1537,#1538,#1539,#1540,#1541,#1542,#1543,
#1544,#1545,#1546,#1547,#1548,#1549,#1550,#1551,#1552,#1553,#1554,#1555,
#1556,#1557,#1558,#1559,#1560,#1561,#1562,#1563,#1564,#1565,#1566,#1567,
#1568,#1569,#1570,#1571,#1572,#1573,#1574,#1575,#1576,#1577,#1578,#1579,
#1580,#1581,#1582,#1583,#1584,#1585,#1586,#1587,#1588,#1589,#1590,#1591,
#1592,#1593,#1594,#1595,#1596,#1597,#1598,#1599,#1600,#1601,#1602));
#235=EDGE_LOOP('',(#1603));
#236=EDGE_LOOP('',(#1604,#1605,#1606,#1607,#1608,#1609,#1610,#1611,#1612,
#1613,#1614,#1615));
#237=EDGE_LOOP('',(#1616));
#238=EDGE_LOOP('',(#1617,#1618,#1619,#1620));
#239=EDGE_LOOP('',(#1621,#1622,#1623,#1624));
#240=EDGE_LOOP('',(#1625,#1626,#1627,#1628));
#241=EDGE_LOOP('',(#1629,#1630,#1631,#1632));
#242=EDGE_LOOP('',(#1633,#1634,#1635,#1636));
#243=EDGE_LOOP('',(#1637,#1638,#1639,#1640));
#244=EDGE_LOOP('',(#1641,#1642,#1643,#1644));
#245=EDGE_LOOP('',(#1645,#1646,#1647,#1648));
#246=EDGE_LOOP('',(#1649,#1650,#1651,#1652));
#247=EDGE_LOOP('',(#1653,#1654,#1655,#1656));
#248=EDGE_LOOP('',(#1657,#1658,#1659,#1660));
#249=EDGE_LOOP('',(#1661,#1662,#1663,#1664));
#250=EDGE_LOOP('',(#1665,#1666,#1667,#1668,#1669,#1670,#1671,#1672,#1673,
#1674,#1675,#1676,#1677,#1678,#1679,#1680,#1681,#1682,#1683,#1684,#1685,
#1686,#1687,#1688,#1689,#1690,#1691,#1692,#1693,#1694,#1695,#1696,#1697,
#1698,#1699,#1700,#1701,#1702,#1703,#1704,#1705,#1706,#1707,#1708,#1709,
#1710,#1711,#1712,#1713,#1714,#1715,#1716,#1717,#1718,#1719,#1720,#1721,
#1722,#1723,#1724,#1725,#1726,#1727,#1728,#1729,#1730,#1731,#1732,#1733,
#1734,#1735,#1736,#1737,#1738,#1739,#1740,#1741,#1742,#1743,#1744,#1745,
#1746,#1747,#1748,#1749,#1750,#1751,#1752,#1753,#1754,#1755,#1756));
#251=EDGE_LOOP('',(#1757));
#252=EDGE_LOOP('',(#1758));
#253=EDGE_LOOP('',(#1759,#1760,#1761,#1762,#1763,#1764,#1765,#1766,#1767,
#1768,#1769,#1770));
#254=EDGE_LOOP('',(#1771,#1772,#1773,#1774));
#255=EDGE_LOOP('',(#1775,#1776,#1777,#1778));
#256=EDGE_LOOP('',(#1779,#1780,#1781,#1782));
#257=EDGE_LOOP('',(#1783,#1784,#1785,#1786));
#258=EDGE_LOOP('',(#1787,#1788,#1789,#1790));
#259=EDGE_LOOP('',(#1791,#1792,#1793,#1794));
#260=EDGE_LOOP('',(#1795,#1796,#1797,#1798));
#261=EDGE_LOOP('',(#1799,#1800,#1801,#1802));
#262=EDGE_LOOP('',(#1803,#1804,#1805,#1806));
#263=EDGE_LOOP('',(#1807,#1808,#1809,#1810));
#264=EDGE_LOOP('',(#1811,#1812,#1813,#1814));
#265=EDGE_LOOP('',(#1815,#1816,#1817,#1818));
#266=EDGE_LOOP('',(#1819,#1820,#1821,#1822));
#267=EDGE_LOOP('',(#1823,#1824,#1825,#1826));
#268=EDGE_LOOP('',(#1827,#1828,#1829,#1830));
#269=EDGE_LOOP('',(#1831,#1832,#1833,#1834));
#270=EDGE_LOOP('',(#1835,#1836,#1837,#1838));
#271=EDGE_LOOP('',(#1839,#1840,#1841,#1842));
#272=EDGE_LOOP('',(#1843,#1844,#1845,#1846));
#273=EDGE_LOOP('',(#1847,#1848,#1849,#1850));
#274=EDGE_LOOP('',(#1851,#1852,#1853,#1854));
#275=EDGE_LOOP('',(#1855,#1856,#1857,#1858));
#276=EDGE_LOOP('',(#1859,#1860,#1861,#1862));
#277=EDGE_LOOP('',(#1863,#1864,#1865,#1866));
#278=EDGE_LOOP('',(#1867,#1868,#1869,#1870));
#279=EDGE_LOOP('',(#1871,#1872,#1873,#1874));
#280=EDGE_LOOP('',(#1875,#1876,#1877,#1878));
#281=EDGE_LOOP('',(#1879,#1880,#1881,#1882));
#282=EDGE_LOOP('',(#1883,#1884,#1885,#1886));
#283=EDGE_LOOP('',(#1887,#1888,#1889,#1890));
#284=EDGE_LOOP('',(#1891,#1892,#1893,#1894));
#285=EDGE_LOOP('',(#1895,#1896,#1897,#1898));
#286=EDGE_LOOP('',(#1899,#1900,#1901,#1902));
#287=EDGE_LOOP('',(#1903,#1904,#1905,#1906));
#288=EDGE_LOOP('',(#1907,#1908,#1909,#1910));
#289=EDGE_LOOP('',(#1911,#1912,#1913,#1914));
#290=EDGE_LOOP('',(#1915,#1916,#1917,#1918));
#291=EDGE_LOOP('',(#1919,#1920,#1921,#1922));
#292=EDGE_LOOP('',(#1923,#1924,#1925,#1926));
#293=EDGE_LOOP('',(#1927,#1928,#1929,#1930));
#294=EDGE_LOOP('',(#1931,#1932,#1933,#1934));
#295=EDGE_LOOP('',(#1935,#1936,#1937,#1938));
#296=EDGE_LOOP('',(#1939,#1940,#1941,#1942));
#297=EDGE_LOOP('',(#1943,#1944,#1945,#1946));
#298=EDGE_LOOP('',(#1947,#1948,#1949,#1950));
#299=EDGE_LOOP('',(#1951,#1952,#1953,#1954));
#300=EDGE_LOOP('',(#1955,#1956,#1957,#1958));
#301=EDGE_LOOP('',(#1959,#1960,#1961,#1962));
#302=EDGE_LOOP('',(#1963,#1964,#1965,#1966));
#303=EDGE_LOOP('',(#1967,#1968,#1969,#1970));
#304=EDGE_LOOP('',(#1971,#1972,#1973,#1974));
#305=EDGE_LOOP('',(#1975,#1976,#1977,#1978));
#306=EDGE_LOOP('',(#1979,#1980,#1981,#1982));
#307=EDGE_LOOP('',(#1983,#1984,#1985,#1986));
#308=EDGE_LOOP('',(#1987,#1988,#1989,#1990));
#309=EDGE_LOOP('',(#1991,#1992,#1993,#1994));
#310=EDGE_LOOP('',(#1995,#1996,#1997,#1998));
#311=EDGE_LOOP('',(#1999,#2000,#2001,#2002));
#312=EDGE_LOOP('',(#2003,#2004,#2005,#2006));
#313=EDGE_LOOP('',(#2007,#2008,#2009,#2010));
#314=EDGE_LOOP('',(#2011,#2012,#2013,#2014));
#315=EDGE_LOOP('',(#2015,#2016,#2017,#2018));
#316=EDGE_LOOP('',(#2019,#2020,#2021,#2022));
#317=EDGE_LOOP('',(#2023,#2024,#2025,#2026));
#318=EDGE_LOOP('',(#2027,#2028,#2029,#2030));
#319=EDGE_LOOP('',(#2031,#2032,#2033,#2034));
#320=EDGE_LOOP('',(#2035,#2036,#2037,#2038));
#321=EDGE_LOOP('',(#2039,#2040,#2041,#2042));
#322=EDGE_LOOP('',(#2043,#2044,#2045,#2046));
#323=EDGE_LOOP('',(#2047,#2048,#2049,#2050));
#324=EDGE_LOOP('',(#2051,#2052,#2053,#2054));
#325=EDGE_LOOP('',(#2055,#2056,#2057,#2058));
#326=EDGE_LOOP('',(#2059,#2060,#2061,#2062));
#327=EDGE_LOOP('',(#2063,#2064,#2065,#2066));
#328=EDGE_LOOP('',(#2067,#2068,#2069,#2070));
#329=EDGE_LOOP('',(#2071,#2072,#2073,#2074));
#330=EDGE_LOOP('',(#2075,#2076,#2077,#2078));
#331=EDGE_LOOP('',(#2079,#2080,#2081,#2082));
#332=EDGE_LOOP('',(#2083,#2084,#2085,#2086));
#333=EDGE_LOOP('',(#2087,#2088,#2089,#2090));
#334=EDGE_LOOP('',(#2091,#2092,#2093,#2094));
#335=EDGE_LOOP('',(#2095,#2096,#2097,#2098));
#336=EDGE_LOOP('',(#2099,#2100,#2101,#2102));
#337=EDGE_LOOP('',(#2103,#2104,#2105,#2106));
#338=EDGE_LOOP('',(#2107,#2108,#2109,#2110));
#339=EDGE_LOOP('',(#2111,#2112,#2113,#2114));
#340=EDGE_LOOP('',(#2115,#2116,#2117,#2118));
#341=EDGE_LOOP('',(#2119,#2120,#2121,#2122));
#342=EDGE_LOOP('',(#2123,#2124,#2125,#2126));
#343=EDGE_LOOP('',(#2127,#2128,#2129,#2130));
#344=EDGE_LOOP('',(#2131,#2132,#2133,#2134));
#345=LINE('',#2937,#651);
#346=LINE('',#2940,#652);
#347=LINE('',#2946,#653);
#348=LINE('',#2949,#654);
#349=LINE('',#2952,#655);
#350=LINE('',#2954,#656);
#351=LINE('',#2955,#657);
#352=LINE('',#2958,#658);
#353=LINE('',#2960,#659);
#354=LINE('',#2962,#660);
#355=LINE('',#2964,#661);
#356=LINE('',#2966,#662);
#357=LINE('',#2968,#663);
#358=LINE('',#2970,#664);
#359=LINE('',#2972,#665);
#360=LINE('',#2974,#666);
#361=LINE('',#2976,#667);
#362=LINE('',#2978,#668);
#363=LINE('',#2980,#669);
#364=LINE('',#2982,#670);
#365=LINE('',#2984,#671);
#366=LINE('',#2986,#672);
#367=LINE('',#2988,#673);
#368=LINE('',#2990,#674);
#369=LINE('',#2992,#675);
#370=LINE('',#2994,#676);
#371=LINE('',#2996,#677);
#372=LINE('',#2998,#678);
#373=LINE('',#3000,#679);
#374=LINE('',#3002,#680);
#375=LINE('',#3004,#681);
#376=LINE('',#3006,#682);
#377=LINE('',#3008,#683);
#378=LINE('',#3010,#684);
#379=LINE('',#3012,#685);
#380=LINE('',#3013,#686);
#381=LINE('',#3015,#687);
#382=LINE('',#3017,#688);
#383=LINE('',#3019,#689);
#384=LINE('',#3021,#690);
#385=LINE('',#3023,#691);
#386=LINE('',#3025,#692);
#387=LINE('',#3027,#693);
#388=LINE('',#3029,#694);
#389=LINE('',#3031,#695);
#390=LINE('',#3033,#696);
#391=LINE('',#3035,#697);
#392=LINE('',#3037,#698);
#393=LINE('',#3039,#699);
#394=LINE('',#3041,#700);
#395=LINE('',#3043,#701);
#396=LINE('',#3047,#702);
#397=LINE('',#3049,#703);
#398=LINE('',#3051,#704);
#399=LINE('',#3053,#705);
#400=LINE('',#3055,#706);
#401=LINE('',#3057,#707);
#402=LINE('',#3059,#708);
#403=LINE('',#3061,#709);
#404=LINE('',#3063,#710);
#405=LINE('',#3065,#711);
#406=LINE('',#3067,#712);
#407=LINE('',#3069,#713);
#408=LINE('',#3071,#714);
#409=LINE('',#3073,#715);
#410=LINE('',#3075,#716);
#411=LINE('',#3077,#717);
#412=LINE('',#3079,#718);
#413=LINE('',#3081,#719);
#414=LINE('',#3083,#720);
#415=LINE('',#3085,#721);
#416=LINE('',#3087,#722);
#417=LINE('',#3089,#723);
#418=LINE('',#3091,#724);
#419=LINE('',#3093,#725);
#420=LINE('',#3095,#726);
#421=LINE('',#3097,#727);
#422=LINE('',#3099,#728);
#423=LINE('',#3101,#729);
#424=LINE('',#3103,#730);
#425=LINE('',#3107,#731);
#426=LINE('',#3109,#732);
#427=LINE('',#3111,#733);
#428=LINE('',#3113,#734);
#429=LINE('',#3115,#735);
#430=LINE('',#3117,#736);
#431=LINE('',#3119,#737);
#432=LINE('',#3121,#738);
#433=LINE('',#3123,#739);
#434=LINE('',#3125,#740);
#435=LINE('',#3127,#741);
#436=LINE('',#3129,#742);
#437=LINE('',#3131,#743);
#438=LINE('',#3132,#744);
#439=LINE('',#3137,#745);
#440=LINE('',#3139,#746);
#441=LINE('',#3141,#747);
#442=LINE('',#3143,#748);
#443=LINE('',#3145,#749);
#444=LINE('',#3147,#750);
#445=LINE('',#3149,#751);
#446=LINE('',#3151,#752);
#447=LINE('',#3153,#753);
#448=LINE('',#3155,#754);
#449=LINE('',#3157,#755);
#450=LINE('',#3158,#756);
#451=LINE('',#3163,#757);
#452=LINE('',#3165,#758);
#453=LINE('',#3166,#759);
#454=LINE('',#3169,#760);
#455=LINE('',#3170,#761);
#456=LINE('',#3173,#762);
#457=LINE('',#3174,#763);
#458=LINE('',#3177,#764);
#459=LINE('',#3178,#765);
#460=LINE('',#3181,#766);
#461=LINE('',#3182,#767);
#462=LINE('',#3184,#768);
#463=LINE('',#3187,#769);
#464=LINE('',#3189,#770);
#465=LINE('',#3190,#771);
#466=LINE('',#3193,#772);
#467=LINE('',#3195,#773);
#468=LINE('',#3196,#774);
#469=LINE('',#3199,#775);
#470=LINE('',#3201,#776);
#471=LINE('',#3202,#777);
#472=LINE('',#3206,#778);
#473=LINE('',#3207,#779);
#474=LINE('',#3208,#780);
#475=LINE('',#3210,#781);
#476=LINE('',#3212,#782);
#477=LINE('',#3215,#783);
#478=LINE('',#3217,#784);
#479=LINE('',#3219,#785);
#480=LINE('',#3221,#786);
#481=LINE('',#3223,#787);
#482=LINE('',#3225,#788);
#483=LINE('',#3227,#789);
#484=LINE('',#3229,#790);
#485=LINE('',#3231,#791);
#486=LINE('',#3233,#792);
#487=LINE('',#3235,#793);
#488=LINE('',#3237,#794);
#489=LINE('',#3239,#795);
#490=LINE('',#3241,#796);
#491=LINE('',#3245,#797);
#492=LINE('',#3247,#798);
#493=LINE('',#3249,#799);
#494=LINE('',#3251,#800);
#495=LINE('',#3253,#801);
#496=LINE('',#3255,#802);
#497=LINE('',#3257,#803);
#498=LINE('',#3259,#804);
#499=LINE('',#3261,#805);
#500=LINE('',#3263,#806);
#501=LINE('',#3265,#807);
#502=LINE('',#3267,#808);
#503=LINE('',#3269,#809);
#504=LINE('',#3271,#810);
#505=LINE('',#3273,#811);
#506=LINE('',#3275,#812);
#507=LINE('',#3277,#813);
#508=LINE('',#3279,#814);
#509=LINE('',#3281,#815);
#510=LINE('',#3283,#816);
#511=LINE('',#3285,#817);
#512=LINE('',#3287,#818);
#513=LINE('',#3289,#819);
#514=LINE('',#3291,#820);
#515=LINE('',#3293,#821);
#516=LINE('',#3295,#822);
#517=LINE('',#3297,#823);
#518=LINE('',#3299,#824);
#519=LINE('',#3301,#825);
#520=LINE('',#3305,#826);
#521=LINE('',#3307,#827);
#522=LINE('',#3309,#828);
#523=LINE('',#3311,#829);
#524=LINE('',#3313,#830);
#525=LINE('',#3315,#831);
#526=LINE('',#3316,#832);
#527=LINE('',#3317,#833);
#528=LINE('',#3318,#834);
#529=LINE('',#3320,#835);
#530=LINE('',#3322,#836);
#531=LINE('',#3324,#837);
#532=LINE('',#3326,#838);
#533=LINE('',#3328,#839);
#534=LINE('',#3330,#840);
#535=LINE('',#3332,#841);
#536=LINE('',#3334,#842);
#537=LINE('',#3336,#843);
#538=LINE('',#3338,#844);
#539=LINE('',#3340,#845);
#540=LINE('',#3342,#846);
#541=LINE('',#3344,#847);
#542=LINE('',#3346,#848);
#543=LINE('',#3348,#849);
#544=LINE('',#3350,#850);
#545=LINE('',#3352,#851);
#546=LINE('',#3354,#852);
#547=LINE('',#3356,#853);
#548=LINE('',#3358,#854);
#549=LINE('',#3360,#855);
#550=LINE('',#3362,#856);
#551=LINE('',#3363,#857);
#552=LINE('',#3370,#858);
#553=LINE('',#3372,#859);
#554=LINE('',#3374,#860);
#555=LINE('',#3376,#861);
#556=LINE('',#3378,#862);
#557=LINE('',#3380,#863);
#558=LINE('',#3382,#864);
#559=LINE('',#3384,#865);
#560=LINE('',#3386,#866);
#561=LINE('',#3388,#867);
#562=LINE('',#3390,#868);
#563=LINE('',#3391,#869);
#564=LINE('',#3393,#870);
#565=LINE('',#3394,#871);
#566=LINE('',#3396,#872);
#567=LINE('',#3397,#873);
#568=LINE('',#3399,#874);
#569=LINE('',#3401,#875);
#570=LINE('',#3402,#876);
#571=LINE('',#3404,#877);
#572=LINE('',#3406,#878);
#573=LINE('',#3408,#879);
#574=LINE('',#3411,#880);
#575=LINE('',#3412,#881);
#576=LINE('',#3414,#882);
#577=LINE('',#3415,#883);
#578=LINE('',#3417,#884);
#579=LINE('',#3420,#885);
#580=LINE('',#3422,#886);
#581=LINE('',#3424,#887);
#582=LINE('',#3426,#888);
#583=LINE('',#3428,#889);
#584=LINE('',#3431,#890);
#585=LINE('',#3433,#891);
#586=LINE('',#3435,#892);
#587=LINE('',#3437,#893);
#588=LINE('',#3438,#894);
#589=LINE('',#3440,#895);
#590=LINE('',#3442,#896);
#591=LINE('',#3444,#897);
#592=LINE('',#3447,#898);
#593=LINE('',#3448,#899);
#594=LINE('',#3450,#900);
#595=LINE('',#3451,#901);
#596=LINE('',#3453,#902);
#597=LINE('',#3455,#903);
#598=LINE('',#3456,#904);
#599=LINE('',#3458,#905);
#600=LINE('',#3461,#906);
#601=LINE('',#3462,#907);
#602=LINE('',#3467,#908);
#603=LINE('',#3469,#909);
#604=LINE('',#3471,#910);
#605=LINE('',#3473,#911);
#606=LINE('',#3475,#912);
#607=LINE('',#3476,#913);
#608=LINE('',#3478,#914);
#609=LINE('',#3480,#915);
#610=LINE('',#3482,#916);
#611=LINE('',#3485,#917);
#612=LINE('',#3486,#918);
#613=LINE('',#3488,#919);
#614=LINE('',#3489,#920);
#615=LINE('',#3491,#921);
#616=LINE('',#3494,#922);
#617=LINE('',#3496,#923);
#618=LINE('',#3498,#924);
#619=LINE('',#3500,#925);
#620=LINE('',#3502,#926);
#621=LINE('',#3505,#927);
#622=LINE('',#3511,#928);
#623=LINE('',#3513,#929);
#624=LINE('',#3515,#930);
#625=LINE('',#3517,#931);
#626=LINE('',#3519,#932);
#627=LINE('',#3521,#933);
#628=LINE('',#3523,#934);
#629=LINE('',#3525,#935);
#630=LINE('',#3527,#936);
#631=LINE('',#3529,#937);
#632=LINE('',#3531,#938);
#633=LINE('',#3533,#939);
#634=LINE('',#3535,#940);
#635=LINE('',#3537,#941);
#636=LINE('',#3539,#942);
#637=LINE('',#3542,#943);
#638=LINE('',#3544,#944);
#639=LINE('',#3546,#945);
#640=LINE('',#3548,#946);
#641=LINE('',#3550,#947);
#642=LINE('',#3552,#948);
#643=LINE('',#3554,#949);
#644=LINE('',#3556,#950);
#645=LINE('',#3558,#951);
#646=LINE('',#3560,#952);
#647=LINE('',#3562,#953);
#648=LINE('',#3564,#954);
#649=LINE('',#3566,#955);
#650=LINE('',#3568,#956);
#651=VECTOR('',#2389,10.);
#652=VECTOR('',#2392,10.);
#653=VECTOR('',#2397,10.);
#654=VECTOR('',#2400,10.);
#655=VECTOR('',#2403,10.);
#656=VECTOR('',#2404,10.);
#657=VECTOR('',#2405,10.);
#658=VECTOR('',#2408,10.);
#659=VECTOR('',#2409,10.);
#660=VECTOR('',#2410,10.);
#661=VECTOR('',#2411,10.);
#662=VECTOR('',#2412,10.);
#663=VECTOR('',#2413,10.);
#664=VECTOR('',#2414,10.);
#665=VECTOR('',#2415,10.);
#666=VECTOR('',#2416,10.);
#667=VECTOR('',#2417,10.);
#668=VECTOR('',#2418,10.);
#669=VECTOR('',#2419,10.);
#670=VECTOR('',#2420,10.);
#671=VECTOR('',#2421,10.);
#672=VECTOR('',#2422,10.);
#673=VECTOR('',#2423,10.);
#674=VECTOR('',#2424,10.);
#675=VECTOR('',#2425,10.);
#676=VECTOR('',#2426,10.);
#677=VECTOR('',#2427,10.);
#678=VECTOR('',#2428,10.);
#679=VECTOR('',#2429,10.);
#680=VECTOR('',#2430,10.);
#681=VECTOR('',#2431,10.);
#682=VECTOR('',#2432,10.);
#683=VECTOR('',#2433,10.);
#684=VECTOR('',#2434,10.);
#685=VECTOR('',#2435,10.);
#686=VECTOR('',#2436,10.);
#687=VECTOR('',#2437,10.);
#688=VECTOR('',#2438,10.);
#689=VECTOR('',#2439,10.);
#690=VECTOR('',#2440,10.);
#691=VECTOR('',#2441,10.);
#692=VECTOR('',#2442,10.);
#693=VECTOR('',#2443,10.);
#694=VECTOR('',#2444,10.);
#695=VECTOR('',#2445,10.);
#696=VECTOR('',#2446,10.);
#697=VECTOR('',#2447,10.);
#698=VECTOR('',#2448,10.);
#699=VECTOR('',#2449,10.);
#700=VECTOR('',#2450,10.);
#701=VECTOR('',#2451,10.);
#702=VECTOR('',#2454,10.);
#703=VECTOR('',#2455,10.);
#704=VECTOR('',#2456,10.);
#705=VECTOR('',#2457,10.);
#706=VECTOR('',#2458,10.);
#707=VECTOR('',#2459,10.);
#708=VECTOR('',#2460,10.);
#709=VECTOR('',#2461,10.);
#710=VECTOR('',#2462,10.);
#711=VECTOR('',#2463,10.);
#712=VECTOR('',#2464,10.);
#713=VECTOR('',#2465,10.);
#714=VECTOR('',#2466,10.);
#715=VECTOR('',#2467,10.);
#716=VECTOR('',#2468,10.);
#717=VECTOR('',#2469,10.);
#718=VECTOR('',#2470,10.);
#719=VECTOR('',#2471,10.);
#720=VECTOR('',#2472,10.);
#721=VECTOR('',#2473,10.);
#722=VECTOR('',#2474,10.);
#723=VECTOR('',#2475,10.);
#724=VECTOR('',#2476,10.);
#725=VECTOR('',#2477,10.);
#726=VECTOR('',#2478,10.);
#727=VECTOR('',#2479,10.);
#728=VECTOR('',#2480,10.);
#729=VECTOR('',#2481,10.);
#730=VECTOR('',#2482,10.);
#731=VECTOR('',#2485,10.);
#732=VECTOR('',#2486,10.);
#733=VECTOR('',#2487,10.);
#734=VECTOR('',#2488,10.);
#735=VECTOR('',#2489,10.);
#736=VECTOR('',#2490,10.);
#737=VECTOR('',#2491,10.);
#738=VECTOR('',#2492,10.);
#739=VECTOR('',#2493,10.);
#740=VECTOR('',#2494,10.);
#741=VECTOR('',#2495,10.);
#742=VECTOR('',#2496,10.);
#743=VECTOR('',#2497,10.);
#744=VECTOR('',#2498,10.);
#745=VECTOR('',#2501,10.);
#746=VECTOR('',#2502,10.);
#747=VECTOR('',#2503,10.);
#748=VECTOR('',#2504,10.);
#749=VECTOR('',#2505,10.);
#750=VECTOR('',#2506,10.);
#751=VECTOR('',#2507,10.);
#752=VECTOR('',#2508,10.);
#753=VECTOR('',#2509,10.);
#754=VECTOR('',#2510,10.);
#755=VECTOR('',#2511,10.);
#756=VECTOR('',#2512,10.);
#757=VECTOR('',#2517,10.);
#758=VECTOR('',#2518,10.);
#759=VECTOR('',#2519,10.);
#760=VECTOR('',#2522,10.);
#761=VECTOR('',#2523,10.);
#762=VECTOR('',#2526,10.);
#763=VECTOR('',#2527,10.);
#764=VECTOR('',#2530,10.);
#765=VECTOR('',#2531,10.);
#766=VECTOR('',#2534,10.);
#767=VECTOR('',#2535,10.);
#768=VECTOR('',#2538,10.);
#769=VECTOR('',#2541,10.);
#770=VECTOR('',#2542,10.);
#771=VECTOR('',#2543,10.);
#772=VECTOR('',#2546,10.);
#773=VECTOR('',#2547,10.);
#774=VECTOR('',#2548,10.);
#775=VECTOR('',#2551,10.);
#776=VECTOR('',#2552,10.);
#777=VECTOR('',#2553,10.);
#778=VECTOR('',#2556,10.);
#779=VECTOR('',#2557,10.);
#780=VECTOR('',#2558,10.);
#781=VECTOR('',#2561,10.);
#782=VECTOR('',#2564,10.);
#783=VECTOR('',#2567,10.);
#784=VECTOR('',#2568,10.);
#785=VECTOR('',#2569,10.);
#786=VECTOR('',#2570,10.);
#787=VECTOR('',#2571,10.);
#788=VECTOR('',#2572,10.);
#789=VECTOR('',#2573,10.);
#790=VECTOR('',#2574,10.);
#791=VECTOR('',#2575,10.);
#792=VECTOR('',#2576,10.);
#793=VECTOR('',#2577,10.);
#794=VECTOR('',#2578,10.);
#795=VECTOR('',#2579,10.);
#796=VECTOR('',#2580,10.);
#797=VECTOR('',#2583,10.);
#798=VECTOR('',#2584,10.);
#799=VECTOR('',#2585,10.);
#800=VECTOR('',#2586,10.);
#801=VECTOR('',#2587,10.);
#802=VECTOR('',#2588,10.);
#803=VECTOR('',#2589,10.);
#804=VECTOR('',#2590,10.);
#805=VECTOR('',#2591,10.);
#806=VECTOR('',#2592,10.);
#807=VECTOR('',#2593,10.);
#808=VECTOR('',#2594,10.);
#809=VECTOR('',#2595,10.);
#810=VECTOR('',#2596,10.);
#811=VECTOR('',#2597,10.);
#812=VECTOR('',#2598,10.);
#813=VECTOR('',#2599,10.);
#814=VECTOR('',#2600,10.);
#815=VECTOR('',#2601,10.);
#816=VECTOR('',#2602,10.);
#817=VECTOR('',#2603,10.);
#818=VECTOR('',#2604,10.);
#819=VECTOR('',#2605,10.);
#820=VECTOR('',#2606,10.);
#821=VECTOR('',#2607,10.);
#822=VECTOR('',#2608,10.);
#823=VECTOR('',#2609,10.);
#824=VECTOR('',#2610,10.);
#825=VECTOR('',#2611,10.);
#826=VECTOR('',#2614,10.);
#827=VECTOR('',#2615,10.);
#828=VECTOR('',#2616,10.);
#829=VECTOR('',#2617,10.);
#830=VECTOR('',#2618,10.);
#831=VECTOR('',#2619,10.);
#832=VECTOR('',#2620,10.);
#833=VECTOR('',#2621,10.);
#834=VECTOR('',#2622,10.);
#835=VECTOR('',#2623,10.);
#836=VECTOR('',#2624,10.);
#837=VECTOR('',#2625,10.);
#838=VECTOR('',#2626,10.);
#839=VECTOR('',#2627,10.);
#840=VECTOR('',#2628,10.);
#841=VECTOR('',#2629,10.);
#842=VECTOR('',#2630,10.);
#843=VECTOR('',#2631,10.);
#844=VECTOR('',#2632,10.);
#845=VECTOR('',#2633,10.);
#846=VECTOR('',#2634,10.);
#847=VECTOR('',#2635,10.);
#848=VECTOR('',#2636,10.);
#849=VECTOR('',#2637,10.);
#850=VECTOR('',#2638,10.);
#851=VECTOR('',#2639,10.);
#852=VECTOR('',#2640,10.);
#853=VECTOR('',#2641,10.);
#854=VECTOR('',#2642,10.);
#855=VECTOR('',#2643,10.);
#856=VECTOR('',#2644,10.);
#857=VECTOR('',#2645,10.);
#858=VECTOR('',#2650,10.);
#859=VECTOR('',#2651,10.);
#860=VECTOR('',#2652,10.);
#861=VECTOR('',#2653,10.);
#862=VECTOR('',#2654,10.);
#863=VECTOR('',#2655,10.);
#864=VECTOR('',#2656,10.);
#865=VECTOR('',#2657,10.);
#866=VECTOR('',#2658,10.);
#867=VECTOR('',#2659,10.);
#868=VECTOR('',#2660,10.);
#869=VECTOR('',#2661,10.);
#870=VECTOR('',#2664,10.);
#871=VECTOR('',#2665,10.);
#872=VECTOR('',#2668,10.);
#873=VECTOR('',#2669,10.);
#874=VECTOR('',#2672,10.);
#875=VECTOR('',#2675,10.);
#876=VECTOR('',#2676,10.);
#877=VECTOR('',#2679,10.);
#878=VECTOR('',#2682,10.);
#879=VECTOR('',#2685,10.);
#880=VECTOR('',#2690,10.);
#881=VECTOR('',#2691,10.);
#882=VECTOR('',#2694,10.);
#883=VECTOR('',#2695,10.);
#884=VECTOR('',#2698,10.);
#885=VECTOR('',#2703,10.);
#886=VECTOR('',#2706,10.);
#887=VECTOR('',#2709,10.);
#888=VECTOR('',#2712,10.);
#889=VECTOR('',#2715,10.);
#890=VECTOR('',#2720,10.);
#891=VECTOR('',#2723,2.5);
#892=VECTOR('',#2726,10.);
#893=VECTOR('',#2729,10.);
#894=VECTOR('',#2730,10.);
#895=VECTOR('',#2733,10.);
#896=VECTOR('',#2736,10.);
#897=VECTOR('',#2739,10.);
#898=VECTOR('',#2744,10.);
#899=VECTOR('',#2745,10.);
#900=VECTOR('',#2748,10.);
#901=VECTOR('',#2749,10.);
#902=VECTOR('',#2752,10.);
#903=VECTOR('',#2755,10.);
#904=VECTOR('',#2756,10.);
#905=VECTOR('',#2759,2.5);
#906=VECTOR('',#2764,10.);
#907=VECTOR('',#2765,10.);
#908=VECTOR('',#2774,10.);
#909=VECTOR('',#2777,10.);
#910=VECTOR('',#2780,10.);
#911=VECTOR('',#2783,10.);
#912=VECTOR('',#2786,10.);
#913=VECTOR('',#2787,10.);
#914=VECTOR('',#2790,10.);
#915=VECTOR('',#2793,10.);
#916=VECTOR('',#2796,10.);
#917=VECTOR('',#2801,10.);
#918=VECTOR('',#2802,10.);
#919=VECTOR('',#2805,10.);
#920=VECTOR('',#2806,10.);
#921=VECTOR('',#2809,10.);
#922=VECTOR('',#2814,10.);
#923=VECTOR('',#2817,10.);
#924=VECTOR('',#2820,10.);
#925=VECTOR('',#2823,10.);
#926=VECTOR('',#2826,10.);
#927=VECTOR('',#2831,10.);
#928=VECTOR('',#2842,10.);
#929=VECTOR('',#2845,10.);
#930=VECTOR('',#2848,10.);
#931=VECTOR('',#2851,10.);
#932=VECTOR('',#2854,10.);
#933=VECTOR('',#2857,10.);
#934=VECTOR('',#2860,10.);
#935=VECTOR('',#2863,10.);
#936=VECTOR('',#2866,10.);
#937=VECTOR('',#2869,10.);
#938=VECTOR('',#2872,10.);
#939=VECTOR('',#2875,10.);
#940=VECTOR('',#2878,10.);
#941=VECTOR('',#2881,10.);
#942=VECTOR('',#2884,10.);
#943=VECTOR('',#2889,10.);
#944=VECTOR('',#2892,10.);
#945=VECTOR('',#2895,10.);
#946=VECTOR('',#2898,10.);
#947=VECTOR('',#2901,10.);
#948=VECTOR('',#2904,10.);
#949=VECTOR('',#2907,10.);
#950=VECTOR('',#2910,10.);
#951=VECTOR('',#2913,10.);
#952=VECTOR('',#2916,10.);
#953=VECTOR('',#2919,10.);
#954=VECTOR('',#2922,10.);
#955=VECTOR('',#2925,10.);
#956=VECTOR('',#2928,10.);
#957=CIRCLE('',#2264,1.50000001341104);
#958=CIRCLE('',#2265,1.50000001341104);
#959=CIRCLE('',#2267,1.50000001341104);
#960=CIRCLE('',#2268,1.50000001341104);
#961=CIRCLE('',#2271,1.50000001341104);
#962=CIRCLE('',#2272,1.50000001341104);
#963=CIRCLE('',#2273,2.5);
#964=CIRCLE('',#2274,2.5);
#965=CIRCLE('',#2288,1.50000001341104);
#966=CIRCLE('',#2289,1.50000001341104);
#967=CIRCLE('',#2290,2.5);
#968=CIRCLE('',#2291,2.5);
#969=VERTEX_POINT('',#2933);
#970=VERTEX_POINT('',#2934);
#971=VERTEX_POINT('',#2936);
#972=VERTEX_POINT('',#2938);
#973=VERTEX_POINT('',#2942);
#974=VERTEX_POINT('',#2943);
#975=VERTEX_POINT('',#2945);
#976=VERTEX_POINT('',#2947);
#977=VERTEX_POINT('',#2951);
#978=VERTEX_POINT('',#2953);
#979=VERTEX_POINT('',#2957);
#980=VERTEX_POINT('',#2959);
#981=VERTEX_POINT('',#2961);
#982=VERTEX_POINT('',#2963);
#983=VERTEX_POINT('',#2965);
#984=VERTEX_POINT('',#2967);
#985=VERTEX_POINT('',#2969);
#986=VERTEX_POINT('',#2971);
#987=VERTEX_POINT('',#2973);
#988=VERTEX_POINT('',#2975);
#989=VERTEX_POINT('',#2977);
#990=VERTEX_POINT('',#2979);
#991=VERTEX_POINT('',#2981);
#992=VERTEX_POINT('',#2983);
#993=VERTEX_POINT('',#2985);
#994=VERTEX_POINT('',#2987);
#995=VERTEX_POINT('',#2989);
#996=VERTEX_POINT('',#2991);
#997=VERTEX_POINT('',#2993);
#998=VERTEX_POINT('',#2995);
#999=VERTEX_POINT('',#2997);
#1000=VERTEX_POINT('',#2999);
#1001=VERTEX_POINT('',#3001);
#1002=VERTEX_POINT('',#3003);
#1003=VERTEX_POINT('',#3005);
#1004=VERTEX_POINT('',#3007);
#1005=VERTEX_POINT('',#3009);
#1006=VERTEX_POINT('',#3011);
#1007=VERTEX_POINT('',#3014);
#1008=VERTEX_POINT('',#3016);
#1009=VERTEX_POINT('',#3018);
#1010=VERTEX_POINT('',#3020);
#1011=VERTEX_POINT('',#3022);
#1012=VERTEX_POINT('',#3024);
#1013=VERTEX_POINT('',#3026);
#1014=VERTEX_POINT('',#3028);
#1015=VERTEX_POINT('',#3030);
#1016=VERTEX_POINT('',#3032);
#1017=VERTEX_POINT('',#3034);
#1018=VERTEX_POINT('',#3036);
#1019=VERTEX_POINT('',#3038);
#1020=VERTEX_POINT('',#3040);
#1021=VERTEX_POINT('',#3042);
#1022=VERTEX_POINT('',#3044);
#1023=VERTEX_POINT('',#3046);
#1024=VERTEX_POINT('',#3048);
#1025=VERTEX_POINT('',#3050);
#1026=VERTEX_POINT('',#3052);
#1027=VERTEX_POINT('',#3054);
#1028=VERTEX_POINT('',#3056);
#1029=VERTEX_POINT('',#3058);
#1030=VERTEX_POINT('',#3060);
#1031=VERTEX_POINT('',#3062);
#1032=VERTEX_POINT('',#3064);
#1033=VERTEX_POINT('',#3066);
#1034=VERTEX_POINT('',#3068);
#1035=VERTEX_POINT('',#3070);
#1036=VERTEX_POINT('',#3072);
#1037=VERTEX_POINT('',#3074);
#1038=VERTEX_POINT('',#3076);
#1039=VERTEX_POINT('',#3078);
#1040=VERTEX_POINT('',#3080);
#1041=VERTEX_POINT('',#3082);
#1042=VERTEX_POINT('',#3084);
#1043=VERTEX_POINT('',#3086);
#1044=VERTEX_POINT('',#3088);
#1045=VERTEX_POINT('',#3090);
#1046=VERTEX_POINT('',#3092);
#1047=VERTEX_POINT('',#3094);
#1048=VERTEX_POINT('',#3096);
#1049=VERTEX_POINT('',#3098);
#1050=VERTEX_POINT('',#3100);
#1051=VERTEX_POINT('',#3102);
#1052=VERTEX_POINT('',#3104);
#1053=VERTEX_POINT('',#3106);
#1054=VERTEX_POINT('',#3108);
#1055=VERTEX_POINT('',#3110);
#1056=VERTEX_POINT('',#3112);
#1057=VERTEX_POINT('',#3114);
#1058=VERTEX_POINT('',#3116);
#1059=VERTEX_POINT('',#3118);
#1060=VERTEX_POINT('',#3120);
#1061=VERTEX_POINT('',#3122);
#1062=VERTEX_POINT('',#3124);
#1063=VERTEX_POINT('',#3126);
#1064=VERTEX_POINT('',#3128);
#1065=VERTEX_POINT('',#3130);
#1066=VERTEX_POINT('',#3133);
#1067=VERTEX_POINT('',#3135);
#1068=VERTEX_POINT('',#3136);
#1069=VERTEX_POINT('',#3138);
#1070=VERTEX_POINT('',#3140);
#1071=VERTEX_POINT('',#3142);
#1072=VERTEX_POINT('',#3144);
#1073=VERTEX_POINT('',#3146);
#1074=VERTEX_POINT('',#3148);
#1075=VERTEX_POINT('',#3150);
#1076=VERTEX_POINT('',#3152);
#1077=VERTEX_POINT('',#3154);
#1078=VERTEX_POINT('',#3156);
#1079=VERTEX_POINT('',#3159);
#1080=VERTEX_POINT('',#3162);
#1081=VERTEX_POINT('',#3164);
#1082=VERTEX_POINT('',#3168);
#1083=VERTEX_POINT('',#3172);
#1084=VERTEX_POINT('',#3176);
#1085=VERTEX_POINT('',#3180);
#1086=VERTEX_POINT('',#3186);
#1087=VERTEX_POINT('',#3188);
#1088=VERTEX_POINT('',#3192);
#1089=VERTEX_POINT('',#3194);
#1090=VERTEX_POINT('',#3198);
#1091=VERTEX_POINT('',#3200);
#1092=VERTEX_POINT('',#3204);
#1093=VERTEX_POINT('',#3205);
#1094=VERTEX_POINT('',#3214);
#1095=VERTEX_POINT('',#3216);
#1096=VERTEX_POINT('',#3218);
#1097=VERTEX_POINT('',#3220);
#1098=VERTEX_POINT('',#3222);
#1099=VERTEX_POINT('',#3224);
#1100=VERTEX_POINT('',#3226);
#1101=VERTEX_POINT('',#3228);
#1102=VERTEX_POINT('',#3230);
#1103=VERTEX_POINT('',#3232);
#1104=VERTEX_POINT('',#3234);
#1105=VERTEX_POINT('',#3236);
#1106=VERTEX_POINT('',#3238);
#1107=VERTEX_POINT('',#3240);
#1108=VERTEX_POINT('',#3242);
#1109=VERTEX_POINT('',#3244);
#1110=VERTEX_POINT('',#3246);
#1111=VERTEX_POINT('',#3248);
#1112=VERTEX_POINT('',#3250);
#1113=VERTEX_POINT('',#3252);
#1114=VERTEX_POINT('',#3254);
#1115=VERTEX_POINT('',#3256);
#1116=VERTEX_POINT('',#3258);
#1117=VERTEX_POINT('',#3260);
#1118=VERTEX_POINT('',#3262);
#1119=VERTEX_POINT('',#3264);
#1120=VERTEX_POINT('',#3266);
#1121=VERTEX_POINT('',#3268);
#1122=VERTEX_POINT('',#3270);
#1123=VERTEX_POINT('',#3272);
#1124=VERTEX_POINT('',#3274);
#1125=VERTEX_POINT('',#3276);
#1126=VERTEX_POINT('',#3278);
#1127=VERTEX_POINT('',#3280);
#1128=VERTEX_POINT('',#3282);
#1129=VERTEX_POINT('',#3284);
#1130=VERTEX_POINT('',#3286);
#1131=VERTEX_POINT('',#3288);
#1132=VERTEX_POINT('',#3290);
#1133=VERTEX_POINT('',#3292);
#1134=VERTEX_POINT('',#3294);
#1135=VERTEX_POINT('',#3296);
#1136=VERTEX_POINT('',#3298);
#1137=VERTEX_POINT('',#3300);
#1138=VERTEX_POINT('',#3302);
#1139=VERTEX_POINT('',#3304);
#1140=VERTEX_POINT('',#3306);
#1141=VERTEX_POINT('',#3308);
#1142=VERTEX_POINT('',#3310);
#1143=VERTEX_POINT('',#3312);
#1144=VERTEX_POINT('',#3314);
#1145=VERTEX_POINT('',#3319);
#1146=VERTEX_POINT('',#3321);
#1147=VERTEX_POINT('',#3323);
#1148=VERTEX_POINT('',#3325);
#1149=VERTEX_POINT('',#3327);
#1150=VERTEX_POINT('',#3329);
#1151=VERTEX_POINT('',#3331);
#1152=VERTEX_POINT('',#3333);
#1153=VERTEX_POINT('',#3335);
#1154=VERTEX_POINT('',#3337);
#1155=VERTEX_POINT('',#3339);
#1156=VERTEX_POINT('',#3341);
#1157=VERTEX_POINT('',#3343);
#1158=VERTEX_POINT('',#3345);
#1159=VERTEX_POINT('',#3347);
#1160=VERTEX_POINT('',#3349);
#1161=VERTEX_POINT('',#3351);
#1162=VERTEX_POINT('',#3353);
#1163=VERTEX_POINT('',#3355);
#1164=VERTEX_POINT('',#3357);
#1165=VERTEX_POINT('',#3359);
#1166=VERTEX_POINT('',#3361);
#1167=VERTEX_POINT('',#3364);
#1168=VERTEX_POINT('',#3366);
#1169=VERTEX_POINT('',#3368);
#1170=VERTEX_POINT('',#3369);
#1171=VERTEX_POINT('',#3371);
#1172=VERTEX_POINT('',#3373);
#1173=VERTEX_POINT('',#3375);
#1174=VERTEX_POINT('',#3377);
#1175=VERTEX_POINT('',#3379);
#1176=VERTEX_POINT('',#3381);
#1177=VERTEX_POINT('',#3383);
#1178=VERTEX_POINT('',#3385);
#1179=VERTEX_POINT('',#3387);
#1180=VERTEX_POINT('',#3389);
#1181=EDGE_CURVE('',#969,#970,#957,.T.);
#1182=EDGE_CURVE('',#970,#971,#345,.T.);
#1183=EDGE_CURVE('',#971,#972,#958,.T.);
#1184=EDGE_CURVE('',#969,#972,#346,.T.);
#1185=EDGE_CURVE('',#973,#974,#959,.T.);
#1186=EDGE_CURVE('',#974,#975,#347,.T.);
#1187=EDGE_CURVE('',#975,#976,#960,.T.);
#1188=EDGE_CURVE('',#973,#976,#348,.T.);
#1189=EDGE_CURVE('',#977,#970,#349,.T.);
#1190=EDGE_CURVE('',#977,#978,#350,.T.);
#1191=EDGE_CURVE('',#978,#971,#351,.T.);
#1192=EDGE_CURVE('',#979,#969,#352,.T.);
#1193=EDGE_CURVE('',#979,#980,#353,.T.);
#1194=EDGE_CURVE('',#980,#981,#354,.T.);
#1195=EDGE_CURVE('',#981,#982,#355,.T.);
#1196=EDGE_CURVE('',#983,#982,#356,.T.);
#1197=EDGE_CURVE('',#983,#984,#357,.T.);
#1198=EDGE_CURVE('',#984,#985,#358,.T.);
#1199=EDGE_CURVE('',#985,#986,#359,.T.);
#1200=EDGE_CURVE('',#987,#986,#360,.T.);
#1201=EDGE_CURVE('',#987,#988,#361,.T.);
#1202=EDGE_CURVE('',#989,#988,#362,.T.);
#1203=EDGE_CURVE('',#989,#990,#363,.T.);
#1204=EDGE_CURVE('',#990,#991,#364,.T.);
#1205=EDGE_CURVE('',#991,#992,#365,.T.);
#1206=EDGE_CURVE('',#993,#992,#366,.T.);
#1207=EDGE_CURVE('',#994,#993,#367,.T.);
#1208=EDGE_CURVE('',#995,#994,#368,.T.);
#1209=EDGE_CURVE('',#996,#995,#369,.T.);
#1210=EDGE_CURVE('',#996,#997,#370,.T.);
#1211=EDGE_CURVE('',#998,#997,#371,.T.);
#1212=EDGE_CURVE('',#998,#999,#372,.T.);
#1213=EDGE_CURVE('',#1000,#999,#373,.T.);
#1214=EDGE_CURVE('',#1001,#1000,#374,.T.);
#1215=EDGE_CURVE('',#1002,#1001,#375,.T.);
#1216=EDGE_CURVE('',#1002,#1003,#376,.T.);
#1217=EDGE_CURVE('',#1004,#1003,#377,.T.);
#1218=EDGE_CURVE('',#1005,#1004,#378,.T.);
#1219=EDGE_CURVE('',#1006,#1005,#379,.T.);
#1220=EDGE_CURVE('',#974,#1006,#380,.T.);
#1221=EDGE_CURVE('',#973,#1007,#381,.T.);
#1222=EDGE_CURVE('',#1007,#1008,#382,.T.);
#1223=EDGE_CURVE('',#1008,#1009,#383,.T.);
#1224=EDGE_CURVE('',#1009,#1010,#384,.T.);
#1225=EDGE_CURVE('',#1010,#1011,#385,.T.);
#1226=EDGE_CURVE('',#1011,#1012,#386,.T.);
#1227=EDGE_CURVE('',#1012,#1013,#387,.T.);
#1228=EDGE_CURVE('',#1014,#1013,#388,.T.);
#1229=EDGE_CURVE('',#1015,#1014,#389,.T.);
#1230=EDGE_CURVE('',#1016,#1015,#390,.T.);
#1231=EDGE_CURVE('',#1016,#1017,#391,.T.);
#1232=EDGE_CURVE('',#1018,#1017,#392,.T.);
#1233=EDGE_CURVE('',#1019,#1018,#393,.T.);
#1234=EDGE_CURVE('',#1020,#1019,#394,.T.);
#1235=EDGE_CURVE('',#1021,#1020,#395,.T.);
#1236=EDGE_CURVE('',#1022,#1021,#961,.T.);
#1237=EDGE_CURVE('',#1022,#1023,#396,.T.);
#1238=EDGE_CURVE('',#1023,#1024,#397,.T.);
#1239=EDGE_CURVE('',#1024,#1025,#398,.T.);
#1240=EDGE_CURVE('',#1025,#1026,#399,.T.);
#1241=EDGE_CURVE('',#1027,#1026,#400,.T.);
#1242=EDGE_CURVE('',#1027,#1028,#401,.T.);
#1243=EDGE_CURVE('',#1028,#1029,#402,.T.);
#1244=EDGE_CURVE('',#1029,#1030,#403,.T.);
#1245=EDGE_CURVE('',#1031,#1030,#404,.T.);
#1246=EDGE_CURVE('',#1031,#1032,#405,.T.);
#1247=EDGE_CURVE('',#1033,#1032,#406,.T.);
#1248=EDGE_CURVE('',#1033,#1034,#407,.T.);
#1249=EDGE_CURVE('',#1034,#1035,#408,.T.);
#1250=EDGE_CURVE('',#1035,#1036,#409,.T.);
#1251=EDGE_CURVE('',#1036,#1037,#410,.T.);
#1252=EDGE_CURVE('',#1038,#1037,#411,.T.);
#1253=EDGE_CURVE('',#1039,#1038,#412,.T.);
#1254=EDGE_CURVE('',#1040,#1039,#413,.T.);
#1255=EDGE_CURVE('',#1040,#1041,#414,.T.);
#1256=EDGE_CURVE('',#1042,#1041,#415,.T.);
#1257=EDGE_CURVE('',#1042,#1043,#416,.T.);
#1258=EDGE_CURVE('',#1044,#1043,#417,.T.);
#1259=EDGE_CURVE('',#1045,#1044,#418,.T.);
#1260=EDGE_CURVE('',#1046,#1045,#419,.T.);
#1261=EDGE_CURVE('',#1046,#1047,#420,.T.);
#1262=EDGE_CURVE('',#1048,#1047,#421,.T.);
#1263=EDGE_CURVE('',#1049,#1048,#422,.T.);
#1264=EDGE_CURVE('',#1050,#1049,#423,.T.);
#1265=EDGE_CURVE('',#1051,#1050,#424,.T.);
#1266=EDGE_CURVE('',#1051,#1052,#962,.T.);
#1267=EDGE_CURVE('',#1052,#1053,#425,.T.);
#1268=EDGE_CURVE('',#1053,#1054,#426,.T.);
#1269=EDGE_CURVE('',#1054,#1055,#427,.T.);
#1270=EDGE_CURVE('',#1055,#1056,#428,.T.);
#1271=EDGE_CURVE('',#1057,#1056,#429,.T.);
#1272=EDGE_CURVE('',#1057,#1058,#430,.T.);
#1273=EDGE_CURVE('',#1058,#1059,#431,.T.);
#1274=EDGE_CURVE('',#1059,#1060,#432,.T.);
#1275=EDGE_CURVE('',#1061,#1060,#433,.T.);
#1276=EDGE_CURVE('',#1062,#1061,#434,.T.);
#1277=EDGE_CURVE('',#1062,#1063,#435,.T.);
#1278=EDGE_CURVE('',#1064,#1063,#436,.T.);
#1279=EDGE_CURVE('',#1064,#1065,#437,.T.);
#1280=EDGE_CURVE('',#977,#1065,#438,.T.);
#1281=EDGE_CURVE('',#1066,#1066,#963,.T.);
#1282=EDGE_CURVE('',#1067,#1068,#439,.T.);
#1283=EDGE_CURVE('',#1069,#1067,#440,.T.);
#1284=EDGE_CURVE('',#1070,#1069,#441,.T.);
#1285=EDGE_CURVE('',#1071,#1070,#442,.T.);
#1286=EDGE_CURVE('',#1071,#1072,#443,.T.);
#1287=EDGE_CURVE('',#1072,#1073,#444,.T.);
#1288=EDGE_CURVE('',#1074,#1073,#445,.T.);
#1289=EDGE_CURVE('',#1075,#1074,#446,.T.);
#1290=EDGE_CURVE('',#1076,#1075,#447,.T.);
#1291=EDGE_CURVE('',#1076,#1077,#448,.T.);
#1292=EDGE_CURVE('',#1077,#1078,#449,.T.);
#1293=EDGE_CURVE('',#1078,#1068,#450,.T.);
#1294=EDGE_CURVE('',#1079,#1079,#964,.T.);
#1295=EDGE_CURVE('',#1080,#1001,#451,.T.);
#1296=EDGE_CURVE('',#1081,#1080,#452,.T.);
#1297=EDGE_CURVE('',#1002,#1081,#453,.T.);
#1298=EDGE_CURVE('',#1082,#1081,#454,.T.);
#1299=EDGE_CURVE('',#1003,#1082,#455,.T.);
#1300=EDGE_CURVE('',#1083,#1082,#456,.T.);
#1301=EDGE_CURVE('',#1004,#1083,#457,.T.);
#1302=EDGE_CURVE('',#1084,#1083,#458,.T.);
#1303=EDGE_CURVE('',#1005,#1084,#459,.T.);
#1304=EDGE_CURVE('',#1085,#1084,#460,.T.);
#1305=EDGE_CURVE('',#1006,#1085,#461,.T.);
#1306=EDGE_CURVE('',#1085,#975,#462,.T.);
#1307=EDGE_CURVE('',#1086,#1011,#463,.T.);
#1308=EDGE_CURVE('',#1086,#1087,#464,.T.);
#1309=EDGE_CURVE('',#1012,#1087,#465,.T.);
#1310=EDGE_CURVE('',#1009,#1088,#466,.T.);
#1311=EDGE_CURVE('',#1088,#1089,#467,.T.);
#1312=EDGE_CURVE('',#1010,#1089,#468,.T.);
#1313=EDGE_CURVE('',#1007,#1090,#469,.T.);
#1314=EDGE_CURVE('',#1090,#1091,#470,.T.);
#1315=EDGE_CURVE('',#1008,#1091,#471,.T.);
#1316=EDGE_CURVE('',#1092,#1093,#472,.T.);
#1317=EDGE_CURVE('',#1014,#1092,#473,.T.);
#1318=EDGE_CURVE('',#1013,#1093,#474,.T.);
#1319=EDGE_CURVE('',#1093,#1087,#475,.T.);
#1320=EDGE_CURVE('',#1091,#1088,#476,.T.);
#1321=EDGE_CURVE('',#978,#1094,#477,.T.);
#1322=EDGE_CURVE('',#1094,#1095,#478,.T.);
#1323=EDGE_CURVE('',#1095,#1096,#479,.T.);
#1324=EDGE_CURVE('',#1097,#1096,#480,.T.);
#1325=EDGE_CURVE('',#1097,#1098,#481,.T.);
#1326=EDGE_CURVE('',#1099,#1098,#482,.T.);
#1327=EDGE_CURVE('',#1100,#1099,#483,.T.);
#1328=EDGE_CURVE('',#1101,#1100,#484,.T.);
#1329=EDGE_CURVE('',#1102,#1101,#485,.T.);
#1330=EDGE_CURVE('',#1103,#1102,#486,.T.);
#1331=EDGE_CURVE('',#1104,#1103,#487,.T.);
#1332=EDGE_CURVE('',#1105,#1104,#488,.T.);
#1333=EDGE_CURVE('',#1106,#1105,#489,.T.);
#1334=EDGE_CURVE('',#1107,#1106,#490,.T.);
#1335=EDGE_CURVE('',#1107,#1108,#965,.T.);
#1336=EDGE_CURVE('',#1108,#1109,#491,.T.);
#1337=EDGE_CURVE('',#1109,#1110,#492,.T.);
#1338=EDGE_CURVE('',#1110,#1111,#493,.T.);
#1339=EDGE_CURVE('',#1111,#1112,#494,.T.);
#1340=EDGE_CURVE('',#1112,#1113,#495,.T.);
#1341=EDGE_CURVE('',#1113,#1114,#496,.T.);
#1342=EDGE_CURVE('',#1114,#1115,#497,.T.);
#1343=EDGE_CURVE('',#1115,#1116,#498,.T.);
#1344=EDGE_CURVE('',#1116,#1117,#499,.T.);
#1345=EDGE_CURVE('',#1117,#1118,#500,.T.);
#1346=EDGE_CURVE('',#1118,#1119,#501,.T.);
#1347=EDGE_CURVE('',#1119,#1120,#502,.T.);
#1348=EDGE_CURVE('',#1120,#1121,#503,.T.);
#1349=EDGE_CURVE('',#1121,#1122,#504,.T.);
#1350=EDGE_CURVE('',#1123,#1122,#505,.T.);
#1351=EDGE_CURVE('',#1124,#1123,#506,.T.);
#1352=EDGE_CURVE('',#1125,#1124,#507,.T.);
#1353=EDGE_CURVE('',#1126,#1125,#508,.T.);
#1354=EDGE_CURVE('',#1127,#1126,#509,.T.);
#1355=EDGE_CURVE('',#1128,#1127,#510,.T.);
#1356=EDGE_CURVE('',#1129,#1128,#511,.T.);
#1357=EDGE_CURVE('',#1130,#1129,#512,.T.);
#1358=EDGE_CURVE('',#1131,#1130,#513,.T.);
#1359=EDGE_CURVE('',#1132,#1131,#514,.T.);
#1360=EDGE_CURVE('',#1133,#1132,#515,.T.);
#1361=EDGE_CURVE('',#1134,#1133,#516,.T.);
#1362=EDGE_CURVE('',#1135,#1134,#517,.T.);
#1363=EDGE_CURVE('',#1136,#1135,#518,.T.);
#1364=EDGE_CURVE('',#1137,#1136,#519,.T.);
#1365=EDGE_CURVE('',#1138,#1137,#966,.T.);
#1366=EDGE_CURVE('',#1138,#1139,#520,.T.);
#1367=EDGE_CURVE('',#1139,#1140,#521,.T.);
#1368=EDGE_CURVE('',#1140,#1141,#522,.T.);
#1369=EDGE_CURVE('',#1141,#1142,#523,.T.);
#1370=EDGE_CURVE('',#1142,#1143,#524,.T.);
#1371=EDGE_CURVE('',#1143,#1144,#525,.T.);
#1372=EDGE_CURVE('',#1144,#1092,#526,.T.);
#1373=EDGE_CURVE('',#1086,#1089,#527,.T.);
#1374=EDGE_CURVE('',#976,#1090,#528,.T.);
#1375=EDGE_CURVE('',#1080,#1145,#529,.T.);
#1376=EDGE_CURVE('',#1145,#1146,#530,.T.);
#1377=EDGE_CURVE('',#1146,#1147,#531,.T.);
#1378=EDGE_CURVE('',#1147,#1148,#532,.T.);
#1379=EDGE_CURVE('',#1148,#1149,#533,.T.);
#1380=EDGE_CURVE('',#1149,#1150,#534,.T.);
#1381=EDGE_CURVE('',#1150,#1151,#535,.T.);
#1382=EDGE_CURVE('',#1151,#1152,#536,.T.);
#1383=EDGE_CURVE('',#1152,#1153,#537,.T.);
#1384=EDGE_CURVE('',#1154,#1153,#538,.T.);
#1385=EDGE_CURVE('',#1155,#1154,#539,.T.);
#1386=EDGE_CURVE('',#1156,#1155,#540,.T.);
#1387=EDGE_CURVE('',#1157,#1156,#541,.T.);
#1388=EDGE_CURVE('',#1158,#1157,#542,.T.);
#1389=EDGE_CURVE('',#1159,#1158,#543,.T.);
#1390=EDGE_CURVE('',#1160,#1159,#544,.T.);
#1391=EDGE_CURVE('',#1161,#1160,#545,.T.);
#1392=EDGE_CURVE('',#1162,#1161,#546,.T.);
#1393=EDGE_CURVE('',#1163,#1162,#547,.T.);
#1394=EDGE_CURVE('',#1164,#1163,#548,.T.);
#1395=EDGE_CURVE('',#1165,#1164,#549,.T.);
#1396=EDGE_CURVE('',#1166,#1165,#550,.T.);
#1397=EDGE_CURVE('',#972,#1166,#551,.T.);
#1398=EDGE_CURVE('',#1167,#1167,#967,.T.);
#1399=EDGE_CURVE('',#1168,#1168,#968,.T.);
#1400=EDGE_CURVE('',#1169,#1170,#552,.T.);
#1401=EDGE_CURVE('',#1171,#1169,#553,.T.);
#1402=EDGE_CURVE('',#1172,#1171,#554,.T.);
#1403=EDGE_CURVE('',#1173,#1172,#555,.T.);
#1404=EDGE_CURVE('',#1173,#1174,#556,.T.);
#1405=EDGE_CURVE('',#1174,#1175,#557,.T.);
#1406=EDGE_CURVE('',#1176,#1175,#558,.T.);
#1407=EDGE_CURVE('',#1177,#1176,#559,.T.);
#1408=EDGE_CURVE('',#1178,#1177,#560,.T.);
#1409=EDGE_CURVE('',#1178,#1179,#561,.T.);
#1410=EDGE_CURVE('',#1179,#1180,#562,.T.);
#1411=EDGE_CURVE('',#1180,#1170,#563,.T.);
#1412=EDGE_CURVE('',#1042,#1117,#564,.T.);
#1413=EDGE_CURVE('',#1043,#1116,#565,.T.);
#1414=EDGE_CURVE('',#1067,#1170,#566,.T.);
#1415=EDGE_CURVE('',#1069,#1180,#567,.T.);
#1416=EDGE_CURVE('',#1070,#1179,#568,.T.);
#1417=EDGE_CURVE('',#1037,#1122,#569,.T.);
#1418=EDGE_CURVE('',#1038,#1121,#570,.T.);
#1419=EDGE_CURVE('',#1039,#1120,#571,.T.);
#1420=EDGE_CURVE('',#1040,#1119,#572,.T.);
#1421=EDGE_CURVE('',#1041,#1118,#573,.T.);
#1422=EDGE_CURVE('',#1030,#1129,#574,.T.);
#1423=EDGE_CURVE('',#1031,#1128,#575,.T.);
#1424=EDGE_CURVE('',#1072,#1177,#576,.T.);
#1425=EDGE_CURVE('',#1073,#1176,#577,.T.);
#1426=EDGE_CURVE('',#1071,#1178,#578,.T.);
#1427=EDGE_CURVE('',#1036,#1123,#579,.T.);
#1428=EDGE_CURVE('',#1035,#1124,#580,.T.);
#1429=EDGE_CURVE('',#1034,#1125,#581,.T.);
#1430=EDGE_CURVE('',#1033,#1126,#582,.T.);
#1431=EDGE_CURVE('',#1032,#1127,#583,.T.);
#1432=EDGE_CURVE('',#1044,#1115,#584,.T.);
#1433=EDGE_CURVE('',#1167,#1079,#585,.T.);
#1434=EDGE_CURVE('',#979,#1166,#586,.T.);
#1435=EDGE_CURVE('',#983,#1162,#587,.T.);
#1436=EDGE_CURVE('',#984,#1161,#588,.T.);
#1437=EDGE_CURVE('',#982,#1163,#589,.T.);
#1438=EDGE_CURVE('',#981,#1164,#590,.T.);
#1439=EDGE_CURVE('',#980,#1165,#591,.T.);
#1440=EDGE_CURVE('',#1098,#1061,#592,.T.);
#1441=EDGE_CURVE('',#1062,#1097,#593,.T.);
#1442=EDGE_CURVE('',#1063,#1096,#594,.T.);
#1443=EDGE_CURVE('',#1064,#1095,#595,.T.);
#1444=EDGE_CURVE('',#1094,#1065,#596,.T.);
#1445=EDGE_CURVE('',#1059,#1100,#597,.T.);
#1446=EDGE_CURVE('',#1060,#1099,#598,.T.);
#1447=EDGE_CURVE('',#1168,#1066,#599,.T.);
#1448=EDGE_CURVE('',#986,#1159,#600,.T.);
#1449=EDGE_CURVE('',#985,#1160,#601,.T.);
#1450=EDGE_CURVE('',#987,#1158,#602,.T.);
#1451=EDGE_CURVE('',#1068,#1169,#603,.T.);
#1452=EDGE_CURVE('',#1078,#1171,#604,.T.);
#1453=EDGE_CURVE('',#1077,#1172,#605,.T.);
#1454=EDGE_CURVE('',#991,#1154,#606,.T.);
#1455=EDGE_CURVE('',#992,#1153,#607,.T.);
#1456=EDGE_CURVE('',#990,#1155,#608,.T.);
#1457=EDGE_CURVE('',#989,#1156,#609,.T.);
#1458=EDGE_CURVE('',#988,#1157,#610,.T.);
#1459=EDGE_CURVE('',#998,#1147,#611,.T.);
#1460=EDGE_CURVE('',#999,#1146,#612,.T.);
#1461=EDGE_CURVE('',#1074,#1175,#613,.T.);
#1462=EDGE_CURVE('',#1075,#1174,#614,.T.);
#1463=EDGE_CURVE('',#1076,#1173,#615,.T.);
#1464=EDGE_CURVE('',#993,#1152,#616,.T.);
#1465=EDGE_CURVE('',#994,#1151,#617,.T.);
#1466=EDGE_CURVE('',#995,#1150,#618,.T.);
#1467=EDGE_CURVE('',#996,#1149,#619,.T.);
#1468=EDGE_CURVE('',#997,#1148,#620,.T.);
#1469=EDGE_CURVE('',#1000,#1145,#621,.T.);
#1470=EDGE_CURVE('',#1029,#1130,#622,.T.);
#1471=EDGE_CURVE('',#1028,#1131,#623,.T.);
#1472=EDGE_CURVE('',#1027,#1132,#624,.T.);
#1473=EDGE_CURVE('',#1026,#1133,#625,.T.);
#1474=EDGE_CURVE('',#1025,#1134,#626,.T.);
#1475=EDGE_CURVE('',#1024,#1135,#627,.T.);
#1476=EDGE_CURVE('',#1023,#1136,#628,.T.);
#1477=EDGE_CURVE('',#1022,#1137,#629,.T.);
#1478=EDGE_CURVE('',#1015,#1144,#630,.T.);
#1479=EDGE_CURVE('',#1016,#1143,#631,.T.);
#1480=EDGE_CURVE('',#1017,#1142,#632,.T.);
#1481=EDGE_CURVE('',#1018,#1141,#633,.T.);
#1482=EDGE_CURVE('',#1019,#1140,#634,.T.);
#1483=EDGE_CURVE('',#1020,#1139,#635,.T.);
#1484=EDGE_CURVE('',#1021,#1138,#636,.T.);
#1485=EDGE_CURVE('',#1045,#1114,#637,.T.);
#1486=EDGE_CURVE('',#1046,#1113,#638,.T.);
#1487=EDGE_CURVE('',#1047,#1112,#639,.T.);
#1488=EDGE_CURVE('',#1048,#1111,#640,.T.);
#1489=EDGE_CURVE('',#1049,#1110,#641,.T.);
#1490=EDGE_CURVE('',#1050,#1109,#642,.T.);
#1491=EDGE_CURVE('',#1051,#1108,#643,.T.);
#1492=EDGE_CURVE('',#1058,#1101,#644,.T.);
#1493=EDGE_CURVE('',#1057,#1102,#645,.T.);
#1494=EDGE_CURVE('',#1056,#1103,#646,.T.);
#1495=EDGE_CURVE('',#1055,#1104,#647,.T.);
#1496=EDGE_CURVE('',#1054,#1105,#648,.T.);
#1497=EDGE_CURVE('',#1053,#1106,#649,.T.);
#1498=EDGE_CURVE('',#1052,#1107,#650,.T.);
#1499=ORIENTED_EDGE('',*,*,#1181,.T.);
#1500=ORIENTED_EDGE('',*,*,#1182,.T.);
#1501=ORIENTED_EDGE('',*,*,#1183,.T.);
#1502=ORIENTED_EDGE('',*,*,#1184,.F.);
#1503=ORIENTED_EDGE('',*,*,#1185,.T.);
#1504=ORIENTED_EDGE('',*,*,#1186,.T.);
#1505=ORIENTED_EDGE('',*,*,#1187,.T.);
#1506=ORIENTED_EDGE('',*,*,#1188,.F.);
#1507=ORIENTED_EDGE('',*,*,#1182,.F.);
#1508=ORIENTED_EDGE('',*,*,#1189,.F.);
#1509=ORIENTED_EDGE('',*,*,#1190,.T.);
#1510=ORIENTED_EDGE('',*,*,#1191,.T.);
#1511=ORIENTED_EDGE('',*,*,#1181,.F.);
#1512=ORIENTED_EDGE('',*,*,#1192,.F.);
#1513=ORIENTED_EDGE('',*,*,#1193,.T.);
#1514=ORIENTED_EDGE('',*,*,#1194,.T.);
#1515=ORIENTED_EDGE('',*,*,#1195,.T.);
#1516=ORIENTED_EDGE('',*,*,#1196,.F.);
#1517=ORIENTED_EDGE('',*,*,#1197,.T.);
#1518=ORIENTED_EDGE('',*,*,#1198,.T.);
#1519=ORIENTED_EDGE('',*,*,#1199,.T.);
#1520=ORIENTED_EDGE('',*,*,#1200,.F.);
#1521=ORIENTED_EDGE('',*,*,#1201,.T.);
#1522=ORIENTED_EDGE('',*,*,#1202,.F.);
#1523=ORIENTED_EDGE('',*,*,#1203,.T.);
#1524=ORIENTED_EDGE('',*,*,#1204,.T.);
#1525=ORIENTED_EDGE('',*,*,#1205,.T.);
#1526=ORIENTED_EDGE('',*,*,#1206,.F.);
#1527=ORIENTED_EDGE('',*,*,#1207,.F.);
#1528=ORIENTED_EDGE('',*,*,#1208,.F.);
#1529=ORIENTED_EDGE('',*,*,#1209,.F.);
#1530=ORIENTED_EDGE('',*,*,#1210,.T.);
#1531=ORIENTED_EDGE('',*,*,#1211,.F.);
#1532=ORIENTED_EDGE('',*,*,#1212,.T.);
#1533=ORIENTED_EDGE('',*,*,#1213,.F.);
#1534=ORIENTED_EDGE('',*,*,#1214,.F.);
#1535=ORIENTED_EDGE('',*,*,#1215,.F.);
#1536=ORIENTED_EDGE('',*,*,#1216,.T.);
#1537=ORIENTED_EDGE('',*,*,#1217,.F.);
#1538=ORIENTED_EDGE('',*,*,#1218,.F.);
#1539=ORIENTED_EDGE('',*,*,#1219,.F.);
#1540=ORIENTED_EDGE('',*,*,#1220,.F.);
#1541=ORIENTED_EDGE('',*,*,#1185,.F.);
#1542=ORIENTED_EDGE('',*,*,#1221,.T.);
#1543=ORIENTED_EDGE('',*,*,#1222,.T.);
#1544=ORIENTED_EDGE('',*,*,#1223,.T.);
#1545=ORIENTED_EDGE('',*,*,#1224,.T.);
#1546=ORIENTED_EDGE('',*,*,#1225,.T.);
#1547=ORIENTED_EDGE('',*,*,#1226,.T.);
#1548=ORIENTED_EDGE('',*,*,#1227,.T.);
#1549=ORIENTED_EDGE('',*,*,#1228,.F.);
#1550=ORIENTED_EDGE('',*,*,#1229,.F.);
#1551=ORIENTED_EDGE('',*,*,#1230,.F.);
#1552=ORIENTED_EDGE('',*,*,#1231,.T.);
#1553=ORIENTED_EDGE('',*,*,#1232,.F.);
#1554=ORIENTED_EDGE('',*,*,#1233,.F.);
#1555=ORIENTED_EDGE('',*,*,#1234,.F.);
#1556=ORIENTED_EDGE('',*,*,#1235,.F.);
#1557=ORIENTED_EDGE('',*,*,#1236,.F.);
#1558=ORIENTED_EDGE('',*,*,#1237,.T.);
#1559=ORIENTED_EDGE('',*,*,#1238,.T.);
#1560=ORIENTED_EDGE('',*,*,#1239,.T.);
#1561=ORIENTED_EDGE('',*,*,#1240,.T.);
#1562=ORIENTED_EDGE('',*,*,#1241,.F.);
#1563=ORIENTED_EDGE('',*,*,#1242,.T.);
#1564=ORIENTED_EDGE('',*,*,#1243,.T.);
#1565=ORIENTED_EDGE('',*,*,#1244,.T.);
#1566=ORIENTED_EDGE('',*,*,#1245,.F.);
#1567=ORIENTED_EDGE('',*,*,#1246,.T.);
#1568=ORIENTED_EDGE('',*,*,#1247,.F.);
#1569=ORIENTED_EDGE('',*,*,#1248,.T.);
#1570=ORIENTED_EDGE('',*,*,#1249,.T.);
#1571=ORIENTED_EDGE('',*,*,#1250,.T.);
#1572=ORIENTED_EDGE('',*,*,#1251,.T.);
#1573=ORIENTED_EDGE('',*,*,#1252,.F.);
#1574=ORIENTED_EDGE('',*,*,#1253,.F.);
#1575=ORIENTED_EDGE('',*,*,#1254,.F.);
#1576=ORIENTED_EDGE('',*,*,#1255,.T.);
#1577=ORIENTED_EDGE('',*,*,#1256,.F.);
#1578=ORIENTED_EDGE('',*,*,#1257,.T.);
#1579=ORIENTED_EDGE('',*,*,#1258,.F.);
#1580=ORIENTED_EDGE('',*,*,#1259,.F.);
#1581=ORIENTED_EDGE('',*,*,#1260,.F.);
#1582=ORIENTED_EDGE('',*,*,#1261,.T.);
#1583=ORIENTED_EDGE('',*,*,#1262,.F.);
#1584=ORIENTED_EDGE('',*,*,#1263,.F.);
#1585=ORIENTED_EDGE('',*,*,#1264,.F.);
#1586=ORIENTED_EDGE('',*,*,#1265,.F.);
#1587=ORIENTED_EDGE('',*,*,#1266,.T.);
#1588=ORIENTED_EDGE('',*,*,#1267,.T.);
#1589=ORIENTED_EDGE('',*,*,#1268,.T.);
#1590=ORIENTED_EDGE('',*,*,#1269,.T.);
#1591=ORIENTED_EDGE('',*,*,#1270,.T.);
#1592=ORIENTED_EDGE('',*,*,#1271,.F.);
#1593=ORIENTED_EDGE('',*,*,#1272,.T.);
#1594=ORIENTED_EDGE('',*,*,#1273,.T.);
#1595=ORIENTED_EDGE('',*,*,#1274,.T.);
#1596=ORIENTED_EDGE('',*,*,#1275,.F.);
#1597=ORIENTED_EDGE('',*,*,#1276,.F.);
#1598=ORIENTED_EDGE('',*,*,#1277,.T.);
#1599=ORIENTED_EDGE('',*,*,#1278,.F.);
#1600=ORIENTED_EDGE('',*,*,#1279,.T.);
#1601=ORIENTED_EDGE('',*,*,#1280,.F.);
#1602=ORIENTED_EDGE('',*,*,#1189,.T.);
#1603=ORIENTED_EDGE('',*,*,#1281,.F.);
#1604=ORIENTED_EDGE('',*,*,#1282,.F.);
#1605=ORIENTED_EDGE('',*,*,#1283,.F.);
#1606=ORIENTED_EDGE('',*,*,#1284,.F.);
#1607=ORIENTED_EDGE('',*,*,#1285,.F.);
#1608=ORIENTED_EDGE('',*,*,#1286,.T.);
#1609=ORIENTED_EDGE('',*,*,#1287,.T.);
#1610=ORIENTED_EDGE('',*,*,#1288,.F.);
#1611=ORIENTED_EDGE('',*,*,#1289,.F.);
#1612=ORIENTED_EDGE('',*,*,#1290,.F.);
#1613=ORIENTED_EDGE('',*,*,#1291,.T.);
#1614=ORIENTED_EDGE('',*,*,#1292,.T.);
#1615=ORIENTED_EDGE('',*,*,#1293,.T.);
#1616=ORIENTED_EDGE('',*,*,#1294,.T.);
#1617=ORIENTED_EDGE('',*,*,#1215,.T.);
#1618=ORIENTED_EDGE('',*,*,#1295,.F.);
#1619=ORIENTED_EDGE('',*,*,#1296,.F.);
#1620=ORIENTED_EDGE('',*,*,#1297,.F.);
#1621=ORIENTED_EDGE('',*,*,#1216,.F.);
#1622=ORIENTED_EDGE('',*,*,#1297,.T.);
#1623=ORIENTED_EDGE('',*,*,#1298,.F.);
#1624=ORIENTED_EDGE('',*,*,#1299,.F.);
#1625=ORIENTED_EDGE('',*,*,#1217,.T.);
#1626=ORIENTED_EDGE('',*,*,#1299,.T.);
#1627=ORIENTED_EDGE('',*,*,#1300,.F.);
#1628=ORIENTED_EDGE('',*,*,#1301,.F.);
#1629=ORIENTED_EDGE('',*,*,#1218,.T.);
#1630=ORIENTED_EDGE('',*,*,#1301,.T.);
#1631=ORIENTED_EDGE('',*,*,#1302,.F.);
#1632=ORIENTED_EDGE('',*,*,#1303,.F.);
#1633=ORIENTED_EDGE('',*,*,#1219,.T.);
#1634=ORIENTED_EDGE('',*,*,#1303,.T.);
#1635=ORIENTED_EDGE('',*,*,#1304,.F.);
#1636=ORIENTED_EDGE('',*,*,#1305,.F.);
#1637=ORIENTED_EDGE('',*,*,#1220,.T.);
#1638=ORIENTED_EDGE('',*,*,#1305,.T.);
#1639=ORIENTED_EDGE('',*,*,#1306,.T.);
#1640=ORIENTED_EDGE('',*,*,#1186,.F.);
#1641=ORIENTED_EDGE('',*,*,#1226,.F.);
#1642=ORIENTED_EDGE('',*,*,#1307,.F.);
#1643=ORIENTED_EDGE('',*,*,#1308,.T.);
#1644=ORIENTED_EDGE('',*,*,#1309,.F.);
#1645=ORIENTED_EDGE('',*,*,#1224,.F.);
#1646=ORIENTED_EDGE('',*,*,#1310,.T.);
#1647=ORIENTED_EDGE('',*,*,#1311,.T.);
#1648=ORIENTED_EDGE('',*,*,#1312,.F.);
#1649=ORIENTED_EDGE('',*,*,#1222,.F.);
#1650=ORIENTED_EDGE('',*,*,#1313,.T.);
#1651=ORIENTED_EDGE('',*,*,#1314,.T.);
#1652=ORIENTED_EDGE('',*,*,#1315,.F.);
#1653=ORIENTED_EDGE('',*,*,#1316,.F.);
#1654=ORIENTED_EDGE('',*,*,#1317,.F.);
#1655=ORIENTED_EDGE('',*,*,#1228,.T.);
#1656=ORIENTED_EDGE('',*,*,#1318,.T.);
#1657=ORIENTED_EDGE('',*,*,#1309,.T.);
#1658=ORIENTED_EDGE('',*,*,#1319,.F.);
#1659=ORIENTED_EDGE('',*,*,#1318,.F.);
#1660=ORIENTED_EDGE('',*,*,#1227,.F.);
#1661=ORIENTED_EDGE('',*,*,#1315,.T.);
#1662=ORIENTED_EDGE('',*,*,#1320,.T.);
#1663=ORIENTED_EDGE('',*,*,#1310,.F.);
#1664=ORIENTED_EDGE('',*,*,#1223,.F.);
#1665=ORIENTED_EDGE('',*,*,#1183,.F.);
#1666=ORIENTED_EDGE('',*,*,#1191,.F.);
#1667=ORIENTED_EDGE('',*,*,#1321,.T.);
#1668=ORIENTED_EDGE('',*,*,#1322,.T.);
#1669=ORIENTED_EDGE('',*,*,#1323,.T.);
#1670=ORIENTED_EDGE('',*,*,#1324,.F.);
#1671=ORIENTED_EDGE('',*,*,#1325,.T.);
#1672=ORIENTED_EDGE('',*,*,#1326,.F.);
#1673=ORIENTED_EDGE('',*,*,#1327,.F.);
#1674=ORIENTED_EDGE('',*,*,#1328,.F.);
#1675=ORIENTED_EDGE('',*,*,#1329,.F.);
#1676=ORIENTED_EDGE('',*,*,#1330,.F.);
#1677=ORIENTED_EDGE('',*,*,#1331,.F.);
#1678=ORIENTED_EDGE('',*,*,#1332,.F.);
#1679=ORIENTED_EDGE('',*,*,#1333,.F.);
#1680=ORIENTED_EDGE('',*,*,#1334,.F.);
#1681=ORIENTED_EDGE('',*,*,#1335,.T.);
#1682=ORIENTED_EDGE('',*,*,#1336,.T.);
#1683=ORIENTED_EDGE('',*,*,#1337,.T.);
#1684=ORIENTED_EDGE('',*,*,#1338,.T.);
#1685=ORIENTED_EDGE('',*,*,#1339,.T.);
#1686=ORIENTED_EDGE('',*,*,#1340,.T.);
#1687=ORIENTED_EDGE('',*,*,#1341,.T.);
#1688=ORIENTED_EDGE('',*,*,#1342,.T.);
#1689=ORIENTED_EDGE('',*,*,#1343,.T.);
#1690=ORIENTED_EDGE('',*,*,#1344,.T.);
#1691=ORIENTED_EDGE('',*,*,#1345,.T.);
#1692=ORIENTED_EDGE('',*,*,#1346,.T.);
#1693=ORIENTED_EDGE('',*,*,#1347,.T.);
#1694=ORIENTED_EDGE('',*,*,#1348,.T.);
#1695=ORIENTED_EDGE('',*,*,#1349,.T.);
#1696=ORIENTED_EDGE('',*,*,#1350,.F.);
#1697=ORIENTED_EDGE('',*,*,#1351,.F.);
#1698=ORIENTED_EDGE('',*,*,#1352,.F.);
#1699=ORIENTED_EDGE('',*,*,#1353,.F.);
#1700=ORIENTED_EDGE('',*,*,#1354,.F.);
#1701=ORIENTED_EDGE('',*,*,#1355,.F.);
#1702=ORIENTED_EDGE('',*,*,#1356,.F.);
#1703=ORIENTED_EDGE('',*,*,#1357,.F.);
#1704=ORIENTED_EDGE('',*,*,#1358,.F.);
#1705=ORIENTED_EDGE('',*,*,#1359,.F.);
#1706=ORIENTED_EDGE('',*,*,#1360,.F.);
#1707=ORIENTED_EDGE('',*,*,#1361,.F.);
#1708=ORIENTED_EDGE('',*,*,#1362,.F.);
#1709=ORIENTED_EDGE('',*,*,#1363,.F.);
#1710=ORIENTED_EDGE('',*,*,#1364,.F.);
#1711=ORIENTED_EDGE('',*,*,#1365,.F.);
#1712=ORIENTED_EDGE('',*,*,#1366,.T.);
#1713=ORIENTED_EDGE('',*,*,#1367,.T.);
#1714=ORIENTED_EDGE('',*,*,#1368,.T.);
#1715=ORIENTED_EDGE('',*,*,#1369,.T.);
#1716=ORIENTED_EDGE('',*,*,#1370,.T.);
#1717=ORIENTED_EDGE('',*,*,#1371,.T.);
#1718=ORIENTED_EDGE('',*,*,#1372,.T.);
#1719=ORIENTED_EDGE('',*,*,#1316,.T.);
#1720=ORIENTED_EDGE('',*,*,#1319,.T.);
#1721=ORIENTED_EDGE('',*,*,#1308,.F.);
#1722=ORIENTED_EDGE('',*,*,#1373,.T.);
#1723=ORIENTED_EDGE('',*,*,#1311,.F.);
#1724=ORIENTED_EDGE('',*,*,#1320,.F.);
#1725=ORIENTED_EDGE('',*,*,#1314,.F.);
#1726=ORIENTED_EDGE('',*,*,#1374,.F.);
#1727=ORIENTED_EDGE('',*,*,#1187,.F.);
#1728=ORIENTED_EDGE('',*,*,#1306,.F.);
#1729=ORIENTED_EDGE('',*,*,#1304,.T.);
#1730=ORIENTED_EDGE('',*,*,#1302,.T.);
#1731=ORIENTED_EDGE('',*,*,#1300,.T.);
#1732=ORIENTED_EDGE('',*,*,#1298,.T.);
#1733=ORIENTED_EDGE('',*,*,#1296,.T.);
#1734=ORIENTED_EDGE('',*,*,#1375,.T.);
#1735=ORIENTED_EDGE('',*,*,#1376,.T.);
#1736=ORIENTED_EDGE('',*,*,#1377,.T.);
#1737=ORIENTED_EDGE('',*,*,#1378,.T.);
#1738=ORIENTED_EDGE('',*,*,#1379,.T.);
#1739=ORIENTED_EDGE('',*,*,#1380,.T.);
#1740=ORIENTED_EDGE('',*,*,#1381,.T.);
#1741=ORIENTED_EDGE('',*,*,#1382,.T.);
#1742=ORIENTED_EDGE('',*,*,#1383,.T.);
#1743=ORIENTED_EDGE('',*,*,#1384,.F.);
#1744=ORIENTED_EDGE('',*,*,#1385,.F.);
#1745=ORIENTED_EDGE('',*,*,#1386,.F.);
#1746=ORIENTED_EDGE('',*,*,#1387,.F.);
#1747=ORIENTED_EDGE('',*,*,#1388,.F.);
#1748=ORIENTED_EDGE('',*,*,#1389,.F.);
#1749=ORIENTED_EDGE('',*,*,#1390,.F.);
#1750=ORIENTED_EDGE('',*,*,#1391,.F.);
#1751=ORIENTED_EDGE('',*,*,#1392,.F.);
#1752=ORIENTED_EDGE('',*,*,#1393,.F.);
#1753=ORIENTED_EDGE('',*,*,#1394,.F.);
#1754=ORIENTED_EDGE('',*,*,#1395,.F.);
#1755=ORIENTED_EDGE('',*,*,#1396,.F.);
#1756=ORIENTED_EDGE('',*,*,#1397,.F.);
#1757=ORIENTED_EDGE('',*,*,#1398,.T.);
#1758=ORIENTED_EDGE('',*,*,#1399,.F.);
#1759=ORIENTED_EDGE('',*,*,#1400,.F.);
#1760=ORIENTED_EDGE('',*,*,#1401,.F.);
#1761=ORIENTED_EDGE('',*,*,#1402,.F.);
#1762=ORIENTED_EDGE('',*,*,#1403,.F.);
#1763=ORIENTED_EDGE('',*,*,#1404,.T.);
#1764=ORIENTED_EDGE('',*,*,#1405,.T.);
#1765=ORIENTED_EDGE('',*,*,#1406,.F.);
#1766=ORIENTED_EDGE('',*,*,#1407,.F.);
#1767=ORIENTED_EDGE('',*,*,#1408,.F.);
#1768=ORIENTED_EDGE('',*,*,#1409,.T.);
#1769=ORIENTED_EDGE('',*,*,#1410,.T.);
#1770=ORIENTED_EDGE('',*,*,#1411,.T.);
#1771=ORIENTED_EDGE('',*,*,#1257,.F.);
#1772=ORIENTED_EDGE('',*,*,#1412,.T.);
#1773=ORIENTED_EDGE('',*,*,#1344,.F.);
#1774=ORIENTED_EDGE('',*,*,#1413,.F.);
#1775=ORIENTED_EDGE('',*,*,#1283,.T.);
#1776=ORIENTED_EDGE('',*,*,#1414,.T.);
#1777=ORIENTED_EDGE('',*,*,#1411,.F.);
#1778=ORIENTED_EDGE('',*,*,#1415,.F.);
#1779=ORIENTED_EDGE('',*,*,#1284,.T.);
#1780=ORIENTED_EDGE('',*,*,#1415,.T.);
#1781=ORIENTED_EDGE('',*,*,#1410,.F.);
#1782=ORIENTED_EDGE('',*,*,#1416,.F.);
#1783=ORIENTED_EDGE('',*,*,#1252,.T.);
#1784=ORIENTED_EDGE('',*,*,#1417,.T.);
#1785=ORIENTED_EDGE('',*,*,#1349,.F.);
#1786=ORIENTED_EDGE('',*,*,#1418,.F.);
#1787=ORIENTED_EDGE('',*,*,#1253,.T.);
#1788=ORIENTED_EDGE('',*,*,#1418,.T.);
#1789=ORIENTED_EDGE('',*,*,#1348,.F.);
#1790=ORIENTED_EDGE('',*,*,#1419,.F.);
#1791=ORIENTED_EDGE('',*,*,#1254,.T.);
#1792=ORIENTED_EDGE('',*,*,#1419,.T.);
#1793=ORIENTED_EDGE('',*,*,#1347,.F.);
#1794=ORIENTED_EDGE('',*,*,#1420,.F.);
#1795=ORIENTED_EDGE('',*,*,#1255,.F.);
#1796=ORIENTED_EDGE('',*,*,#1420,.T.);
#1797=ORIENTED_EDGE('',*,*,#1346,.F.);
#1798=ORIENTED_EDGE('',*,*,#1421,.F.);
#1799=ORIENTED_EDGE('',*,*,#1256,.T.);
#1800=ORIENTED_EDGE('',*,*,#1421,.T.);
#1801=ORIENTED_EDGE('',*,*,#1345,.F.);
#1802=ORIENTED_EDGE('',*,*,#1412,.F.);
#1803=ORIENTED_EDGE('',*,*,#1245,.T.);
#1804=ORIENTED_EDGE('',*,*,#1422,.T.);
#1805=ORIENTED_EDGE('',*,*,#1356,.T.);
#1806=ORIENTED_EDGE('',*,*,#1423,.F.);
#1807=ORIENTED_EDGE('',*,*,#1287,.F.);
#1808=ORIENTED_EDGE('',*,*,#1424,.T.);
#1809=ORIENTED_EDGE('',*,*,#1407,.T.);
#1810=ORIENTED_EDGE('',*,*,#1425,.F.);
#1811=ORIENTED_EDGE('',*,*,#1286,.F.);
#1812=ORIENTED_EDGE('',*,*,#1426,.T.);
#1813=ORIENTED_EDGE('',*,*,#1408,.T.);
#1814=ORIENTED_EDGE('',*,*,#1424,.F.);
#1815=ORIENTED_EDGE('',*,*,#1285,.T.);
#1816=ORIENTED_EDGE('',*,*,#1416,.T.);
#1817=ORIENTED_EDGE('',*,*,#1409,.F.);
#1818=ORIENTED_EDGE('',*,*,#1426,.F.);
#1819=ORIENTED_EDGE('',*,*,#1251,.F.);
#1820=ORIENTED_EDGE('',*,*,#1427,.T.);
#1821=ORIENTED_EDGE('',*,*,#1350,.T.);
#1822=ORIENTED_EDGE('',*,*,#1417,.F.);
#1823=ORIENTED_EDGE('',*,*,#1250,.F.);
#1824=ORIENTED_EDGE('',*,*,#1428,.T.);
#1825=ORIENTED_EDGE('',*,*,#1351,.T.);
#1826=ORIENTED_EDGE('',*,*,#1427,.F.);
#1827=ORIENTED_EDGE('',*,*,#1249,.F.);
#1828=ORIENTED_EDGE('',*,*,#1429,.T.);
#1829=ORIENTED_EDGE('',*,*,#1352,.T.);
#1830=ORIENTED_EDGE('',*,*,#1428,.F.);
#1831=ORIENTED_EDGE('',*,*,#1248,.F.);
#1832=ORIENTED_EDGE('',*,*,#1430,.T.);
#1833=ORIENTED_EDGE('',*,*,#1353,.T.);
#1834=ORIENTED_EDGE('',*,*,#1429,.F.);
#1835=ORIENTED_EDGE('',*,*,#1247,.T.);
#1836=ORIENTED_EDGE('',*,*,#1431,.T.);
#1837=ORIENTED_EDGE('',*,*,#1354,.T.);
#1838=ORIENTED_EDGE('',*,*,#1430,.F.);
#1839=ORIENTED_EDGE('',*,*,#1246,.F.);
#1840=ORIENTED_EDGE('',*,*,#1423,.T.);
#1841=ORIENTED_EDGE('',*,*,#1355,.T.);
#1842=ORIENTED_EDGE('',*,*,#1431,.F.);
#1843=ORIENTED_EDGE('',*,*,#1343,.F.);
#1844=ORIENTED_EDGE('',*,*,#1432,.F.);
#1845=ORIENTED_EDGE('',*,*,#1258,.T.);
#1846=ORIENTED_EDGE('',*,*,#1413,.T.);
#1847=ORIENTED_EDGE('',*,*,#1398,.F.);
#1848=ORIENTED_EDGE('',*,*,#1433,.T.);
#1849=ORIENTED_EDGE('',*,*,#1294,.F.);
#1850=ORIENTED_EDGE('',*,*,#1433,.F.);
#1851=ORIENTED_EDGE('',*,*,#1397,.T.);
#1852=ORIENTED_EDGE('',*,*,#1434,.F.);
#1853=ORIENTED_EDGE('',*,*,#1192,.T.);
#1854=ORIENTED_EDGE('',*,*,#1184,.T.);
#1855=ORIENTED_EDGE('',*,*,#1197,.F.);
#1856=ORIENTED_EDGE('',*,*,#1435,.T.);
#1857=ORIENTED_EDGE('',*,*,#1392,.T.);
#1858=ORIENTED_EDGE('',*,*,#1436,.F.);
#1859=ORIENTED_EDGE('',*,*,#1196,.T.);
#1860=ORIENTED_EDGE('',*,*,#1437,.T.);
#1861=ORIENTED_EDGE('',*,*,#1393,.T.);
#1862=ORIENTED_EDGE('',*,*,#1435,.F.);
#1863=ORIENTED_EDGE('',*,*,#1195,.F.);
#1864=ORIENTED_EDGE('',*,*,#1438,.T.);
#1865=ORIENTED_EDGE('',*,*,#1394,.T.);
#1866=ORIENTED_EDGE('',*,*,#1437,.F.);
#1867=ORIENTED_EDGE('',*,*,#1194,.F.);
#1868=ORIENTED_EDGE('',*,*,#1439,.T.);
#1869=ORIENTED_EDGE('',*,*,#1395,.T.);
#1870=ORIENTED_EDGE('',*,*,#1438,.F.);
#1871=ORIENTED_EDGE('',*,*,#1193,.F.);
#1872=ORIENTED_EDGE('',*,*,#1434,.T.);
#1873=ORIENTED_EDGE('',*,*,#1396,.T.);
#1874=ORIENTED_EDGE('',*,*,#1439,.F.);
#1875=ORIENTED_EDGE('',*,*,#1276,.T.);
#1876=ORIENTED_EDGE('',*,*,#1440,.F.);
#1877=ORIENTED_EDGE('',*,*,#1325,.F.);
#1878=ORIENTED_EDGE('',*,*,#1441,.F.);
#1879=ORIENTED_EDGE('',*,*,#1278,.T.);
#1880=ORIENTED_EDGE('',*,*,#1442,.T.);
#1881=ORIENTED_EDGE('',*,*,#1323,.F.);
#1882=ORIENTED_EDGE('',*,*,#1443,.F.);
#1883=ORIENTED_EDGE('',*,*,#1280,.T.);
#1884=ORIENTED_EDGE('',*,*,#1444,.F.);
#1885=ORIENTED_EDGE('',*,*,#1321,.F.);
#1886=ORIENTED_EDGE('',*,*,#1190,.F.);
#1887=ORIENTED_EDGE('',*,*,#1274,.F.);
#1888=ORIENTED_EDGE('',*,*,#1445,.T.);
#1889=ORIENTED_EDGE('',*,*,#1327,.T.);
#1890=ORIENTED_EDGE('',*,*,#1446,.F.);
#1891=ORIENTED_EDGE('',*,*,#1399,.T.);
#1892=ORIENTED_EDGE('',*,*,#1447,.T.);
#1893=ORIENTED_EDGE('',*,*,#1281,.T.);
#1894=ORIENTED_EDGE('',*,*,#1447,.F.);
#1895=ORIENTED_EDGE('',*,*,#1440,.T.);
#1896=ORIENTED_EDGE('',*,*,#1275,.T.);
#1897=ORIENTED_EDGE('',*,*,#1446,.T.);
#1898=ORIENTED_EDGE('',*,*,#1326,.T.);
#1899=ORIENTED_EDGE('',*,*,#1390,.T.);
#1900=ORIENTED_EDGE('',*,*,#1448,.F.);
#1901=ORIENTED_EDGE('',*,*,#1199,.F.);
#1902=ORIENTED_EDGE('',*,*,#1449,.T.);
#1903=ORIENTED_EDGE('',*,*,#1436,.T.);
#1904=ORIENTED_EDGE('',*,*,#1391,.T.);
#1905=ORIENTED_EDGE('',*,*,#1449,.F.);
#1906=ORIENTED_EDGE('',*,*,#1198,.F.);
#1907=ORIENTED_EDGE('',*,*,#1444,.T.);
#1908=ORIENTED_EDGE('',*,*,#1279,.F.);
#1909=ORIENTED_EDGE('',*,*,#1443,.T.);
#1910=ORIENTED_EDGE('',*,*,#1322,.F.);
#1911=ORIENTED_EDGE('',*,*,#1441,.T.);
#1912=ORIENTED_EDGE('',*,*,#1324,.T.);
#1913=ORIENTED_EDGE('',*,*,#1442,.F.);
#1914=ORIENTED_EDGE('',*,*,#1277,.F.);
#1915=ORIENTED_EDGE('',*,*,#1200,.T.);
#1916=ORIENTED_EDGE('',*,*,#1448,.T.);
#1917=ORIENTED_EDGE('',*,*,#1389,.T.);
#1918=ORIENTED_EDGE('',*,*,#1450,.F.);
#1919=ORIENTED_EDGE('',*,*,#1400,.T.);
#1920=ORIENTED_EDGE('',*,*,#1414,.F.);
#1921=ORIENTED_EDGE('',*,*,#1282,.T.);
#1922=ORIENTED_EDGE('',*,*,#1451,.T.);
#1923=ORIENTED_EDGE('',*,*,#1293,.F.);
#1924=ORIENTED_EDGE('',*,*,#1452,.T.);
#1925=ORIENTED_EDGE('',*,*,#1401,.T.);
#1926=ORIENTED_EDGE('',*,*,#1451,.F.);
#1927=ORIENTED_EDGE('',*,*,#1292,.F.);
#1928=ORIENTED_EDGE('',*,*,#1453,.T.);
#1929=ORIENTED_EDGE('',*,*,#1402,.T.);
#1930=ORIENTED_EDGE('',*,*,#1452,.F.);
#1931=ORIENTED_EDGE('',*,*,#1205,.F.);
#1932=ORIENTED_EDGE('',*,*,#1454,.T.);
#1933=ORIENTED_EDGE('',*,*,#1384,.T.);
#1934=ORIENTED_EDGE('',*,*,#1455,.F.);
#1935=ORIENTED_EDGE('',*,*,#1204,.F.);
#1936=ORIENTED_EDGE('',*,*,#1456,.T.);
#1937=ORIENTED_EDGE('',*,*,#1385,.T.);
#1938=ORIENTED_EDGE('',*,*,#1454,.F.);
#1939=ORIENTED_EDGE('',*,*,#1203,.F.);
#1940=ORIENTED_EDGE('',*,*,#1457,.T.);
#1941=ORIENTED_EDGE('',*,*,#1386,.T.);
#1942=ORIENTED_EDGE('',*,*,#1456,.F.);
#1943=ORIENTED_EDGE('',*,*,#1202,.T.);
#1944=ORIENTED_EDGE('',*,*,#1458,.T.);
#1945=ORIENTED_EDGE('',*,*,#1387,.T.);
#1946=ORIENTED_EDGE('',*,*,#1457,.F.);
#1947=ORIENTED_EDGE('',*,*,#1201,.F.);
#1948=ORIENTED_EDGE('',*,*,#1450,.T.);
#1949=ORIENTED_EDGE('',*,*,#1388,.T.);
#1950=ORIENTED_EDGE('',*,*,#1458,.F.);
#1951=ORIENTED_EDGE('',*,*,#1212,.F.);
#1952=ORIENTED_EDGE('',*,*,#1459,.T.);
#1953=ORIENTED_EDGE('',*,*,#1377,.F.);
#1954=ORIENTED_EDGE('',*,*,#1460,.F.);
#1955=ORIENTED_EDGE('',*,*,#1289,.T.);
#1956=ORIENTED_EDGE('',*,*,#1461,.T.);
#1957=ORIENTED_EDGE('',*,*,#1405,.F.);
#1958=ORIENTED_EDGE('',*,*,#1462,.F.);
#1959=ORIENTED_EDGE('',*,*,#1290,.T.);
#1960=ORIENTED_EDGE('',*,*,#1462,.T.);
#1961=ORIENTED_EDGE('',*,*,#1404,.F.);
#1962=ORIENTED_EDGE('',*,*,#1463,.F.);
#1963=ORIENTED_EDGE('',*,*,#1291,.F.);
#1964=ORIENTED_EDGE('',*,*,#1463,.T.);
#1965=ORIENTED_EDGE('',*,*,#1403,.T.);
#1966=ORIENTED_EDGE('',*,*,#1453,.F.);
#1967=ORIENTED_EDGE('',*,*,#1206,.T.);
#1968=ORIENTED_EDGE('',*,*,#1455,.T.);
#1969=ORIENTED_EDGE('',*,*,#1383,.F.);
#1970=ORIENTED_EDGE('',*,*,#1464,.F.);
#1971=ORIENTED_EDGE('',*,*,#1207,.T.);
#1972=ORIENTED_EDGE('',*,*,#1464,.T.);
#1973=ORIENTED_EDGE('',*,*,#1382,.F.);
#1974=ORIENTED_EDGE('',*,*,#1465,.F.);
#1975=ORIENTED_EDGE('',*,*,#1208,.T.);
#1976=ORIENTED_EDGE('',*,*,#1465,.T.);
#1977=ORIENTED_EDGE('',*,*,#1381,.F.);
#1978=ORIENTED_EDGE('',*,*,#1466,.F.);
#1979=ORIENTED_EDGE('',*,*,#1209,.T.);
#1980=ORIENTED_EDGE('',*,*,#1466,.T.);
#1981=ORIENTED_EDGE('',*,*,#1380,.F.);
#1982=ORIENTED_EDGE('',*,*,#1467,.F.);
#1983=ORIENTED_EDGE('',*,*,#1210,.F.);
#1984=ORIENTED_EDGE('',*,*,#1467,.T.);
#1985=ORIENTED_EDGE('',*,*,#1379,.F.);
#1986=ORIENTED_EDGE('',*,*,#1468,.F.);
#1987=ORIENTED_EDGE('',*,*,#1211,.T.);
#1988=ORIENTED_EDGE('',*,*,#1468,.T.);
#1989=ORIENTED_EDGE('',*,*,#1378,.F.);
#1990=ORIENTED_EDGE('',*,*,#1459,.F.);
#1991=ORIENTED_EDGE('',*,*,#1213,.T.);
#1992=ORIENTED_EDGE('',*,*,#1460,.T.);
#1993=ORIENTED_EDGE('',*,*,#1376,.F.);
#1994=ORIENTED_EDGE('',*,*,#1469,.F.);
#1995=ORIENTED_EDGE('',*,*,#1288,.T.);
#1996=ORIENTED_EDGE('',*,*,#1425,.T.);
#1997=ORIENTED_EDGE('',*,*,#1406,.T.);
#1998=ORIENTED_EDGE('',*,*,#1461,.F.);
#1999=ORIENTED_EDGE('',*,*,#1295,.T.);
#2000=ORIENTED_EDGE('',*,*,#1214,.T.);
#2001=ORIENTED_EDGE('',*,*,#1469,.T.);
#2002=ORIENTED_EDGE('',*,*,#1375,.F.);
#2003=ORIENTED_EDGE('',*,*,#1188,.T.);
#2004=ORIENTED_EDGE('',*,*,#1374,.T.);
#2005=ORIENTED_EDGE('',*,*,#1313,.F.);
#2006=ORIENTED_EDGE('',*,*,#1221,.F.);
#2007=ORIENTED_EDGE('',*,*,#1307,.T.);
#2008=ORIENTED_EDGE('',*,*,#1225,.F.);
#2009=ORIENTED_EDGE('',*,*,#1312,.T.);
#2010=ORIENTED_EDGE('',*,*,#1373,.F.);
#2011=ORIENTED_EDGE('',*,*,#1244,.F.);
#2012=ORIENTED_EDGE('',*,*,#1470,.T.);
#2013=ORIENTED_EDGE('',*,*,#1357,.T.);
#2014=ORIENTED_EDGE('',*,*,#1422,.F.);
#2015=ORIENTED_EDGE('',*,*,#1243,.F.);
#2016=ORIENTED_EDGE('',*,*,#1471,.T.);
#2017=ORIENTED_EDGE('',*,*,#1358,.T.);
#2018=ORIENTED_EDGE('',*,*,#1470,.F.);
#2019=ORIENTED_EDGE('',*,*,#1242,.F.);
#2020=ORIENTED_EDGE('',*,*,#1472,.T.);
#2021=ORIENTED_EDGE('',*,*,#1359,.T.);
#2022=ORIENTED_EDGE('',*,*,#1471,.F.);
#2023=ORIENTED_EDGE('',*,*,#1241,.T.);
#2024=ORIENTED_EDGE('',*,*,#1473,.T.);
#2025=ORIENTED_EDGE('',*,*,#1360,.T.);
#2026=ORIENTED_EDGE('',*,*,#1472,.F.);
#2027=ORIENTED_EDGE('',*,*,#1240,.F.);
#2028=ORIENTED_EDGE('',*,*,#1474,.T.);
#2029=ORIENTED_EDGE('',*,*,#1361,.T.);
#2030=ORIENTED_EDGE('',*,*,#1473,.F.);
#2031=ORIENTED_EDGE('',*,*,#1239,.F.);
#2032=ORIENTED_EDGE('',*,*,#1475,.T.);
#2033=ORIENTED_EDGE('',*,*,#1362,.T.);
#2034=ORIENTED_EDGE('',*,*,#1474,.F.);
#2035=ORIENTED_EDGE('',*,*,#1238,.F.);
#2036=ORIENTED_EDGE('',*,*,#1476,.T.);
#2037=ORIENTED_EDGE('',*,*,#1363,.T.);
#2038=ORIENTED_EDGE('',*,*,#1475,.F.);
#2039=ORIENTED_EDGE('',*,*,#1237,.F.);
#2040=ORIENTED_EDGE('',*,*,#1477,.T.);
#2041=ORIENTED_EDGE('',*,*,#1364,.T.);
#2042=ORIENTED_EDGE('',*,*,#1476,.F.);
#2043=ORIENTED_EDGE('',*,*,#1229,.T.);
#2044=ORIENTED_EDGE('',*,*,#1317,.T.);
#2045=ORIENTED_EDGE('',*,*,#1372,.F.);
#2046=ORIENTED_EDGE('',*,*,#1478,.F.);
#2047=ORIENTED_EDGE('',*,*,#1230,.T.);
#2048=ORIENTED_EDGE('',*,*,#1478,.T.);
#2049=ORIENTED_EDGE('',*,*,#1371,.F.);
#2050=ORIENTED_EDGE('',*,*,#1479,.F.);
#2051=ORIENTED_EDGE('',*,*,#1231,.F.);
#2052=ORIENTED_EDGE('',*,*,#1479,.T.);
#2053=ORIENTED_EDGE('',*,*,#1370,.F.);
#2054=ORIENTED_EDGE('',*,*,#1480,.F.);
#2055=ORIENTED_EDGE('',*,*,#1232,.T.);
#2056=ORIENTED_EDGE('',*,*,#1480,.T.);
#2057=ORIENTED_EDGE('',*,*,#1369,.F.);
#2058=ORIENTED_EDGE('',*,*,#1481,.F.);
#2059=ORIENTED_EDGE('',*,*,#1233,.T.);
#2060=ORIENTED_EDGE('',*,*,#1481,.T.);
#2061=ORIENTED_EDGE('',*,*,#1368,.F.);
#2062=ORIENTED_EDGE('',*,*,#1482,.F.);
#2063=ORIENTED_EDGE('',*,*,#1234,.T.);
#2064=ORIENTED_EDGE('',*,*,#1482,.T.);
#2065=ORIENTED_EDGE('',*,*,#1367,.F.);
#2066=ORIENTED_EDGE('',*,*,#1483,.F.);
#2067=ORIENTED_EDGE('',*,*,#1235,.T.);
#2068=ORIENTED_EDGE('',*,*,#1483,.T.);
#2069=ORIENTED_EDGE('',*,*,#1366,.F.);
#2070=ORIENTED_EDGE('',*,*,#1484,.F.);
#2071=ORIENTED_EDGE('',*,*,#1236,.T.);
#2072=ORIENTED_EDGE('',*,*,#1484,.T.);
#2073=ORIENTED_EDGE('',*,*,#1365,.T.);
#2074=ORIENTED_EDGE('',*,*,#1477,.F.);
#2075=ORIENTED_EDGE('',*,*,#1259,.T.);
#2076=ORIENTED_EDGE('',*,*,#1432,.T.);
#2077=ORIENTED_EDGE('',*,*,#1342,.F.);
#2078=ORIENTED_EDGE('',*,*,#1485,.F.);
#2079=ORIENTED_EDGE('',*,*,#1260,.T.);
#2080=ORIENTED_EDGE('',*,*,#1485,.T.);
#2081=ORIENTED_EDGE('',*,*,#1341,.F.);
#2082=ORIENTED_EDGE('',*,*,#1486,.F.);
#2083=ORIENTED_EDGE('',*,*,#1261,.F.);
#2084=ORIENTED_EDGE('',*,*,#1486,.T.);
#2085=ORIENTED_EDGE('',*,*,#1340,.F.);
#2086=ORIENTED_EDGE('',*,*,#1487,.F.);
#2087=ORIENTED_EDGE('',*,*,#1262,.T.);
#2088=ORIENTED_EDGE('',*,*,#1487,.T.);
#2089=ORIENTED_EDGE('',*,*,#1339,.F.);
#2090=ORIENTED_EDGE('',*,*,#1488,.F.);
#2091=ORIENTED_EDGE('',*,*,#1263,.T.);
#2092=ORIENTED_EDGE('',*,*,#1488,.T.);
#2093=ORIENTED_EDGE('',*,*,#1338,.F.);
#2094=ORIENTED_EDGE('',*,*,#1489,.F.);
#2095=ORIENTED_EDGE('',*,*,#1264,.T.);
#2096=ORIENTED_EDGE('',*,*,#1489,.T.);
#2097=ORIENTED_EDGE('',*,*,#1337,.F.);
#2098=ORIENTED_EDGE('',*,*,#1490,.F.);
#2099=ORIENTED_EDGE('',*,*,#1265,.T.);
#2100=ORIENTED_EDGE('',*,*,#1490,.T.);
#2101=ORIENTED_EDGE('',*,*,#1336,.F.);
#2102=ORIENTED_EDGE('',*,*,#1491,.F.);
#2103=ORIENTED_EDGE('',*,*,#1273,.F.);
#2104=ORIENTED_EDGE('',*,*,#1492,.T.);
#2105=ORIENTED_EDGE('',*,*,#1328,.T.);
#2106=ORIENTED_EDGE('',*,*,#1445,.F.);
#2107=ORIENTED_EDGE('',*,*,#1272,.F.);
#2108=ORIENTED_EDGE('',*,*,#1493,.T.);
#2109=ORIENTED_EDGE('',*,*,#1329,.T.);
#2110=ORIENTED_EDGE('',*,*,#1492,.F.);
#2111=ORIENTED_EDGE('',*,*,#1271,.T.);
#2112=ORIENTED_EDGE('',*,*,#1494,.T.);
#2113=ORIENTED_EDGE('',*,*,#1330,.T.);
#2114=ORIENTED_EDGE('',*,*,#1493,.F.);
#2115=ORIENTED_EDGE('',*,*,#1270,.F.);
#2116=ORIENTED_EDGE('',*,*,#1495,.T.);
#2117=ORIENTED_EDGE('',*,*,#1331,.T.);
#2118=ORIENTED_EDGE('',*,*,#1494,.F.);
#2119=ORIENTED_EDGE('',*,*,#1269,.F.);
#2120=ORIENTED_EDGE('',*,*,#1496,.T.);
#2121=ORIENTED_EDGE('',*,*,#1332,.T.);
#2122=ORIENTED_EDGE('',*,*,#1495,.F.);
#2123=ORIENTED_EDGE('',*,*,#1268,.F.);
#2124=ORIENTED_EDGE('',*,*,#1497,.T.);
#2125=ORIENTED_EDGE('',*,*,#1333,.T.);
#2126=ORIENTED_EDGE('',*,*,#1496,.F.);
#2127=ORIENTED_EDGE('',*,*,#1267,.F.);
#2128=ORIENTED_EDGE('',*,*,#1498,.T.);
#2129=ORIENTED_EDGE('',*,*,#1334,.T.);
#2130=ORIENTED_EDGE('',*,*,#1497,.F.);
#2131=ORIENTED_EDGE('',*,*,#1266,.F.);
#2132=ORIENTED_EDGE('',*,*,#1491,.T.);
#2133=ORIENTED_EDGE('',*,*,#1335,.F.);
#2134=ORIENTED_EDGE('',*,*,#1498,.F.);
#2135=CYLINDRICAL_SURFACE('',#2263,1.50000001341104);
#2136=CYLINDRICAL_SURFACE('',#2266,1.50000001341104);
#2137=CYLINDRICAL_SURFACE('',#2311,2.5);
#2138=CYLINDRICAL_SURFACE('',#2322,2.5);
#2139=CYLINDRICAL_SURFACE('',#2367,1.50000001341104);
#2140=CYLINDRICAL_SURFACE('',#2382,1.50000001341104);
#2141=ADVANCED_FACE('',(#123),#2135,.T.);
#2142=ADVANCED_FACE('',(#124),#2136,.T.);
#2143=ADVANCED_FACE('',(#125),#21,.F.);
#2144=ADVANCED_FACE('',(#126,#15,#16,#17),#22,.F.);
#2145=ADVANCED_FACE('',(#127),#23,.T.);
#2146=ADVANCED_FACE('',(#128),#24,.T.);
#2147=ADVANCED_FACE('',(#129),#25,.T.);
#2148=ADVANCED_FACE('',(#130),#26,.T.);
#2149=ADVANCED_FACE('',(#131),#27,.T.);
#2150=ADVANCED_FACE('',(#132),#28,.T.);
#2151=ADVANCED_FACE('',(#133),#29,.F.);
#2152=ADVANCED_FACE('',(#134),#30,.F.);
#2153=ADVANCED_FACE('',(#135),#31,.F.);
#2154=ADVANCED_FACE('',(#136),#32,.T.);
#2155=ADVANCED_FACE('',(#137),#33,.T.);
#2156=ADVANCED_FACE('',(#138),#34,.T.);
#2157=ADVANCED_FACE('',(#139,#18,#19,#20),#35,.T.);
#2158=ADVANCED_FACE('',(#140),#36,.T.);
#2159=ADVANCED_FACE('',(#141),#37,.T.);
#2160=ADVANCED_FACE('',(#142),#38,.T.);
#2161=ADVANCED_FACE('',(#143),#39,.T.);
#2162=ADVANCED_FACE('',(#144),#40,.T.);
#2163=ADVANCED_FACE('',(#145),#41,.T.);
#2164=ADVANCED_FACE('',(#146),#42,.T.);
#2165=ADVANCED_FACE('',(#147),#43,.T.);
#2166=ADVANCED_FACE('',(#148),#44,.F.);
#2167=ADVANCED_FACE('',(#149),#45,.F.);
#2168=ADVANCED_FACE('',(#150),#46,.F.);
#2169=ADVANCED_FACE('',(#151),#47,.F.);
#2170=ADVANCED_FACE('',(#152),#48,.F.);
#2171=ADVANCED_FACE('',(#153),#49,.F.);
#2172=ADVANCED_FACE('',(#154),#50,.F.);
#2173=ADVANCED_FACE('',(#155),#51,.F.);
#2174=ADVANCED_FACE('',(#156),#52,.F.);
#2175=ADVANCED_FACE('',(#157),#53,.F.);
#2176=ADVANCED_FACE('',(#158),#54,.T.);
#2177=ADVANCED_FACE('',(#159),#2137,.F.);
#2178=ADVANCED_FACE('',(#160),#55,.F.);
#2179=ADVANCED_FACE('',(#161),#56,.F.);
#2180=ADVANCED_FACE('',(#162),#57,.F.);
#2181=ADVANCED_FACE('',(#163),#58,.F.);
#2182=ADVANCED_FACE('',(#164),#59,.F.);
#2183=ADVANCED_FACE('',(#165),#60,.F.);
#2184=ADVANCED_FACE('',(#166),#61,.T.);
#2185=ADVANCED_FACE('',(#167),#62,.T.);
#2186=ADVANCED_FACE('',(#168),#63,.T.);
#2187=ADVANCED_FACE('',(#169),#64,.F.);
#2188=ADVANCED_FACE('',(#170),#2138,.F.);
#2189=ADVANCED_FACE('',(#171),#65,.F.);
#2190=ADVANCED_FACE('',(#172),#66,.F.);
#2191=ADVANCED_FACE('',(#173),#67,.F.);
#2192=ADVANCED_FACE('',(#174),#68,.F.);
#2193=ADVANCED_FACE('',(#175),#69,.F.);
#2194=ADVANCED_FACE('',(#176),#70,.F.);
#2195=ADVANCED_FACE('',(#177),#71,.F.);
#2196=ADVANCED_FACE('',(#178),#72,.F.);
#2197=ADVANCED_FACE('',(#179),#73,.F.);
#2198=ADVANCED_FACE('',(#180),#74,.F.);
#2199=ADVANCED_FACE('',(#181),#75,.F.);
#2200=ADVANCED_FACE('',(#182),#76,.F.);
#2201=ADVANCED_FACE('',(#183),#77,.F.);
#2202=ADVANCED_FACE('',(#184),#78,.F.);
#2203=ADVANCED_FACE('',(#185),#79,.T.);
#2204=ADVANCED_FACE('',(#186),#80,.T.);
#2205=ADVANCED_FACE('',(#187),#81,.T.);
#2206=ADVANCED_FACE('',(#188),#82,.T.);
#2207=ADVANCED_FACE('',(#189),#83,.T.);
#2208=ADVANCED_FACE('',(#190),#84,.T.);
#2209=ADVANCED_FACE('',(#191),#85,.T.);
#2210=ADVANCED_FACE('',(#192),#86,.T.);
#2211=ADVANCED_FACE('',(#193),#87,.T.);
#2212=ADVANCED_FACE('',(#194),#88,.T.);
#2213=ADVANCED_FACE('',(#195),#89,.T.);
#2214=ADVANCED_FACE('',(#196),#90,.T.);
#2215=ADVANCED_FACE('',(#197),#91,.T.);
#2216=ADVANCED_FACE('',(#198),#92,.T.);
#2217=ADVANCED_FACE('',(#199),#93,.T.);
#2218=ADVANCED_FACE('',(#200),#94,.F.);
#2219=ADVANCED_FACE('',(#201),#95,.F.);
#2220=ADVANCED_FACE('',(#202),#96,.F.);
#2221=ADVANCED_FACE('',(#203),#97,.F.);
#2222=ADVANCED_FACE('',(#204),#98,.F.);
#2223=ADVANCED_FACE('',(#205),#99,.F.);
#2224=ADVANCED_FACE('',(#206),#100,.F.);
#2225=ADVANCED_FACE('',(#207),#101,.F.);
#2226=ADVANCED_FACE('',(#208),#102,.T.);
#2227=ADVANCED_FACE('',(#209),#103,.T.);
#2228=ADVANCED_FACE('',(#210),#104,.T.);
#2229=ADVANCED_FACE('',(#211),#105,.T.);
#2230=ADVANCED_FACE('',(#212),#106,.T.);
#2231=ADVANCED_FACE('',(#213),#107,.T.);
#2232=ADVANCED_FACE('',(#214),#108,.T.);
#2233=ADVANCED_FACE('',(#215),#2139,.T.);
#2234=ADVANCED_FACE('',(#216),#109,.T.);
#2235=ADVANCED_FACE('',(#217),#110,.T.);
#2236=ADVANCED_FACE('',(#218),#111,.T.);
#2237=ADVANCED_FACE('',(#219),#112,.T.);
#2238=ADVANCED_FACE('',(#220),#113,.T.);
#2239=ADVANCED_FACE('',(#221),#114,.T.);
#2240=ADVANCED_FACE('',(#222),#115,.T.);
#2241=ADVANCED_FACE('',(#223),#116,.F.);
#2242=ADVANCED_FACE('',(#224),#117,.F.);
#2243=ADVANCED_FACE('',(#225),#118,.F.);
#2244=ADVANCED_FACE('',(#226),#119,.F.);
#2245=ADVANCED_FACE('',(#227),#120,.F.);
#2246=ADVANCED_FACE('',(#228),#121,.F.);
#2247=ADVANCED_FACE('',(#229),#122,.F.);
#2248=ADVANCED_FACE('',(#230),#2140,.T.);
#2249=CLOSED_SHELL('',(#2141,#2142,#2143,#2144,#2145,#2146,#2147,#2148,
#2149,#2150,#2151,#2152,#2153,#2154,#2155,#2156,#2157,#2158,#2159,#2160,
#2161,#2162,#2163,#2164,#2165,#2166,#2167,#2168,#2169,#2170,#2171,#2172,
#2173,#2174,#2175,#2176,#2177,#2178,#2179,#2180,#2181,#2182,#2183,#2184,
#2185,#2186,#2187,#2188,#2189,#2190,#2191,#2192,#2193,#2194,#2195,#2196,
#2197,#2198,#2199,#2200,#2201,#2202,#2203,#2204,#2205,#2206,#2207,#2208,
#2209,#2210,#2211,#2212,#2213,#2214,#2215,#2216,#2217,#2218,#2219,#2220,
#2221,#2222,#2223,#2224,#2225,#2226,#2227,#2228,#2229,#2230,#2231,#2232,
#2233,#2234,#2235,#2236,#2237,#2238,#2239,#2240,#2241,#2242,#2243,#2244,
#2245,#2246,#2247,#2248));
#2250=DERIVED_UNIT_ELEMENT(#2252,1.);
#2251=DERIVED_UNIT_ELEMENT(#3575,-3.);
#2252=(
MASS_UNIT()
NAMED_UNIT(*)
SI_UNIT(.KILO.,.GRAM.)
);
#2253=DERIVED_UNIT((#2250,#2251));
#2254=MEASURE_REPRESENTATION_ITEM('density measure',
POSITIVE_RATIO_MEASURE(1060.),#2253);
#2255=PROPERTY_DEFINITION_REPRESENTATION(#2260,#2257);
#2256=PROPERTY_DEFINITION_REPRESENTATION(#2261,#2258);
#2257=REPRESENTATION('material name',(#2259),#3572);
#2258=REPRESENTATION('density',(#2254),#3572);
#2259=DESCRIPTIVE_REPRESENTATION_ITEM('ABS Plastic','ABS Plastic');
#2260=PROPERTY_DEFINITION('material property','material name',#3582);
#2261=PROPERTY_DEFINITION('material property','density of part',#3582);
#2262=AXIS2_PLACEMENT_3D('',#2931,#2383,#2384);
#2263=AXIS2_PLACEMENT_3D('',#2932,#2385,#2386);
#2264=AXIS2_PLACEMENT_3D('',#2935,#2387,#2388);
#2265=AXIS2_PLACEMENT_3D('',#2939,#2390,#2391);
#2266=AXIS2_PLACEMENT_3D('',#2941,#2393,#2394);
#2267=AXIS2_PLACEMENT_3D('',#2944,#2395,#2396);
#2268=AXIS2_PLACEMENT_3D('',#2948,#2398,#2399);
#2269=AXIS2_PLACEMENT_3D('',#2950,#2401,#2402);
#2270=AXIS2_PLACEMENT_3D('',#2956,#2406,#2407);
#2271=AXIS2_PLACEMENT_3D('',#3045,#2452,#2453);
#2272=AXIS2_PLACEMENT_3D('',#3105,#2483,#2484);
#2273=AXIS2_PLACEMENT_3D('',#3134,#2499,#2500);
#2274=AXIS2_PLACEMENT_3D('',#3160,#2513,#2514);
#2275=AXIS2_PLACEMENT_3D('',#3161,#2515,#2516);
#2276=AXIS2_PLACEMENT_3D('',#3167,#2520,#2521);
#2277=AXIS2_PLACEMENT_3D('',#3171,#2524,#2525);
#2278=AXIS2_PLACEMENT_3D('',#3175,#2528,#2529);
#2279=AXIS2_PLACEMENT_3D('',#3179,#2532,#2533);
#2280=AXIS2_PLACEMENT_3D('',#3183,#2536,#2537);
#2281=AXIS2_PLACEMENT_3D('',#3185,#2539,#2540);
#2282=AXIS2_PLACEMENT_3D('',#3191,#2544,#2545);
#2283=AXIS2_PLACEMENT_3D('',#3197,#2549,#2550);
#2284=AXIS2_PLACEMENT_3D('',#3203,#2554,#2555);
#2285=AXIS2_PLACEMENT_3D('',#3209,#2559,#2560);
#2286=AXIS2_PLACEMENT_3D('',#3211,#2562,#2563);
#2287=AXIS2_PLACEMENT_3D('',#3213,#2565,#2566);
#2288=AXIS2_PLACEMENT_3D('',#3243,#2581,#2582);
#2289=AXIS2_PLACEMENT_3D('',#3303,#2612,#2613);
#2290=AXIS2_PLACEMENT_3D('',#3365,#2646,#2647);
#2291=AXIS2_PLACEMENT_3D('',#3367,#2648,#2649);
#2292=AXIS2_PLACEMENT_3D('',#3392,#2662,#2663);
#2293=AXIS2_PLACEMENT_3D('',#3395,#2666,#2667);
#2294=AXIS2_PLACEMENT_3D('',#3398,#2670,#2671);
#2295=AXIS2_PLACEMENT_3D('',#3400,#2673,#2674);
#2296=AXIS2_PLACEMENT_3D('',#3403,#2677,#2678);
#2297=AXIS2_PLACEMENT_3D('',#3405,#2680,#2681);
#2298=AXIS2_PLACEMENT_3D('',#3407,#2683,#2684);
#2299=AXIS2_PLACEMENT_3D('',#3409,#2686,#2687);
#2300=AXIS2_PLACEMENT_3D('',#3410,#2688,#2689);
#2301=AXIS2_PLACEMENT_3D('',#3413,#2692,#2693);
#2302=AXIS2_PLACEMENT_3D('',#3416,#2696,#2697);
#2303=AXIS2_PLACEMENT_3D('',#3418,#2699,#2700);
#2304=AXIS2_PLACEMENT_3D('',#3419,#2701,#2702);
#2305=AXIS2_PLACEMENT_3D('',#3421,#2704,#2705);
#2306=AXIS2_PLACEMENT_3D('',#3423,#2707,#2708);
#2307=AXIS2_PLACEMENT_3D('',#3425,#2710,#2711);
#2308=AXIS2_PLACEMENT_3D('',#3427,#2713,#2714);
#2309=AXIS2_PLACEMENT_3D('',#3429,#2716,#2717);
#2310=AXIS2_PLACEMENT_3D('',#3430,#2718,#2719);
#2311=AXIS2_PLACEMENT_3D('',#3432,#2721,#2722);
#2312=AXIS2_PLACEMENT_3D('',#3434,#2724,#2725);
#2313=AXIS2_PLACEMENT_3D('',#3436,#2727,#2728);
#2314=AXIS2_PLACEMENT_3D('',#3439,#2731,#2732);
#2315=AXIS2_PLACEMENT_3D('',#3441,#2734,#2735);
#2316=AXIS2_PLACEMENT_3D('',#3443,#2737,#2738);
#2317=AXIS2_PLACEMENT_3D('',#3445,#2740,#2741);
#2318=AXIS2_PLACEMENT_3D('',#3446,#2742,#2743);
#2319=AXIS2_PLACEMENT_3D('',#3449,#2746,#2747);
#2320=AXIS2_PLACEMENT_3D('',#3452,#2750,#2751);
#2321=AXIS2_PLACEMENT_3D('',#3454,#2753,#2754);
#2322=AXIS2_PLACEMENT_3D('',#3457,#2757,#2758);
#2323=AXIS2_PLACEMENT_3D('',#3459,#2760,#2761);
#2324=AXIS2_PLACEMENT_3D('',#3460,#2762,#2763);
#2325=AXIS2_PLACEMENT_3D('',#3463,#2766,#2767);
#2326=AXIS2_PLACEMENT_3D('',#3464,#2768,#2769);
#2327=AXIS2_PLACEMENT_3D('',#3465,#2770,#2771);
#2328=AXIS2_PLACEMENT_3D('',#3466,#2772,#2773);
#2329=AXIS2_PLACEMENT_3D('',#3468,#2775,#2776);
#2330=AXIS2_PLACEMENT_3D('',#3470,#2778,#2779);
#2331=AXIS2_PLACEMENT_3D('',#3472,#2781,#2782);
#2332=AXIS2_PLACEMENT_3D('',#3474,#2784,#2785);
#2333=AXIS2_PLACEMENT_3D('',#3477,#2788,#2789);
#2334=AXIS2_PLACEMENT_3D('',#3479,#2791,#2792);
#2335=AXIS2_PLACEMENT_3D('',#3481,#2794,#2795);
#2336=AXIS2_PLACEMENT_3D('',#3483,#2797,#2798);
#2337=AXIS2_PLACEMENT_3D('',#3484,#2799,#2800);
#2338=AXIS2_PLACEMENT_3D('',#3487,#2803,#2804);
#2339=AXIS2_PLACEMENT_3D('',#3490,#2807,#2808);
#2340=AXIS2_PLACEMENT_3D('',#3492,#2810,#2811);
#2341=AXIS2_PLACEMENT_3D('',#3493,#2812,#2813);
#2342=AXIS2_PLACEMENT_3D('',#3495,#2815,#2816);
#2343=AXIS2_PLACEMENT_3D('',#3497,#2818,#2819);
#2344=AXIS2_PLACEMENT_3D('',#3499,#2821,#2822);
#2345=AXIS2_PLACEMENT_3D('',#3501,#2824,#2825);
#2346=AXIS2_PLACEMENT_3D('',#3503,#2827,#2828);
#2347=AXIS2_PLACEMENT_3D('',#3504,#2829,#2830);
#2348=AXIS2_PLACEMENT_3D('',#3506,#2832,#2833);
#2349=AXIS2_PLACEMENT_3D('',#3507,#2834,#2835);
#2350=AXIS2_PLACEMENT_3D('',#3508,#2836,#2837);
#2351=AXIS2_PLACEMENT_3D('',#3509,#2838,#2839);
#2352=AXIS2_PLACEMENT_3D('',#3510,#2840,#2841);
#2353=AXIS2_PLACEMENT_3D('',#3512,#2843,#2844);
#2354=AXIS2_PLACEMENT_3D('',#3514,#2846,#2847);
#2355=AXIS2_PLACEMENT_3D('',#3516,#2849,#2850);
#2356=AXIS2_PLACEMENT_3D('',#3518,#2852,#2853);
#2357=AXIS2_PLACEMENT_3D('',#3520,#2855,#2856);
#2358=AXIS2_PLACEMENT_3D('',#3522,#2858,#2859);
#2359=AXIS2_PLACEMENT_3D('',#3524,#2861,#2862);
#2360=AXIS2_PLACEMENT_3D('',#3526,#2864,#2865);
#2361=AXIS2_PLACEMENT_3D('',#3528,#2867,#2868);
#2362=AXIS2_PLACEMENT_3D('',#3530,#2870,#2871);
#2363=AXIS2_PLACEMENT_3D('',#3532,#2873,#2874);
#2364=AXIS2_PLACEMENT_3D('',#3534,#2876,#2877);
#2365=AXIS2_PLACEMENT_3D('',#3536,#2879,#2880);
#2366=AXIS2_PLACEMENT_3D('',#3538,#2882,#2883);
#2367=AXIS2_PLACEMENT_3D('',#3540,#2885,#2886);
#2368=AXIS2_PLACEMENT_3D('',#3541,#2887,#2888);
#2369=AXIS2_PLACEMENT_3D('',#3543,#2890,#2891);
#2370=AXIS2_PLACEMENT_3D('',#3545,#2893,#2894);
#2371=AXIS2_PLACEMENT_3D('',#3547,#2896,#2897);
#2372=AXIS2_PLACEMENT_3D('',#3549,#2899,#2900);
#2373=AXIS2_PLACEMENT_3D('',#3551,#2902,#2903);
#2374=AXIS2_PLACEMENT_3D('',#3553,#2905,#2906);
#2375=AXIS2_PLACEMENT_3D('',#3555,#2908,#2909);
#2376=AXIS2_PLACEMENT_3D('',#3557,#2911,#2912);
#2377=AXIS2_PLACEMENT_3D('',#3559,#2914,#2915);
#2378=AXIS2_PLACEMENT_3D('',#3561,#2917,#2918);
#2379=AXIS2_PLACEMENT_3D('',#3563,#2920,#2921);
#2380=AXIS2_PLACEMENT_3D('',#3565,#2923,#2924);
#2381=AXIS2_PLACEMENT_3D('',#3567,#2926,#2927);
#2382=AXIS2_PLACEMENT_3D('',#3569,#2929,#2930);
#2383=DIRECTION('axis',(0.,0.,1.));
#2384=DIRECTION('refdir',(1.,0.,0.));
#2385=DIRECTION('center_axis',(0.,0.,1.));
#2386=DIRECTION('ref_axis',(1.,0.,0.));
#2387=DIRECTION('center_axis',(0.,0.,1.));
#2388=DIRECTION('ref_axis',(1.,0.,0.));
#2389=DIRECTION('',(0.,0.,1.));
#2390=DIRECTION('center_axis',(0.,0.,-1.));
#2391=DIRECTION('ref_axis',(1.,0.,0.));
#2392=DIRECTION('',(0.,0.,1.));
#2393=DIRECTION('center_axis',(0.,0.,1.));
#2394=DIRECTION('ref_axis',(0.,-1.,0.));
#2395=DIRECTION('center_axis',(0.,0.,1.));
#2396=DIRECTION('ref_axis',(0.,-1.,0.));
#2397=DIRECTION('',(0.,0.,1.));
#2398=DIRECTION('center_axis',(0.,0.,-1.));
#2399=DIRECTION('ref_axis',(0.,-1.,0.));
#2400=DIRECTION('',(0.,0.,1.));
#2401=DIRECTION('center_axis',(-6.72653004445131E-17,-1.,0.));
#2402=DIRECTION('ref_axis',(1.,-6.72653004445131E-17,0.));
#2403=DIRECTION('',(1.,-6.72653004445131E-17,0.));
#2404=DIRECTION('',(0.,0.,1.));
#2405=DIRECTION('',(1.,-6.72653004445131E-17,0.));
#2406=DIRECTION('center_axis',(0.,0.,1.));
#2407=DIRECTION('ref_axis',(1.,0.,0.));
#2408=DIRECTION('',(0.,1.,0.));
#2409=DIRECTION('',(-1.,2.22044604925031E-16,0.));
#2410=DIRECTION('',(2.22044604925031E-16,-1.,0.));
#2411=DIRECTION('',(-1.,-3.79247061105685E-12,0.));
#2412=DIRECTION('',(2.22044604925031E-16,-1.,0.));
#2413=DIRECTION('',(-1.,2.22044604925031E-16,0.));
#2414=DIRECTION('',(-0.707106781186546,-0.707106781186549,0.));
#2415=DIRECTION('',(6.10982509233247E-15,-1.,0.));
#2416=DIRECTION('',(-0.707106781186542,0.707106781186553,0.));
#2417=DIRECTION('',(1.,-2.22044604925031E-16,0.));
#2418=DIRECTION('',(9.25185853854323E-18,-1.,0.));
#2419=DIRECTION('',(1.,-2.22044604925031E-16,0.));
#2420=DIRECTION('',(3.33066907387544E-16,-1.,0.));
#2421=DIRECTION('',(1.,-2.22044604925031E-16,0.));
#2422=DIRECTION('',(1.54779304480518E-16,1.,0.));
#2423=DIRECTION('',(1.,-2.22044604925031E-16,0.));
#2424=DIRECTION('',(7.77156117237607E-16,1.,0.));
#2425=DIRECTION('',(1.,-2.22044604925031E-16,0.));
#2426=DIRECTION('',(4.53341068388606E-16,1.,0.));
#2427=DIRECTION('',(1.,-2.22044604925031E-16,0.));
#2428=DIRECTION('',(-0.707106781186542,-0.707106781186553,0.));
#2429=DIRECTION('',(0.,1.,0.));
#2430=DIRECTION('',(-0.707106781186546,0.707106781186549,0.));
#2431=DIRECTION('',(-1.,-2.22044604925031E-16,0.));
#2432=DIRECTION('',(2.22044604925031E-16,1.,0.));
#2433=DIRECTION('',(-1.,3.79247061105685E-12,0.));
#2434=DIRECTION('',(2.22044604925031E-16,1.,0.));
#2435=DIRECTION('',(-1.,-2.22044604925031E-16,0.));
#2436=DIRECTION('',(0.,1.,0.));
#2437=DIRECTION('',(-1.,2.83367115802928E-18,0.));
#2438=DIRECTION('',(0.,1.,0.));
#2439=DIRECTION('',(-1.,0.,0.));
#2440=DIRECTION('',(-3.79269265566178E-12,1.,0.));
#2441=DIRECTION('',(1.,-2.31296463463574E-16,0.));
#2442=DIRECTION('',(0.,1.,0.));
#2443=DIRECTION('',(-0.707106781186553,0.707106781186542,0.));
#2444=DIRECTION('',(1.,0.,0.));
#2445=DIRECTION('',(0.707106781186537,0.707106781186558,0.));
#2446=DIRECTION('',(0.,1.,0.));
#2447=DIRECTION('',(1.,0.,0.));
#2448=DIRECTION('',(3.79269265566178E-12,1.,0.));
#2449=DIRECTION('',(1.,0.,0.));
#2450=DIRECTION('',(0.,1.,0.));
#2451=DIRECTION('',(1.,2.83367115802928E-18,0.));
#2452=DIRECTION('center_axis',(0.,0.,1.));
#2453=DIRECTION('ref_axis',(-0.707106781186548,-0.707106781186548,0.));
#2454=DIRECTION('',(-2.19210933767002E-16,1.,0.));
#2455=DIRECTION('',(1.,-2.22044604925031E-16,0.));
#2456=DIRECTION('',(-2.22044604925031E-16,1.,0.));
#2457=DIRECTION('',(1.,3.79247061105685E-12,0.));
#2458=DIRECTION('',(-2.22044604925031E-16,1.,0.));
#2459=DIRECTION('',(1.,-2.22044604925031E-16,0.));
#2460=DIRECTION('',(0.707106781186558,0.707106781186537,0.));
#2461=DIRECTION('',(-6.55391430218253E-15,1.,0.));
#2462=DIRECTION('',(0.707106781186542,-0.707106781186553,0.));
#2463=DIRECTION('',(-1.,-2.22044604925031E-16,0.));
#2464=DIRECTION('',(-4.53341068388606E-16,1.,0.));
#2465=DIRECTION('',(-1.,-2.22044604925031E-16,0.));
#2466=DIRECTION('',(-7.77156117237607E-16,1.,0.));
#2467=DIRECTION('',(-1.,-2.22044604925031E-16,0.));
#2468=DIRECTION('',(-1.54779304480518E-16,1.,0.));
#2469=DIRECTION('',(-1.,-2.22044604925031E-16,0.));
#2470=DIRECTION('',(-3.33066907387544E-16,-1.,0.));
#2471=DIRECTION('',(-1.,-2.22044604925031E-16,0.));
#2472=DIRECTION('',(-9.25185853854323E-18,-1.,0.));
#2473=DIRECTION('',(-1.,-2.22044604925031E-16,0.));
#2474=DIRECTION('',(0.707106781186542,0.707106781186553,0.));
#2475=DIRECTION('',(-2.22044604925031E-16,-1.,0.));
#2476=DIRECTION('',(0.707106781186558,-0.707106781186537,0.));
#2477=DIRECTION('',(1.,2.22044604925031E-16,0.));
#2478=DIRECTION('',(-2.22044604925031E-16,-1.,0.));
#2479=DIRECTION('',(1.,-3.79247061105685E-12,0.));
#2480=DIRECTION('',(-2.22044604925031E-16,-1.,0.));
#2481=DIRECTION('',(1.,2.22044604925031E-16,0.));
#2482=DIRECTION('',(-2.19210933767002E-16,-1.,0.));
#2483=DIRECTION('center_axis',(0.,0.,-1.));
#2484=DIRECTION('ref_axis',(-0.707106781186548,0.707106781186548,0.));
#2485=DIRECTION('',(1.,-2.83367115802928E-18,0.));
#2486=DIRECTION('',(0.,-1.,0.));
#2487=DIRECTION('',(1.,0.,0.));
#2488=DIRECTION('',(3.79269265566178E-12,-1.,0.));
#2489=DIRECTION('',(1.,0.,0.));
#2490=DIRECTION('',(0.,-1.,0.));
#2491=DIRECTION('',(0.707106781186537,-0.707106781186558,0.));
#2492=DIRECTION('',(1.,0.,0.));
#2493=DIRECTION('',(-0.707106781186553,-0.707106781186542,0.));
#2494=DIRECTION('',(0.,-1.,0.));
#2495=DIRECTION('',(-1.,0.,0.));
#2496=DIRECTION('',(-3.79269265566178E-12,-1.,0.));
#2497=DIRECTION('',(1.,5.55111512312575E-16,0.));
#2498=DIRECTION('',(0.,-1.,0.));
#2499=DIRECTION('center_axis',(0.,0.,-1.));
#2500=DIRECTION('ref_axis',(-0.707106781186547,0.707106781186547,0.));
#2501=DIRECTION('',(1.,2.22044604925031E-16,0.));
#2502=DIRECTION('',(0.707106781186549,0.707106781186546,0.));
#2503=DIRECTION('',(1.,2.22044604925031E-16,0.));
#2504=DIRECTION('',(2.1163626406917E-16,1.,0.));
#2505=DIRECTION('',(1.,2.22044604925031E-16,0.));
#2506=DIRECTION('',(0.707106781186549,-0.707106781186546,0.));
#2507=DIRECTION('',(-1.,2.22044604925031E-16,0.));
#2508=DIRECTION('',(-0.707106781186549,-0.707106781186546,0.));
#2509=DIRECTION('',(-1.,2.22044604925031E-16,0.));
#2510=DIRECTION('',(-2.1163626406917E-16,1.,0.));
#2511=DIRECTION('',(-1.,2.22044604925031E-16,0.));
#2512=DIRECTION('',(-0.707106781186549,0.707106781186546,0.));
#2513=DIRECTION('center_axis',(0.,0.,1.));
#2514=DIRECTION('ref_axis',(0.707106781186547,-0.707106781186548,0.));
#2515=DIRECTION('center_axis',(2.22044604925031E-16,1.,0.));
#2516=DIRECTION('ref_axis',(-1.,-2.22044604925031E-16,0.));
#2517=DIRECTION('',(0.,0.,-1.));
#2518=DIRECTION('',(-1.,-2.22044604925031E-16,0.));
#2519=DIRECTION('',(0.,0.,1.));
#2520=DIRECTION('center_axis',(-1.,-2.22044604925031E-16,0.));
#2521=DIRECTION('ref_axis',(-2.22044604925031E-16,-1.,0.));
#2522=DIRECTION('',(-2.22044604925031E-16,-1.,0.));
#2523=DIRECTION('',(0.,0.,1.));
#2524=DIRECTION('center_axis',(3.7929147002667E-12,1.,0.));
#2525=DIRECTION('ref_axis',(-1.,3.79247061105685E-12,0.));
#2526=DIRECTION('',(-1.,3.79247061105685E-12,0.));
#2527=DIRECTION('',(0.,0.,1.));
#2528=DIRECTION('center_axis',(1.,2.22044604925031E-16,0.));
#2529=DIRECTION('ref_axis',(2.22044604925031E-16,1.,0.));
#2530=DIRECTION('',(2.22044604925031E-16,1.,0.));
#2531=DIRECTION('',(0.,0.,1.));
#2532=DIRECTION('center_axis',(2.22044604925031E-16,1.,0.));
#2533=DIRECTION('ref_axis',(-1.,-2.22044604925031E-16,0.));
#2534=DIRECTION('',(-1.,-2.22044604925031E-16,0.));
#2535=DIRECTION('',(0.,0.,1.));
#2536=DIRECTION('center_axis',(1.,2.24878276083061E-16,0.));
#2537=DIRECTION('ref_axis',(2.19210933767002E-16,1.,0.));
#2538=DIRECTION('',(0.,-1.,0.));
#2539=DIRECTION('center_axis',(1.,0.,0.));
#2540=DIRECTION('ref_axis',(0.,1.,0.));
#2541=DIRECTION('',(0.,0.,-1.));
#2542=DIRECTION('',(0.,1.,0.));
#2543=DIRECTION('',(0.,0.,1.));
#2544=DIRECTION('center_axis',(1.,3.79269265566178E-12,0.));
#2545=DIRECTION('ref_axis',(-3.79269265566178E-12,1.,0.));
#2546=DIRECTION('',(0.,0.,1.));
#2547=DIRECTION('',(-3.79269265566178E-12,1.,0.));
#2548=DIRECTION('',(0.,0.,1.));
#2549=DIRECTION('center_axis',(1.,0.,0.));
#2550=DIRECTION('ref_axis',(0.,1.,0.));
#2551=DIRECTION('',(0.,0.,1.));
#2552=DIRECTION('',(0.,1.,0.));
#2553=DIRECTION('',(0.,0.,1.));
#2554=DIRECTION('center_axis',(0.,-1.,0.));
#2555=DIRECTION('ref_axis',(1.,0.,0.));
#2556=DIRECTION('',(1.,0.,0.));
#2557=DIRECTION('',(0.,0.,1.));
#2558=DIRECTION('',(0.,0.,1.));
#2559=DIRECTION('center_axis',(-0.707106781186542,-0.707106781186553,0.));
#2560=DIRECTION('ref_axis',(0.707106781186553,-0.707106781186542,0.));
#2561=DIRECTION('',(0.707106781186553,-0.707106781186542,0.));
#2562=DIRECTION('center_axis',(-5.55111512312575E-16,-1.,0.));
#2563=DIRECTION('ref_axis',(1.,-5.55111512312575E-16,0.));
#2564=DIRECTION('',(-1.,0.,0.));
#2565=DIRECTION('center_axis',(0.,0.,1.));
#2566=DIRECTION('ref_axis',(1.,0.,0.));
#2567=DIRECTION('',(0.,-1.,0.));
#2568=DIRECTION('',(-1.,0.,0.));
#2569=DIRECTION('',(-3.79269265566178E-12,-1.,0.));
#2570=DIRECTION('',(-1.,-2.31296463463574E-16,0.));
#2571=DIRECTION('',(0.,-1.,0.));
#2572=DIRECTION('',(0.707106781186553,0.707106781186542,0.));
#2573=DIRECTION('',(1.,0.,0.));
#2574=DIRECTION('',(0.707106781186537,-0.707106781186558,0.));
#2575=DIRECTION('',(0.,-1.,0.));
#2576=DIRECTION('',(-1.,0.,0.));
#2577=DIRECTION('',(3.79269265566178E-12,-1.,0.));
#2578=DIRECTION('',(1.,0.,0.));
#2579=DIRECTION('',(0.,-1.,0.));
#2580=DIRECTION('',(1.,-2.83367115802928E-18,0.));
#2581=DIRECTION('center_axis',(0.,0.,1.));
#2582=DIRECTION('ref_axis',(-0.707106781186548,0.707106781186548,0.));
#2583=DIRECTION('',(-2.19210933767002E-16,-1.,0.));
#2584=DIRECTION('',(1.,2.22044604925031E-16,0.));
#2585=DIRECTION('',(-2.22044604925031E-16,-1.,0.));
#2586=DIRECTION('',(1.,-3.79247061105685E-12,0.));
#2587=DIRECTION('',(2.22044604925031E-16,1.,0.));
#2588=DIRECTION('',(1.,2.22044604925031E-16,0.));
#2589=DIRECTION('',(0.707106781186558,-0.707106781186537,0.));
#2590=DIRECTION('',(-6.10982509233247E-15,-1.,0.));
#2591=DIRECTION('',(-0.707106781186542,-0.707106781186553,0.));
#2592=DIRECTION('',(-1.,-2.22044604925031E-16,0.));
#2593=DIRECTION('',(9.25185853854323E-18,1.,0.));
#2594=DIRECTION('',(-1.,-2.22044604925031E-16,0.));
#2595=DIRECTION('',(-3.33066907387544E-16,-1.,0.));
#2596=DIRECTION('',(-1.,-2.22044604925031E-16,0.));
#2597=DIRECTION('',(-1.54779304480518E-16,1.,0.));
#2598=DIRECTION('',(-1.,-2.22044604925031E-16,0.));
#2599=DIRECTION('',(-7.77156117237607E-16,1.,0.));
#2600=DIRECTION('',(-1.,-2.22044604925031E-16,0.));
#2601=DIRECTION('',(4.53341068388606E-16,-1.,0.));
#2602=DIRECTION('',(-1.,-2.22044604925031E-16,0.));
#2603=DIRECTION('',(-0.707106781186542,0.707106781186553,0.));
#2604=DIRECTION('',(-2.22044604925031E-16,1.,0.));
#2605=DIRECTION('',(0.707106781186558,0.707106781186537,0.));
#2606=DIRECTION('',(1.,-2.22044604925031E-16,0.));
#2607=DIRECTION('',(2.22044604925031E-16,-1.,0.));
#2608=DIRECTION('',(1.,3.79247061105685E-12,0.));
#2609=DIRECTION('',(-2.22044604925031E-16,1.,0.));
#2610=DIRECTION('',(1.,-2.22044604925031E-16,0.));
#2611=DIRECTION('',(-2.19210933767002E-16,1.,0.));
#2612=DIRECTION('center_axis',(0.,0.,-1.));
#2613=DIRECTION('ref_axis',(-0.707106781186548,-0.707106781186548,0.));
#2614=DIRECTION('',(1.,2.83367115802928E-18,0.));
#2615=DIRECTION('',(0.,1.,0.));
#2616=DIRECTION('',(1.,0.,0.));
#2617=DIRECTION('',(3.79269265566178E-12,1.,0.));
#2618=DIRECTION('',(-1.,0.,0.));
#2619=DIRECTION('',(0.,1.,0.));
#2620=DIRECTION('',(0.707106781186537,0.707106781186558,0.));
#2621=DIRECTION('',(-1.,2.31296463463574E-16,0.));
#2622=DIRECTION('',(-1.,2.83367115802928E-18,0.));
#2623=DIRECTION('',(-0.707106781186546,0.707106781186549,0.));
#2624=DIRECTION('',(0.,1.,0.));
#2625=DIRECTION('',(0.707106781186542,0.707106781186553,0.));
#2626=DIRECTION('',(1.,-2.22044604925031E-16,0.));
#2627=DIRECTION('',(-4.53341068388606E-16,-1.,0.));
#2628=DIRECTION('',(1.,-2.22044604925031E-16,0.));
#2629=DIRECTION('',(7.77156117237607E-16,1.,0.));
#2630=DIRECTION('',(1.,-2.22044604925031E-16,0.));
#2631=DIRECTION('',(1.54779304480518E-16,1.,0.));
#2632=DIRECTION('',(1.,-2.22044604925031E-16,0.));
#2633=DIRECTION('',(3.33066907387544E-16,-1.,0.));
#2634=DIRECTION('',(1.,-2.22044604925031E-16,0.));
#2635=DIRECTION('',(-9.25185853854323E-18,1.,0.));
#2636=DIRECTION('',(1.,-2.22044604925031E-16,0.));
#2637=DIRECTION('',(0.707106781186542,-0.707106781186553,0.));
#2638=DIRECTION('',(0.,-1.,0.));
#2639=DIRECTION('',(-0.707106781186546,-0.707106781186549,0.));
#2640=DIRECTION('',(-1.,2.22044604925031E-16,0.));
#2641=DIRECTION('',(-2.22044604925031E-16,1.,0.));
#2642=DIRECTION('',(-1.,-3.79247061105685E-12,0.));
#2643=DIRECTION('',(2.22044604925031E-16,-1.,0.));
#2644=DIRECTION('',(-1.,2.22044604925031E-16,0.));
#2645=DIRECTION('',(0.,-1.,0.));
#2646=DIRECTION('center_axis',(0.,0.,-1.));
#2647=DIRECTION('ref_axis',(0.707106781186547,-0.707106781186548,0.));
#2648=DIRECTION('center_axis',(0.,0.,1.));
#2649=DIRECTION('ref_axis',(-0.707106781186547,0.707106781186547,0.));
#2650=DIRECTION('',(-1.,2.22044604925031E-16,0.));
#2651=DIRECTION('',(-0.707106781186549,0.707106781186546,0.));
#2652=DIRECTION('',(-1.,2.22044604925031E-16,0.));
#2653=DIRECTION('',(-2.1163626406917E-16,1.,0.));
#2654=DIRECTION('',(-1.,2.22044604925031E-16,0.));
#2655=DIRECTION('',(-0.707106781186549,-0.707106781186546,0.));
#2656=DIRECTION('',(1.,2.22044604925031E-16,0.));
#2657=DIRECTION('',(0.707106781186549,-0.707106781186546,0.));
#2658=DIRECTION('',(1.,2.22044604925031E-16,0.));
#2659=DIRECTION('',(2.1163626406917E-16,1.,0.));
#2660=DIRECTION('',(1.,2.22044604925031E-16,0.));
#2661=DIRECTION('',(0.707106781186549,0.707106781186546,0.));
#2662=DIRECTION('center_axis',(-0.707106781186553,0.707106781186542,0.));
#2663=DIRECTION('ref_axis',(-0.707106781186542,-0.707106781186553,0.));
#2664=DIRECTION('',(0.,0.,1.));
#2665=DIRECTION('',(0.,0.,1.));
#2666=DIRECTION('center_axis',(0.707106781186546,-0.707106781186549,0.));
#2667=DIRECTION('ref_axis',(0.707106781186549,0.707106781186546,0.));
#2668=DIRECTION('',(0.,0.,1.));
#2669=DIRECTION('',(0.,0.,1.));
#2670=DIRECTION('center_axis',(2.22044604925031E-16,-1.,0.));
#2671=DIRECTION('ref_axis',(1.,2.22044604925031E-16,0.));
#2672=DIRECTION('',(0.,0.,1.));
#2673=DIRECTION('center_axis',(-2.22044604925031E-16,1.,0.));
#2674=DIRECTION('ref_axis',(-1.,-2.22044604925031E-16,0.));
#2675=DIRECTION('',(0.,0.,1.));
#2676=DIRECTION('',(0.,0.,1.));
#2677=DIRECTION('center_axis',(-1.,3.33066907387544E-16,0.));
#2678=DIRECTION('ref_axis',(-3.33066907387544E-16,-1.,0.));
#2679=DIRECTION('',(0.,0.,1.));
#2680=DIRECTION('center_axis',(-2.22044604925031E-16,1.,0.));
#2681=DIRECTION('ref_axis',(-1.,-2.22044604925031E-16,0.));
#2682=DIRECTION('',(0.,0.,1.));
#2683=DIRECTION('center_axis',(1.,-9.25185853854323E-18,0.));
#2684=DIRECTION('ref_axis',(9.25185853854323E-18,1.,0.));
#2685=DIRECTION('',(0.,0.,1.));
#2686=DIRECTION('center_axis',(-2.22044604925031E-16,1.,0.));
#2687=DIRECTION('ref_axis',(-1.,-2.22044604925031E-16,0.));
#2688=DIRECTION('center_axis',(0.707106781186553,0.707106781186542,0.));
#2689=DIRECTION('ref_axis',(-0.707106781186542,0.707106781186553,0.));
#2690=DIRECTION('',(0.,0.,1.));
#2691=DIRECTION('',(0.,0.,1.));
#2692=DIRECTION('center_axis',(-0.707106781186546,-0.707106781186549,0.));
#2693=DIRECTION('ref_axis',(0.707106781186549,-0.707106781186546,0.));
#2694=DIRECTION('',(0.,0.,1.));
#2695=DIRECTION('',(0.,0.,1.));
#2696=DIRECTION('center_axis',(2.22044604925031E-16,-1.,0.));
#2697=DIRECTION('ref_axis',(1.,2.22044604925031E-16,0.));
#2698=DIRECTION('',(0.,0.,1.));
#2699=DIRECTION('center_axis',(-1.,-6.55725473919233E-16,0.));
#2700=DIRECTION('ref_axis',(6.55725473919233E-16,-1.,0.));
#2701=DIRECTION('center_axis',(1.,1.54779304480518E-16,0.));
#2702=DIRECTION('ref_axis',(-1.54779304480518E-16,1.,0.));
#2703=DIRECTION('',(0.,0.,1.));
#2704=DIRECTION('center_axis',(-2.22044604925031E-16,1.,0.));
#2705=DIRECTION('ref_axis',(-1.,-2.22044604925031E-16,0.));
#2706=DIRECTION('',(0.,0.,1.));
#2707=DIRECTION('center_axis',(1.,7.77156117237607E-16,0.));
#2708=DIRECTION('ref_axis',(-7.77156117237607E-16,1.,0.));
#2709=DIRECTION('',(0.,0.,1.));
#2710=DIRECTION('center_axis',(-2.22044604925031E-16,1.,0.));
#2711=DIRECTION('ref_axis',(-1.,-2.22044604925031E-16,0.));
#2712=DIRECTION('',(0.,0.,1.));
#2713=DIRECTION('center_axis',(-1.,-4.53341068388606E-16,0.));
#2714=DIRECTION('ref_axis',(4.53341068388606E-16,-1.,0.));
#2715=DIRECTION('',(0.,0.,1.));
#2716=DIRECTION('center_axis',(-2.22044604925031E-16,1.,0.));
#2717=DIRECTION('ref_axis',(-1.,-2.22044604925031E-16,0.));
#2718=DIRECTION('center_axis',(-1.,-2.22044604925031E-16,0.));
#2719=DIRECTION('ref_axis',(-2.22044604925031E-16,-1.,0.));
#2720=DIRECTION('',(0.,0.,1.));
#2721=DIRECTION('center_axis',(0.,0.,1.));
#2722=DIRECTION('ref_axis',(-0.707106781186547,-0.707106781186547,0.));
#2723=DIRECTION('',(0.,0.,-1.));
#2724=DIRECTION('center_axis',(-1.,2.24878276083061E-16,0.));
#2725=DIRECTION('ref_axis',(2.19210933767002E-16,-1.,0.));
#2726=DIRECTION('',(0.,0.,1.));
#2727=DIRECTION('center_axis',(-2.22044604925031E-16,1.,0.));
#2728=DIRECTION('ref_axis',(-1.,2.22044604925031E-16,0.));
#2729=DIRECTION('',(0.,0.,1.));
#2730=DIRECTION('',(0.,0.,1.));
#2731=DIRECTION('center_axis',(1.,-2.22044604925031E-16,0.));
#2732=DIRECTION('ref_axis',(-2.22044604925031E-16,1.,0.));
#2733=DIRECTION('',(0.,0.,1.));
#2734=DIRECTION('center_axis',(-3.7929147002667E-12,1.,0.));
#2735=DIRECTION('ref_axis',(-1.,-3.79247061105685E-12,0.));
#2736=DIRECTION('',(0.,0.,1.));
#2737=DIRECTION('center_axis',(-1.,2.22044604925031E-16,0.));
#2738=DIRECTION('ref_axis',(2.22044604925031E-16,-1.,0.));
#2739=DIRECTION('',(0.,0.,1.));
#2740=DIRECTION('center_axis',(-2.22044604925031E-16,1.,0.));
#2741=DIRECTION('ref_axis',(-1.,2.22044604925031E-16,0.));
#2742=DIRECTION('center_axis',(-1.,0.,0.));
#2743=DIRECTION('ref_axis',(0.,-1.,0.));
#2744=DIRECTION('',(0.,0.,-1.));
#2745=DIRECTION('',(0.,0.,1.));
#2746=DIRECTION('center_axis',(-1.,3.79269265566178E-12,0.));
#2747=DIRECTION('ref_axis',(-3.79269265566178E-12,-1.,0.));
#2748=DIRECTION('',(0.,0.,1.));
#2749=DIRECTION('',(0.,0.,1.));
#2750=DIRECTION('center_axis',(-1.,0.,0.));
#2751=DIRECTION('ref_axis',(0.,-1.,0.));
#2752=DIRECTION('',(0.,0.,-1.));
#2753=DIRECTION('center_axis',(0.,-1.,0.));
#2754=DIRECTION('ref_axis',(1.,0.,0.));
#2755=DIRECTION('',(0.,0.,1.));
#2756=DIRECTION('',(0.,0.,1.));
#2757=DIRECTION('center_axis',(0.,0.,-1.));
#2758=DIRECTION('ref_axis',(-0.707106781186547,0.707106781186547,0.));
#2759=DIRECTION('',(0.,0.,-1.));
#2760=DIRECTION('center_axis',(0.707106781186542,-0.707106781186553,0.));
#2761=DIRECTION('ref_axis',(0.707106781186553,0.707106781186542,0.));
#2762=DIRECTION('center_axis',(-1.,-6.10982509233247E-15,0.));
#2763=DIRECTION('ref_axis',(6.10982509233247E-15,-1.,0.));
#2764=DIRECTION('',(0.,0.,1.));
#2765=DIRECTION('',(0.,0.,1.));
#2766=DIRECTION('center_axis',(-0.707106781186549,0.707106781186546,0.));
#2767=DIRECTION('ref_axis',(-0.707106781186546,-0.707106781186549,0.));
#2768=DIRECTION('center_axis',(5.55111512312575E-16,-1.,0.));
#2769=DIRECTION('ref_axis',(1.,5.55111512312575E-16,0.));
#2770=DIRECTION('center_axis',(-2.31296463463574E-16,1.,0.));
#2771=DIRECTION('ref_axis',(-1.,-2.31296463463574E-16,0.));
#2772=DIRECTION('center_axis',(-0.707106781186553,-0.707106781186542,0.));
#2773=DIRECTION('ref_axis',(0.707106781186542,-0.707106781186553,0.));
#2774=DIRECTION('',(0.,0.,1.));
#2775=DIRECTION('center_axis',(2.22044604925031E-16,1.,0.));
#2776=DIRECTION('ref_axis',(-1.,2.22044604925031E-16,0.));
#2777=DIRECTION('',(0.,0.,1.));
#2778=DIRECTION('center_axis',(0.707106781186546,0.707106781186549,0.));
#2779=DIRECTION('ref_axis',(-0.707106781186549,0.707106781186546,0.));
#2780=DIRECTION('',(0.,0.,1.));
#2781=DIRECTION('center_axis',(2.22044604925031E-16,1.,0.));
#2782=DIRECTION('ref_axis',(-1.,2.22044604925031E-16,0.));
#2783=DIRECTION('',(0.,0.,1.));
#2784=DIRECTION('center_axis',(-2.22044604925031E-16,-1.,0.));
#2785=DIRECTION('ref_axis',(1.,-2.22044604925031E-16,0.));
#2786=DIRECTION('',(0.,0.,1.));
#2787=DIRECTION('',(0.,0.,1.));
#2788=DIRECTION('center_axis',(-1.,-3.33066907387544E-16,0.));
#2789=DIRECTION('ref_axis',(3.33066907387544E-16,-1.,0.));
#2790=DIRECTION('',(0.,0.,1.));
#2791=DIRECTION('center_axis',(-2.22044604925031E-16,-1.,0.));
#2792=DIRECTION('ref_axis',(1.,-2.22044604925031E-16,0.));
#2793=DIRECTION('',(0.,0.,1.));
#2794=DIRECTION('center_axis',(1.,9.25185853854323E-18,0.));
#2795=DIRECTION('ref_axis',(-9.25185853854323E-18,1.,0.));
#2796=DIRECTION('',(0.,0.,1.));
#2797=DIRECTION('center_axis',(-2.22044604925031E-16,-1.,0.));
#2798=DIRECTION('ref_axis',(1.,-2.22044604925031E-16,0.));
#2799=DIRECTION('center_axis',(0.707106781186553,-0.707106781186542,0.));
#2800=DIRECTION('ref_axis',(0.707106781186542,0.707106781186553,0.));
#2801=DIRECTION('',(0.,0.,1.));
#2802=DIRECTION('',(0.,0.,1.));
#2803=DIRECTION('center_axis',(-0.707106781186546,0.707106781186549,0.));
#2804=DIRECTION('ref_axis',(-0.707106781186549,-0.707106781186546,0.));
#2805=DIRECTION('',(0.,0.,1.));
#2806=DIRECTION('',(0.,0.,1.));
#2807=DIRECTION('center_axis',(2.22044604925031E-16,1.,0.));
#2808=DIRECTION('ref_axis',(-1.,2.22044604925031E-16,0.));
#2809=DIRECTION('',(0.,0.,1.));
#2810=DIRECTION('center_axis',(-1.,6.55725473919233E-16,0.));
#2811=DIRECTION('ref_axis',(-6.55725473919233E-16,-1.,0.));
#2812=DIRECTION('center_axis',(1.,-1.54779304480518E-16,0.));
#2813=DIRECTION('ref_axis',(1.54779304480518E-16,1.,0.));
#2814=DIRECTION('',(0.,0.,1.));
#2815=DIRECTION('center_axis',(-2.22044604925031E-16,-1.,0.));
#2816=DIRECTION('ref_axis',(1.,-2.22044604925031E-16,0.));
#2817=DIRECTION('',(0.,0.,1.));
#2818=DIRECTION('center_axis',(1.,-7.77156117237607E-16,0.));
#2819=DIRECTION('ref_axis',(7.77156117237607E-16,1.,0.));
#2820=DIRECTION('',(0.,0.,1.));
#2821=DIRECTION('center_axis',(-2.22044604925031E-16,-1.,0.));
#2822=DIRECTION('ref_axis',(1.,-2.22044604925031E-16,0.));
#2823=DIRECTION('',(0.,0.,1.));
#2824=DIRECTION('center_axis',(-1.,4.53341068388606E-16,0.));
#2825=DIRECTION('ref_axis',(-4.53341068388606E-16,-1.,0.));
#2826=DIRECTION('',(0.,0.,1.));
#2827=DIRECTION('center_axis',(-2.22044604925031E-16,-1.,0.));
#2828=DIRECTION('ref_axis',(1.,-2.22044604925031E-16,0.));
#2829=DIRECTION('center_axis',(1.,0.,0.));
#2830=DIRECTION('ref_axis',(0.,1.,0.));
#2831=DIRECTION('',(0.,0.,1.));
#2832=DIRECTION('center_axis',(0.,1.,0.));
#2833=DIRECTION('ref_axis',(-1.,0.,0.));
#2834=DIRECTION('center_axis',(0.707106781186549,0.707106781186546,0.));
#2835=DIRECTION('ref_axis',(-0.707106781186546,0.707106781186549,0.));
#2836=DIRECTION('center_axis',(6.72653004445131E-17,-1.,0.));
#2837=DIRECTION('ref_axis',(1.,6.72653004445131E-17,0.));
#2838=DIRECTION('center_axis',(2.31296463463574E-16,1.,0.));
#2839=DIRECTION('ref_axis',(-1.,2.31296463463574E-16,0.));
#2840=DIRECTION('center_axis',(1.,-2.22044604925031E-16,0.));
#2841=DIRECTION('ref_axis',(-2.22044604925031E-16,1.,0.));
#2842=DIRECTION('',(0.,0.,1.));
#2843=DIRECTION('center_axis',(0.707106781186538,-0.707106781186558,0.));
#2844=DIRECTION('ref_axis',(0.707106781186558,0.707106781186537,0.));
#2845=DIRECTION('',(0.,0.,1.));
#2846=DIRECTION('center_axis',(2.22044604925031E-16,-1.,0.));
#2847=DIRECTION('ref_axis',(1.,-2.22044604925031E-16,0.));
#2848=DIRECTION('',(0.,0.,1.));
#2849=DIRECTION('center_axis',(-1.,2.22044604925031E-16,0.));
#2850=DIRECTION('ref_axis',(2.22044604925031E-16,-1.,0.));
#2851=DIRECTION('',(0.,0.,1.));
#2852=DIRECTION('center_axis',(3.7929147002667E-12,-1.,0.));
#2853=DIRECTION('ref_axis',(1.,3.79247061105685E-12,0.));
#2854=DIRECTION('',(0.,0.,1.));
#2855=DIRECTION('center_axis',(1.,-2.22044604925031E-16,0.));
#2856=DIRECTION('ref_axis',(-2.22044604925031E-16,1.,0.));
#2857=DIRECTION('',(0.,0.,1.));
#2858=DIRECTION('center_axis',(2.22044604925031E-16,-1.,0.));
#2859=DIRECTION('ref_axis',(1.,-2.22044604925031E-16,0.));
#2860=DIRECTION('',(0.,0.,1.));
#2861=DIRECTION('center_axis',(1.,-2.24878276083061E-16,0.));
#2862=DIRECTION('ref_axis',(-2.19210933767002E-16,1.,0.));
#2863=DIRECTION('',(0.,0.,1.));
#2864=DIRECTION('center_axis',(0.707106781186558,-0.707106781186537,0.));
#2865=DIRECTION('ref_axis',(0.707106781186537,0.707106781186558,0.));
#2866=DIRECTION('',(0.,0.,1.));
#2867=DIRECTION('center_axis',(1.,0.,0.));
#2868=DIRECTION('ref_axis',(0.,1.,0.));
#2869=DIRECTION('',(0.,0.,1.));
#2870=DIRECTION('center_axis',(0.,1.,0.));
#2871=DIRECTION('ref_axis',(-1.,0.,0.));
#2872=DIRECTION('',(0.,0.,1.));
#2873=DIRECTION('center_axis',(1.,-3.79269265566178E-12,0.));
#2874=DIRECTION('ref_axis',(3.79269265566178E-12,1.,0.));
#2875=DIRECTION('',(0.,0.,1.));
#2876=DIRECTION('center_axis',(0.,-1.,0.));
#2877=DIRECTION('ref_axis',(1.,0.,0.));
#2878=DIRECTION('',(0.,0.,1.));
#2879=DIRECTION('center_axis',(1.,0.,0.));
#2880=DIRECTION('ref_axis',(0.,1.,0.));
#2881=DIRECTION('',(0.,0.,1.));
#2882=DIRECTION('center_axis',(2.83367115802928E-18,-1.,0.));
#2883=DIRECTION('ref_axis',(1.,2.83367115802928E-18,0.));
#2884=DIRECTION('',(0.,0.,1.));
#2885=DIRECTION('center_axis',(0.,0.,1.));
#2886=DIRECTION('ref_axis',(-0.707106781186548,-0.707106781186548,0.));
#2887=DIRECTION('center_axis',(-0.707106781186538,-0.707106781186558,0.));
#2888=DIRECTION('ref_axis',(0.707106781186558,-0.707106781186537,0.));
#2889=DIRECTION('',(0.,0.,1.));
#2890=DIRECTION('center_axis',(-2.22044604925031E-16,-1.,0.));
#2891=DIRECTION('ref_axis',(1.,2.22044604925031E-16,0.));
#2892=DIRECTION('',(0.,0.,1.));
#2893=DIRECTION('center_axis',(1.,2.22044604925031E-16,0.));
#2894=DIRECTION('ref_axis',(2.22044604925031E-16,1.,0.));
#2895=DIRECTION('',(0.,0.,1.));
#2896=DIRECTION('center_axis',(-3.7929147002667E-12,-1.,0.));
#2897=DIRECTION('ref_axis',(1.,-3.79247061105685E-12,0.));
#2898=DIRECTION('',(0.,0.,1.));
#2899=DIRECTION('center_axis',(-1.,-2.22044604925031E-16,0.));
#2900=DIRECTION('ref_axis',(-2.22044604925031E-16,-1.,0.));
#2901=DIRECTION('',(0.,0.,1.));
#2902=DIRECTION('center_axis',(-2.22044604925031E-16,-1.,0.));
#2903=DIRECTION('ref_axis',(1.,2.22044604925031E-16,0.));
#2904=DIRECTION('',(0.,0.,1.));
#2905=DIRECTION('center_axis',(-1.,-2.24878276083061E-16,0.));
#2906=DIRECTION('ref_axis',(-2.19210933767002E-16,-1.,0.));
#2907=DIRECTION('',(0.,0.,1.));
#2908=DIRECTION('center_axis',(-0.707106781186558,-0.707106781186537,0.));
#2909=DIRECTION('ref_axis',(0.707106781186537,-0.707106781186558,0.));
#2910=DIRECTION('',(0.,0.,1.));
#2911=DIRECTION('center_axis',(-1.,0.,0.));
#2912=DIRECTION('ref_axis',(0.,-1.,0.));
#2913=DIRECTION('',(0.,0.,1.));
#2914=DIRECTION('center_axis',(0.,1.,0.));
#2915=DIRECTION('ref_axis',(-1.,0.,0.));
#2916=DIRECTION('',(0.,0.,1.));
#2917=DIRECTION('center_axis',(-1.,-3.79269265566178E-12,0.));
#2918=DIRECTION('ref_axis',(3.79269265566178E-12,-1.,0.));
#2919=DIRECTION('',(0.,0.,1.));
#2920=DIRECTION('center_axis',(0.,-1.,0.));
#2921=DIRECTION('ref_axis',(1.,0.,0.));
#2922=DIRECTION('',(0.,0.,1.));
#2923=DIRECTION('center_axis',(-1.,0.,0.));
#2924=DIRECTION('ref_axis',(0.,-1.,0.));
#2925=DIRECTION('',(0.,0.,1.));
#2926=DIRECTION('center_axis',(-2.83367115802928E-18,-1.,0.));
#2927=DIRECTION('ref_axis',(1.,-2.83367115802928E-18,0.));
#2928=DIRECTION('',(0.,0.,1.));
#2929=DIRECTION('center_axis',(0.,0.,-1.));
#2930=DIRECTION('ref_axis',(-0.707106781186548,0.707106781186548,0.));
#2931=CARTESIAN_POINT('',(0.,0.,0.));
#2932=CARTESIAN_POINT('Origin',(18.499999986589,38.499999986589,0.));
#2933=CARTESIAN_POINT('',(20.,38.499999986589,0.));
#2934=CARTESIAN_POINT('',(18.499999986589,40.,0.));
#2935=CARTESIAN_POINT('Origin',(18.499999986589,38.499999986589,0.));
#2936=CARTESIAN_POINT('',(18.499999986589,40.,100.));
#2937=CARTESIAN_POINT('',(18.499999986589,40.,0.));
#2938=CARTESIAN_POINT('',(20.,38.499999986589,100.));
#2939=CARTESIAN_POINT('Origin',(18.499999986589,38.499999986589,100.));
#2940=CARTESIAN_POINT('',(20.,38.499999986589,0.));
#2941=CARTESIAN_POINT('Origin',(18.499999986589,1.50000001341104,0.));
#2942=CARTESIAN_POINT('',(18.499999986589,0.,0.));
#2943=CARTESIAN_POINT('',(20.,1.50000001341104,0.));
#2944=CARTESIAN_POINT('Origin',(18.499999986589,1.50000001341104,0.));
#2945=CARTESIAN_POINT('',(20.,1.50000001341104,100.));
#2946=CARTESIAN_POINT('',(20.,1.50000001341104,0.));
#2947=CARTESIAN_POINT('',(18.499999986589,0.,100.));
#2948=CARTESIAN_POINT('Origin',(18.499999986589,1.50000001341104,100.));
#2949=CARTESIAN_POINT('',(18.499999986589,-2.77555756156289E-16,0.));
#2950=CARTESIAN_POINT('Origin',(13.6,40.,0.));
#2951=CARTESIAN_POINT('',(13.5498186797049,40.,0.));
#2952=CARTESIAN_POINT('',(13.6,40.,0.));
#2953=CARTESIAN_POINT('',(13.5498186797049,40.,100.));
#2954=CARTESIAN_POINT('',(13.5498186797049,40.,0.));
#2955=CARTESIAN_POINT('',(13.6,40.,100.));
#2956=CARTESIAN_POINT('Origin',(5.21966991607409,4.11611652351682,0.));
#2957=CARTESIAN_POINT('',(20.,33.5498186797049,0.));
#2958=CARTESIAN_POINT('',(20.,2.80805826846393,0.));
#2959=CARTESIAN_POINT('',(19.5,33.5498186797049,0.));
#2960=CARTESIAN_POINT('',(20.,33.5498186797049,0.));
#2961=CARTESIAN_POINT('',(19.5,33.0498186797049,0.));
#2962=CARTESIAN_POINT('',(19.5,33.5498186797049,0.));
#2963=CARTESIAN_POINT('',(18.2,33.0498186797,0.));
#2964=CARTESIAN_POINT('',(19.5,33.0498186797049,0.));
#2965=CARTESIAN_POINT('',(18.2,35.4498186797,0.));
#2966=CARTESIAN_POINT('',(18.2,35.4498186797,0.));
#2967=CARTESIAN_POINT('',(16.3690574952425,35.4498186797,0.));
#2968=CARTESIAN_POINT('',(18.2,35.4498186797,0.));
#2969=CARTESIAN_POINT('',(13.9,32.9807611844575,0.));
#2970=CARTESIAN_POINT('',(16.8,35.8807611844575,0.));
#2971=CARTESIAN_POINT('',(13.9,27.0192388155425,0.));
#2972=CARTESIAN_POINT('',(13.9,30.,0.));
#2973=CARTESIAN_POINT('',(16.4192388155425,24.5,0.));
#2974=CARTESIAN_POINT('',(16.4192388155425,24.5,0.));
#2975=CARTESIAN_POINT('',(18.2,24.5,0.));
#2976=CARTESIAN_POINT('',(16.4192388155425,24.5,0.));
#2977=CARTESIAN_POINT('',(18.2,26.9,0.));
#2978=CARTESIAN_POINT('',(18.2,26.9,0.));
#2979=CARTESIAN_POINT('',(19.5,26.9,0.));
#2980=CARTESIAN_POINT('',(18.2,26.9,0.));
#2981=CARTESIAN_POINT('',(19.5,26.4,0.));
#2982=CARTESIAN_POINT('',(19.5,26.9,0.));
#2983=CARTESIAN_POINT('',(20.,26.4,0.));
#2984=CARTESIAN_POINT('',(19.5,26.4,0.));
#2985=CARTESIAN_POINT('',(20.,13.6,0.));
#2986=CARTESIAN_POINT('',(20.,13.6,0.));
#2987=CARTESIAN_POINT('',(19.5,13.6,0.));
#2988=CARTESIAN_POINT('',(19.5,13.6,0.));
#2989=CARTESIAN_POINT('',(19.5,13.1,0.));
#2990=CARTESIAN_POINT('',(19.5,13.1,0.));
#2991=CARTESIAN_POINT('',(18.2,13.1,0.));
#2992=CARTESIAN_POINT('',(18.2,13.1,0.));
#2993=CARTESIAN_POINT('',(18.2,15.5,0.));
#2994=CARTESIAN_POINT('',(18.2,13.1,0.));
#2995=CARTESIAN_POINT('',(16.4192388155425,15.5,0.));
#2996=CARTESIAN_POINT('',(16.4192388155425,15.5,0.));
#2997=CARTESIAN_POINT('',(13.9,12.9807611844575,0.));
#2998=CARTESIAN_POINT('',(16.4192388155425,15.5,0.));
#2999=CARTESIAN_POINT('',(13.9,7.01923881554252,0.));
#3000=CARTESIAN_POINT('',(13.9,7.01923881554252,0.));
#3001=CARTESIAN_POINT('',(16.3690574952425,4.5501813203,0.));
#3002=CARTESIAN_POINT('',(16.8,4.11923881554252,0.));
#3003=CARTESIAN_POINT('',(18.2,4.5501813203,0.));
#3004=CARTESIAN_POINT('',(18.2,4.5501813203,0.));
#3005=CARTESIAN_POINT('',(18.2,6.9501813203,0.));
#3006=CARTESIAN_POINT('',(18.2,4.5501813203,0.));
#3007=CARTESIAN_POINT('',(19.5,6.95018132029507,0.));
#3008=CARTESIAN_POINT('',(19.5,6.95018132029507,0.));
#3009=CARTESIAN_POINT('',(19.5,6.45018132029507,0.));
#3010=CARTESIAN_POINT('',(19.5,6.45018132029507,0.));
#3011=CARTESIAN_POINT('',(20.,6.45018132029507,0.));
#3012=CARTESIAN_POINT('',(20.,6.45018132029507,0.));
#3013=CARTESIAN_POINT('',(20.,2.80805826846393,0.));
#3014=CARTESIAN_POINT('',(13.5498186797049,0.,0.));
#3015=CARTESIAN_POINT('',(18.499999986589,-1.4027185996333E-17,0.));
#3016=CARTESIAN_POINT('',(13.5498186797049,0.499999999999998,0.));
#3017=CARTESIAN_POINT('',(13.5498186797049,0.,0.));
#3018=CARTESIAN_POINT('',(13.0498186797049,0.499999999999998,0.));
#3019=CARTESIAN_POINT('',(13.5498186797049,0.499999999999998,0.));
#3020=CARTESIAN_POINT('',(13.0498186797,1.8,0.));
#3021=CARTESIAN_POINT('',(13.0498186797049,0.499999999999998,0.));
#3022=CARTESIAN_POINT('',(15.4498186797,1.8,0.));
#3023=CARTESIAN_POINT('',(13.1,1.8,0.));
#3024=CARTESIAN_POINT('',(15.4498186797,3.63094250475749,0.));
#3025=CARTESIAN_POINT('',(15.4498186797,1.8,0.));
#3026=CARTESIAN_POINT('',(12.9807611844575,6.09999999999998,0.));
#3027=CARTESIAN_POINT('',(15.5,3.5807611844575,0.));
#3028=CARTESIAN_POINT('',(7.01923881554244,6.1,0.));
#3029=CARTESIAN_POINT('',(7.01923881554244,6.1,0.));
#3030=CARTESIAN_POINT('',(4.5501813203,3.63094250475749,0.));
#3031=CARTESIAN_POINT('',(4.5501813203,3.63094250475749,0.));
#3032=CARTESIAN_POINT('',(4.5501813203,1.8,0.));
#3033=CARTESIAN_POINT('',(4.5501813203,1.8,0.));
#3034=CARTESIAN_POINT('',(6.9501813203,1.8,0.));
#3035=CARTESIAN_POINT('',(4.5501813203,1.8,0.));
#3036=CARTESIAN_POINT('',(6.95018132029507,0.499999999999998,0.));
#3037=CARTESIAN_POINT('',(6.95018132029507,0.499999999999998,0.));
#3038=CARTESIAN_POINT('',(6.45018132029507,0.499999999999998,0.));
#3039=CARTESIAN_POINT('',(6.45018132029507,0.499999999999998,0.));
#3040=CARTESIAN_POINT('',(6.45018132029507,0.,0.));
#3041=CARTESIAN_POINT('',(6.45018132029507,0.,0.));
#3042=CARTESIAN_POINT('',(1.50000001341104,-1.4027185996333E-17,0.));
#3043=CARTESIAN_POINT('',(1.50000001341104,-1.4027185996333E-17,0.));
#3044=CARTESIAN_POINT('',(-3.4709409636173E-16,1.50000001341104,0.));
#3045=CARTESIAN_POINT('Origin',(1.50000001341104,1.50000001341104,0.));
#3046=CARTESIAN_POINT('',(-1.43222796295974E-15,6.45018132029507,0.));
#3047=CARTESIAN_POINT('',(-3.4709409636173E-16,1.50000001341104,0.));
#3048=CARTESIAN_POINT('',(0.499999999999997,6.45018132029507,0.));
#3049=CARTESIAN_POINT('',(-1.43222796295974E-15,6.45018132029507,0.));
#3050=CARTESIAN_POINT('',(0.499999999999997,6.95018132029507,0.));
#3051=CARTESIAN_POINT('',(0.499999999999997,6.45018132029507,0.));
#3052=CARTESIAN_POINT('',(1.8,6.9501813203,0.));
#3053=CARTESIAN_POINT('',(0.499999999999997,6.95018132029507,0.));
#3054=CARTESIAN_POINT('',(1.8,4.5501813203,0.));
#3055=CARTESIAN_POINT('',(1.8,4.5501813203,0.));
#3056=CARTESIAN_POINT('',(3.63094250475749,4.5501813203,0.));
#3057=CARTESIAN_POINT('',(1.8,4.5501813203,0.));
#3058=CARTESIAN_POINT('',(6.1,7.01923881554244,0.));
#3059=CARTESIAN_POINT('',(3.63094250475749,4.5501813203,0.));
#3060=CARTESIAN_POINT('',(6.09999999999998,12.9807611844575,0.));
#3061=CARTESIAN_POINT('',(6.1,10.,0.));
#3062=CARTESIAN_POINT('',(3.58076118445749,15.5,0.));
#3063=CARTESIAN_POINT('',(3.58076118445749,15.5,0.));
#3064=CARTESIAN_POINT('',(1.8,15.5,0.));
#3065=CARTESIAN_POINT('',(3.58076118445749,15.5,0.));
#3066=CARTESIAN_POINT('',(1.8,13.1,0.));
#3067=CARTESIAN_POINT('',(1.8,13.1,0.));
#3068=CARTESIAN_POINT('',(0.499999999999997,13.1,0.));
#3069=CARTESIAN_POINT('',(1.8,13.1,0.));
#3070=CARTESIAN_POINT('',(0.499999999999997,13.6,0.));
#3071=CARTESIAN_POINT('',(0.499999999999997,13.1,0.));
#3072=CARTESIAN_POINT('',(-3.81777942592976E-15,13.6,0.));
#3073=CARTESIAN_POINT('',(0.499999999999997,13.6,0.));
#3074=CARTESIAN_POINT('',(-6.65995036897016E-15,26.4,0.));
#3075=CARTESIAN_POINT('',(-3.81777942592976E-15,13.6,0.));
#3076=CARTESIAN_POINT('',(0.499999999999994,26.4,0.));
#3077=CARTESIAN_POINT('',(0.499999999999994,26.4,0.));
#3078=CARTESIAN_POINT('',(0.499999999999994,26.9,0.));
#3079=CARTESIAN_POINT('',(0.499999999999994,26.9,0.));
#3080=CARTESIAN_POINT('',(1.79999999999999,26.9,0.));
#3081=CARTESIAN_POINT('',(1.79999999999999,26.9,0.));
#3082=CARTESIAN_POINT('',(1.79999999999999,24.5,0.));
#3083=CARTESIAN_POINT('',(1.79999999999999,26.9,0.));
#3084=CARTESIAN_POINT('',(3.58076118445749,24.5,0.));
#3085=CARTESIAN_POINT('',(3.58076118445749,24.5,0.));
#3086=CARTESIAN_POINT('',(6.09999999999998,27.0192388155425,0.));
#3087=CARTESIAN_POINT('',(3.58076118445749,24.5,0.));
#3088=CARTESIAN_POINT('',(6.1,32.9807611844576,0.));
#3089=CARTESIAN_POINT('',(6.1,32.9807611844576,0.));
#3090=CARTESIAN_POINT('',(3.63094250475749,35.4498186797,0.));
#3091=CARTESIAN_POINT('',(3.63094250475749,35.4498186797,0.));
#3092=CARTESIAN_POINT('',(1.8,35.4498186797,0.));
#3093=CARTESIAN_POINT('',(1.8,35.4498186797,0.));
#3094=CARTESIAN_POINT('',(1.8,33.0498186797,0.));
#3095=CARTESIAN_POINT('',(1.8,35.4498186797,0.));
#3096=CARTESIAN_POINT('',(0.499999999999997,33.0498186797049,0.));
#3097=CARTESIAN_POINT('',(0.499999999999997,33.0498186797049,0.));
#3098=CARTESIAN_POINT('',(0.499999999999997,33.5498186797049,0.));
#3099=CARTESIAN_POINT('',(0.499999999999997,33.5498186797049,0.));
#3100=CARTESIAN_POINT('',(-1.43222796295974E-15,33.5498186797049,0.));
#3101=CARTESIAN_POINT('',(-1.43222796295974E-15,33.5498186797049,0.));
#3102=CARTESIAN_POINT('',(-3.4709409636173E-16,38.499999986589,0.));
#3103=CARTESIAN_POINT('',(-3.4709409636173E-16,38.499999986589,0.));
#3104=CARTESIAN_POINT('',(1.50000001341104,40.,0.));
#3105=CARTESIAN_POINT('Origin',(1.50000001341104,38.499999986589,0.));
#3106=CARTESIAN_POINT('',(6.45018132029507,40.,0.));
#3107=CARTESIAN_POINT('',(1.50000001341104,40.,0.));
#3108=CARTESIAN_POINT('',(6.45018132029507,39.5,0.));
#3109=CARTESIAN_POINT('',(6.45018132029507,40.,0.));
#3110=CARTESIAN_POINT('',(6.95018132029507,39.5,0.));
#3111=CARTESIAN_POINT('',(6.45018132029507,39.5,0.));
#3112=CARTESIAN_POINT('',(6.9501813203,38.2,0.));
#3113=CARTESIAN_POINT('',(6.95018132029507,39.5,0.));
#3114=CARTESIAN_POINT('',(4.5501813203,38.2,0.));
#3115=CARTESIAN_POINT('',(4.5501813203,38.2,0.));
#3116=CARTESIAN_POINT('',(4.5501813203,36.3690574952425,0.));
#3117=CARTESIAN_POINT('',(4.5501813203,38.2,0.));
#3118=CARTESIAN_POINT('',(7.01923881554244,33.9,0.));
#3119=CARTESIAN_POINT('',(4.5501813203,36.3690574952425,0.));
#3120=CARTESIAN_POINT('',(12.9807611844575,33.9,0.));
#3121=CARTESIAN_POINT('',(7.01923881554244,33.9,0.));
#3122=CARTESIAN_POINT('',(15.4498186797,36.3690574952425,0.));
#3123=CARTESIAN_POINT('',(15.5,36.4192388155425,0.));
#3124=CARTESIAN_POINT('',(15.4498186797,38.2,0.));
#3125=CARTESIAN_POINT('',(15.4498186797,38.2,0.));
#3126=CARTESIAN_POINT('',(13.0498186797,38.2,0.));
#3127=CARTESIAN_POINT('',(15.4498186797,38.2,0.));
#3128=CARTESIAN_POINT('',(13.0498186797049,39.5,0.));
#3129=CARTESIAN_POINT('',(13.0498186797049,39.5,0.));
#3130=CARTESIAN_POINT('',(13.5498186797049,39.5,0.));
#3131=CARTESIAN_POINT('',(13.1,39.5,0.));
#3132=CARTESIAN_POINT('',(13.5498186797049,40.,0.));
#3133=CARTESIAN_POINT('',(11.7677669529664,28.2322330470336,0.));
#3134=CARTESIAN_POINT('Origin',(10.,30.,0.));
#3135=CARTESIAN_POINT('',(7.01923881554252,26.1,0.));
#3136=CARTESIAN_POINT('',(12.9807611844575,26.1,0.));
#3137=CARTESIAN_POINT('',(7.01923881554252,26.1,0.));
#3138=CARTESIAN_POINT('',(4.11923881554251,23.2,0.));
#3139=CARTESIAN_POINT('',(4.11923881554251,23.2,0.));
#3140=CARTESIAN_POINT('',(1.79999999999999,23.2,0.));
#3141=CARTESIAN_POINT('',(1.79999999999999,23.2,0.));
#3142=CARTESIAN_POINT('',(1.8,16.8,0.));
#3143=CARTESIAN_POINT('',(1.79999999999999,20.,0.));
#3144=CARTESIAN_POINT('',(4.11923881554251,16.8,0.));
#3145=CARTESIAN_POINT('',(1.8,16.8,0.));
#3146=CARTESIAN_POINT('',(7.01923881554252,13.9,0.));
#3147=CARTESIAN_POINT('',(4.11923881554251,16.8,0.));
#3148=CARTESIAN_POINT('',(12.9807611844575,13.9,0.));
#3149=CARTESIAN_POINT('',(12.9807611844575,13.9,0.));
#3150=CARTESIAN_POINT('',(15.8807611844575,16.8,0.));
#3151=CARTESIAN_POINT('',(15.8807611844575,16.8,0.));
#3152=CARTESIAN_POINT('',(18.2,16.8,0.));
#3153=CARTESIAN_POINT('',(18.2,16.8,0.));
#3154=CARTESIAN_POINT('',(18.2,23.2,0.));
#3155=CARTESIAN_POINT('',(18.2,20.,0.));
#3156=CARTESIAN_POINT('',(15.8807611844575,23.2,0.));
#3157=CARTESIAN_POINT('',(18.2,23.2,0.));
#3158=CARTESIAN_POINT('',(15.8807611844575,23.2,0.));
#3159=CARTESIAN_POINT('',(11.7677669529664,11.7677669529664,0.));
#3160=CARTESIAN_POINT('Origin',(10.,10.,0.));
#3161=CARTESIAN_POINT('Origin',(18.2,4.5501813203,0.));
#3162=CARTESIAN_POINT('',(16.3690574952425,4.5501813203,100.));
#3163=CARTESIAN_POINT('',(16.3690574952425,4.5501813203,0.));
#3164=CARTESIAN_POINT('',(18.2,4.5501813203,100.));
#3165=CARTESIAN_POINT('',(18.2,4.5501813203,100.));
#3166=CARTESIAN_POINT('',(18.2,4.5501813203,0.));
#3167=CARTESIAN_POINT('Origin',(18.2,6.9501813203,0.));
#3168=CARTESIAN_POINT('',(18.2,6.9501813203,100.));
#3169=CARTESIAN_POINT('',(18.2,4.5501813203,100.));
#3170=CARTESIAN_POINT('',(18.2,6.9501813203,0.));
#3171=CARTESIAN_POINT('Origin',(19.5,6.95018132029507,0.));
#3172=CARTESIAN_POINT('',(19.5,6.95018132029507,100.));
#3173=CARTESIAN_POINT('',(19.5,6.95018132029507,100.));
#3174=CARTESIAN_POINT('',(19.5,6.95018132029507,0.));
#3175=CARTESIAN_POINT('Origin',(19.5,6.45018132029507,0.));
#3176=CARTESIAN_POINT('',(19.5,6.45018132029507,100.));
#3177=CARTESIAN_POINT('',(19.5,6.45018132029507,100.));
#3178=CARTESIAN_POINT('',(19.5,6.45018132029507,0.));
#3179=CARTESIAN_POINT('Origin',(20.,6.45018132029507,0.));
#3180=CARTESIAN_POINT('',(20.,6.45018132029507,100.));
#3181=CARTESIAN_POINT('',(20.,6.45018132029507,100.));
#3182=CARTESIAN_POINT('',(20.,6.45018132029507,0.));
#3183=CARTESIAN_POINT('Origin',(20.,1.50000001341104,0.));
#3184=CARTESIAN_POINT('',(20.,2.80805826846393,100.));
#3185=CARTESIAN_POINT('Origin',(15.4498186797,1.8,0.));
#3186=CARTESIAN_POINT('',(15.4498186797,1.8,100.));
#3187=CARTESIAN_POINT('',(15.4498186797,1.8,0.));
#3188=CARTESIAN_POINT('',(15.4498186797,3.63094250475749,100.));
#3189=CARTESIAN_POINT('',(15.4498186797,1.8,100.));
#3190=CARTESIAN_POINT('',(15.4498186797,3.6309425047575,0.));
#3191=CARTESIAN_POINT('Origin',(13.0498186797049,0.499999999999998,0.));
#3192=CARTESIAN_POINT('',(13.0498186797049,0.499999999999998,100.));
#3193=CARTESIAN_POINT('',(13.0498186797049,0.499999999999998,0.));
#3194=CARTESIAN_POINT('',(13.0498186797,1.8,100.));
#3195=CARTESIAN_POINT('',(13.0498186797049,0.499999999999998,100.));
#3196=CARTESIAN_POINT('',(13.0498186797,1.8,0.));
#3197=CARTESIAN_POINT('Origin',(13.5498186797049,0.,0.));
#3198=CARTESIAN_POINT('',(13.5498186797049,0.,100.));
#3199=CARTESIAN_POINT('',(13.5498186797049,0.,0.));
#3200=CARTESIAN_POINT('',(13.5498186797049,0.499999999999998,100.));
#3201=CARTESIAN_POINT('',(13.5498186797049,0.,100.));
#3202=CARTESIAN_POINT('',(13.5498186797049,0.5,0.));
#3203=CARTESIAN_POINT('Origin',(7.01923881554244,6.1,0.));
#3204=CARTESIAN_POINT('',(7.01923881554244,6.1,100.));
#3205=CARTESIAN_POINT('',(12.9807611844575,6.09999999999998,100.));
#3206=CARTESIAN_POINT('',(7.01923881554244,6.1,100.));
#3207=CARTESIAN_POINT('',(7.01923881554244,6.1,0.));
#3208=CARTESIAN_POINT('',(12.9807611844575,6.09999999999998,0.));
#3209=CARTESIAN_POINT('Origin',(12.9807611844575,6.09999999999998,0.));
#3210=CARTESIAN_POINT('',(15.5,3.5807611844575,100.));
#3211=CARTESIAN_POINT('Origin',(13.1,0.5,0.));
#3212=CARTESIAN_POINT('',(13.5498186797049,0.499999999999998,100.));
#3213=CARTESIAN_POINT('Origin',(5.21966991607409,4.11611652351682,100.));
#3214=CARTESIAN_POINT('',(13.5498186797049,39.5,100.));
#3215=CARTESIAN_POINT('',(13.5498186797049,40.,100.));
#3216=CARTESIAN_POINT('',(13.0498186797049,39.5,100.));
#3217=CARTESIAN_POINT('',(13.5498186797049,39.5,100.));
#3218=CARTESIAN_POINT('',(13.0498186797,38.2,100.));
#3219=CARTESIAN_POINT('',(13.0498186797049,39.5,100.));
#3220=CARTESIAN_POINT('',(15.4498186797,38.2,100.));
#3221=CARTESIAN_POINT('',(13.1,38.2,100.));
#3222=CARTESIAN_POINT('',(15.4498186797,36.3690574952425,100.));
#3223=CARTESIAN_POINT('',(15.4498186797,38.2,100.));
#3224=CARTESIAN_POINT('',(12.9807611844575,33.9,100.));
#3225=CARTESIAN_POINT('',(15.5,36.4192388155425,100.));
#3226=CARTESIAN_POINT('',(7.01923881554244,33.9,100.));
#3227=CARTESIAN_POINT('',(7.01923881554244,33.9,100.));
#3228=CARTESIAN_POINT('',(4.5501813203,36.3690574952425,100.));
#3229=CARTESIAN_POINT('',(4.5501813203,36.3690574952425,100.));
#3230=CARTESIAN_POINT('',(4.5501813203,38.2,100.));
#3231=CARTESIAN_POINT('',(4.5501813203,38.2,100.));
#3232=CARTESIAN_POINT('',(6.9501813203,38.2,100.));
#3233=CARTESIAN_POINT('',(4.5501813203,38.2,100.));
#3234=CARTESIAN_POINT('',(6.95018132029507,39.5,100.));
#3235=CARTESIAN_POINT('',(6.95018132029507,39.5,100.));
#3236=CARTESIAN_POINT('',(6.45018132029507,39.5,100.));
#3237=CARTESIAN_POINT('',(6.45018132029507,39.5,100.));
#3238=CARTESIAN_POINT('',(6.45018132029507,40.,100.));
#3239=CARTESIAN_POINT('',(6.45018132029507,40.,100.));
#3240=CARTESIAN_POINT('',(1.50000001341104,40.,100.));
#3241=CARTESIAN_POINT('',(1.50000001341104,40.,100.));
#3242=CARTESIAN_POINT('',(-3.33066910365397E-16,38.499999986589,100.));
#3243=CARTESIAN_POINT('Origin',(1.50000001341104,38.499999986589,100.));
#3244=CARTESIAN_POINT('',(-1.43222796295974E-15,33.5498186797049,100.));
#3245=CARTESIAN_POINT('',(-3.4709409636173E-16,38.499999986589,100.));
#3246=CARTESIAN_POINT('',(0.499999999999997,33.5498186797049,100.));
#3247=CARTESIAN_POINT('',(-1.43222796295974E-15,33.5498186797049,100.));
#3248=CARTESIAN_POINT('',(0.499999999999997,33.0498186797049,100.));
#3249=CARTESIAN_POINT('',(0.499999999999997,33.5498186797049,100.));
#3250=CARTESIAN_POINT('',(1.8,33.0498186797,100.));
#3251=CARTESIAN_POINT('',(0.499999999999997,33.0498186797049,100.));
#3252=CARTESIAN_POINT('',(1.8,35.4498186797,100.));
#3253=CARTESIAN_POINT('',(1.8,35.4498186797,100.));
#3254=CARTESIAN_POINT('',(3.63094250475749,35.4498186797,100.));
#3255=CARTESIAN_POINT('',(1.8,35.4498186797,100.));
#3256=CARTESIAN_POINT('',(6.1,32.9807611844576,100.));
#3257=CARTESIAN_POINT('',(3.63094250475749,35.4498186797,100.));
#3258=CARTESIAN_POINT('',(6.09999999999998,27.0192388155425,100.));
#3259=CARTESIAN_POINT('',(6.09999999999999,30.,100.));
#3260=CARTESIAN_POINT('',(3.58076118445749,24.5,100.));
#3261=CARTESIAN_POINT('',(3.58076118445749,24.5,100.));
#3262=CARTESIAN_POINT('',(1.79999999999999,24.5,100.));
#3263=CARTESIAN_POINT('',(3.58076118445749,24.5,100.));
#3264=CARTESIAN_POINT('',(1.79999999999999,26.9,100.));
#3265=CARTESIAN_POINT('',(1.79999999999999,26.9,100.));
#3266=CARTESIAN_POINT('',(0.499999999999994,26.9,100.));
#3267=CARTESIAN_POINT('',(1.79999999999999,26.9,100.));
#3268=CARTESIAN_POINT('',(0.499999999999994,26.4,100.));
#3269=CARTESIAN_POINT('',(0.499999999999994,26.9,100.));
#3270=CARTESIAN_POINT('',(-6.4170890823334E-15,26.4,100.));
#3271=CARTESIAN_POINT('',(0.499999999999994,26.4,100.));
#3272=CARTESIAN_POINT('',(-3.574918139293E-15,13.6,100.));
#3273=CARTESIAN_POINT('',(-3.81777942592976E-15,13.6,100.));
#3274=CARTESIAN_POINT('',(0.499999999999997,13.6,100.));
#3275=CARTESIAN_POINT('',(0.499999999999997,13.6,100.));
#3276=CARTESIAN_POINT('',(0.499999999999997,13.1,100.));
#3277=CARTESIAN_POINT('',(0.499999999999997,13.1,100.));
#3278=CARTESIAN_POINT('',(1.8,13.1,100.));
#3279=CARTESIAN_POINT('',(1.8,13.1,100.));
#3280=CARTESIAN_POINT('',(1.8,15.5,100.));
#3281=CARTESIAN_POINT('',(1.8,13.1,100.));
#3282=CARTESIAN_POINT('',(3.58076118445749,15.5,100.));
#3283=CARTESIAN_POINT('',(3.58076118445749,15.5,100.));
#3284=CARTESIAN_POINT('',(6.09999999999998,12.9807611844575,100.));
#3285=CARTESIAN_POINT('',(3.58076118445749,15.5,100.));
#3286=CARTESIAN_POINT('',(6.1,7.01923881554244,100.));
#3287=CARTESIAN_POINT('',(6.1,7.01923881554244,100.));
#3288=CARTESIAN_POINT('',(3.63094250475749,4.5501813203,100.));
#3289=CARTESIAN_POINT('',(3.63094250475749,4.5501813203,100.));
#3290=CARTESIAN_POINT('',(1.8,4.5501813203,100.));
#3291=CARTESIAN_POINT('',(1.8,4.5501813203,100.));
#3292=CARTESIAN_POINT('',(1.8,6.9501813203,100.));
#3293=CARTESIAN_POINT('',(1.8,4.5501813203,100.));
#3294=CARTESIAN_POINT('',(0.499999999999997,6.95018132029507,100.));
#3295=CARTESIAN_POINT('',(0.499999999999997,6.95018132029507,100.));
#3296=CARTESIAN_POINT('',(0.499999999999997,6.45018132029507,100.));
#3297=CARTESIAN_POINT('',(0.499999999999997,6.45018132029507,100.));
#3298=CARTESIAN_POINT('',(-1.43222796295974E-15,6.45018132029507,100.));
#3299=CARTESIAN_POINT('',(-1.43222796295974E-15,6.45018132029507,100.));
#3300=CARTESIAN_POINT('',(-3.33066910365397E-16,1.50000001341104,100.));
#3301=CARTESIAN_POINT('',(-3.4709409636173E-16,1.50000001341104,100.));
#3302=CARTESIAN_POINT('',(1.50000001341104,0.,100.));
#3303=CARTESIAN_POINT('Origin',(1.50000001341104,1.50000001341104,100.));
#3304=CARTESIAN_POINT('',(6.45018132029507,0.,100.));
#3305=CARTESIAN_POINT('',(1.50000001341104,-1.4027185996333E-17,100.));
#3306=CARTESIAN_POINT('',(6.45018132029507,0.499999999999998,100.));
#3307=CARTESIAN_POINT('',(6.45018132029507,0.,100.));
#3308=CARTESIAN_POINT('',(6.95018132029507,0.499999999999998,100.));
#3309=CARTESIAN_POINT('',(6.45018132029507,0.499999999999998,100.));
#3310=CARTESIAN_POINT('',(6.9501813203,1.8,100.));
#3311=CARTESIAN_POINT('',(6.95018132029507,0.499999999999998,100.));
#3312=CARTESIAN_POINT('',(4.5501813203,1.8,100.));
#3313=CARTESIAN_POINT('',(4.5501813203,1.8,100.));
#3314=CARTESIAN_POINT('',(4.5501813203,3.63094250475749,100.));
#3315=CARTESIAN_POINT('',(4.5501813203,1.8,100.));
#3316=CARTESIAN_POINT('',(4.5501813203,3.63094250475749,100.));
#3317=CARTESIAN_POINT('',(13.1,1.8,100.));
#3318=CARTESIAN_POINT('',(18.499999986589,-1.4027185996333E-17,100.));
#3319=CARTESIAN_POINT('',(13.9,7.01923881554252,100.));
#3320=CARTESIAN_POINT('',(16.8,4.11923881554252,100.));
#3321=CARTESIAN_POINT('',(13.9,12.9807611844575,100.));
#3322=CARTESIAN_POINT('',(13.9,7.01923881554252,100.));
#3323=CARTESIAN_POINT('',(16.4192388155425,15.5,100.));
#3324=CARTESIAN_POINT('',(16.4192388155425,15.5,100.));
#3325=CARTESIAN_POINT('',(18.2,15.5,100.));
#3326=CARTESIAN_POINT('',(16.4192388155425,15.5,100.));
#3327=CARTESIAN_POINT('',(18.2,13.1,100.));
#3328=CARTESIAN_POINT('',(18.2,13.1,100.));
#3329=CARTESIAN_POINT('',(19.5,13.1,100.));
#3330=CARTESIAN_POINT('',(18.2,13.1,100.));
#3331=CARTESIAN_POINT('',(19.5,13.6,100.));
#3332=CARTESIAN_POINT('',(19.5,13.1,100.));
#3333=CARTESIAN_POINT('',(20.,13.6,100.));
#3334=CARTESIAN_POINT('',(19.5,13.6,100.));
#3335=CARTESIAN_POINT('',(20.,26.4,100.));
#3336=CARTESIAN_POINT('',(20.,13.6,100.));
#3337=CARTESIAN_POINT('',(19.5,26.4,100.));
#3338=CARTESIAN_POINT('',(19.5,26.4,100.));
#3339=CARTESIAN_POINT('',(19.5,26.9,100.));
#3340=CARTESIAN_POINT('',(19.5,26.9,100.));
#3341=CARTESIAN_POINT('',(18.2,26.9,100.));
#3342=CARTESIAN_POINT('',(18.2,26.9,100.));
#3343=CARTESIAN_POINT('',(18.2,24.5,100.));
#3344=CARTESIAN_POINT('',(18.2,26.9,100.));
#3345=CARTESIAN_POINT('',(16.4192388155425,24.5,100.));
#3346=CARTESIAN_POINT('',(16.4192388155425,24.5,100.));
#3347=CARTESIAN_POINT('',(13.9,27.0192388155425,100.));
#3348=CARTESIAN_POINT('',(16.4192388155425,24.5,100.));
#3349=CARTESIAN_POINT('',(13.9,32.9807611844575,100.));
#3350=CARTESIAN_POINT('',(13.9,32.9807611844575,100.));
#3351=CARTESIAN_POINT('',(16.3690574952425,35.4498186797,100.));
#3352=CARTESIAN_POINT('',(16.8,35.8807611844575,100.));
#3353=CARTESIAN_POINT('',(18.2,35.4498186797,100.));
#3354=CARTESIAN_POINT('',(18.2,35.4498186797,100.));
#3355=CARTESIAN_POINT('',(18.2,33.0498186797,100.));
#3356=CARTESIAN_POINT('',(18.2,35.4498186797,100.));
#3357=CARTESIAN_POINT('',(19.5,33.0498186797049,100.));
#3358=CARTESIAN_POINT('',(19.5,33.0498186797049,100.));
#3359=CARTESIAN_POINT('',(19.5,33.5498186797049,100.));
#3360=CARTESIAN_POINT('',(19.5,33.5498186797049,100.));
#3361=CARTESIAN_POINT('',(20.,33.5498186797049,100.));
#3362=CARTESIAN_POINT('',(20.,33.5498186797049,100.));
#3363=CARTESIAN_POINT('',(20.,2.80805826846393,100.));
#3364=CARTESIAN_POINT('',(11.7677669529664,11.7677669529664,100.));
#3365=CARTESIAN_POINT('Origin',(10.,10.,100.));
#3366=CARTESIAN_POINT('',(11.7677669529664,28.2322330470336,100.));
#3367=CARTESIAN_POINT('Origin',(10.,30.,100.));
#3368=CARTESIAN_POINT('',(12.9807611844575,26.1,100.));
#3369=CARTESIAN_POINT('',(7.01923881554252,26.1,100.));
#3370=CARTESIAN_POINT('',(12.9807611844575,26.1,100.));
#3371=CARTESIAN_POINT('',(15.8807611844575,23.2,100.));
#3372=CARTESIAN_POINT('',(15.8807611844575,23.2,100.));
#3373=CARTESIAN_POINT('',(18.2,23.2,100.));
#3374=CARTESIAN_POINT('',(18.2,23.2,100.));
#3375=CARTESIAN_POINT('',(18.2,16.8,100.));
#3376=CARTESIAN_POINT('',(18.2,20.,100.));
#3377=CARTESIAN_POINT('',(15.8807611844575,16.8,100.));
#3378=CARTESIAN_POINT('',(18.2,16.8,100.));
#3379=CARTESIAN_POINT('',(12.9807611844575,13.9,100.));
#3380=CARTESIAN_POINT('',(15.8807611844575,16.8,100.));
#3381=CARTESIAN_POINT('',(7.01923881554252,13.9,100.));
#3382=CARTESIAN_POINT('',(7.01923881554252,13.9,100.));
#3383=CARTESIAN_POINT('',(4.11923881554251,16.8,100.));
#3384=CARTESIAN_POINT('',(4.11923881554251,16.8,100.));
#3385=CARTESIAN_POINT('',(1.8,16.8,100.));
#3386=CARTESIAN_POINT('',(1.8,16.8,100.));
#3387=CARTESIAN_POINT('',(1.79999999999999,23.2,100.));
#3388=CARTESIAN_POINT('',(1.79999999999999,20.,100.));
#3389=CARTESIAN_POINT('',(4.11923881554251,23.2,100.));
#3390=CARTESIAN_POINT('',(1.79999999999999,23.2,100.));
#3391=CARTESIAN_POINT('',(4.11923881554251,23.2,100.));
#3392=CARTESIAN_POINT('Origin',(6.09999999999998,27.0192388155425,0.));
#3393=CARTESIAN_POINT('',(3.58076118445749,24.5,0.));
#3394=CARTESIAN_POINT('',(6.09999999999998,27.0192388155425,0.));
#3395=CARTESIAN_POINT('Origin',(4.11923881554251,23.2,0.));
#3396=CARTESIAN_POINT('',(7.01923881554252,26.1,0.));
#3397=CARTESIAN_POINT('',(4.11923881554251,23.2,0.));
#3398=CARTESIAN_POINT('Origin',(1.79999999999999,23.2,0.));
#3399=CARTESIAN_POINT('',(1.79999999999999,23.2,0.));
#3400=CARTESIAN_POINT('Origin',(0.499999999999994,26.4,0.));
#3401=CARTESIAN_POINT('',(-6.65995036897016E-15,26.4,0.));
#3402=CARTESIAN_POINT('',(0.499999999999994,26.4,0.));
#3403=CARTESIAN_POINT('Origin',(0.499999999999994,26.9,0.));
#3404=CARTESIAN_POINT('',(0.499999999999994,26.9,0.));
#3405=CARTESIAN_POINT('Origin',(1.79999999999999,26.9,0.));
#3406=CARTESIAN_POINT('',(1.79999999999999,26.9,0.));
#3407=CARTESIAN_POINT('Origin',(1.79999999999999,24.5,0.));
#3408=CARTESIAN_POINT('',(1.79999999999999,24.5,0.));
#3409=CARTESIAN_POINT('Origin',(3.58076118445749,24.5,0.));
#3410=CARTESIAN_POINT('Origin',(6.09999999999998,12.9807611844575,0.));
#3411=CARTESIAN_POINT('',(6.09999999999998,12.9807611844575,0.));
#3412=CARTESIAN_POINT('',(3.58076118445749,15.5,0.));
#3413=CARTESIAN_POINT('Origin',(4.11923881554251,16.8,0.));
#3414=CARTESIAN_POINT('',(4.11923881554251,16.8,0.));
#3415=CARTESIAN_POINT('',(7.01923881554252,13.9,0.));
#3416=CARTESIAN_POINT('Origin',(1.8,16.8,0.));
#3417=CARTESIAN_POINT('',(1.8,16.8,0.));
#3418=CARTESIAN_POINT('Origin',(1.79999999999999,20.,0.));
#3419=CARTESIAN_POINT('Origin',(-3.81777942592976E-15,13.6,0.));
#3420=CARTESIAN_POINT('',(-3.81777942592976E-15,13.6,0.));
#3421=CARTESIAN_POINT('Origin',(0.499999999999997,13.6,0.));
#3422=CARTESIAN_POINT('',(0.499999999999997,13.6,0.));
#3423=CARTESIAN_POINT('Origin',(0.499999999999997,13.1,0.));
#3424=CARTESIAN_POINT('',(0.499999999999997,13.1,0.));
#3425=CARTESIAN_POINT('Origin',(1.8,13.1,0.));
#3426=CARTESIAN_POINT('',(1.8,13.1,0.));
#3427=CARTESIAN_POINT('Origin',(1.8,15.5,0.));
#3428=CARTESIAN_POINT('',(1.8,15.5,0.));
#3429=CARTESIAN_POINT('Origin',(3.58076118445749,15.5,0.));
#3430=CARTESIAN_POINT('Origin',(6.1,32.9807611844576,0.));
#3431=CARTESIAN_POINT('',(6.1,32.9807611844576,0.));
#3432=CARTESIAN_POINT('Origin',(10.,10.,0.));
#3433=CARTESIAN_POINT('',(11.7677669529664,11.7677669529664,0.));
#3434=CARTESIAN_POINT('Origin',(20.,38.499999986589,0.));
#3435=CARTESIAN_POINT('',(20.,33.5498186797049,0.));
#3436=CARTESIAN_POINT('Origin',(18.2,35.4498186797,0.));
#3437=CARTESIAN_POINT('',(18.2,35.4498186797,0.));
#3438=CARTESIAN_POINT('',(16.3690574952425,35.4498186797,0.));
#3439=CARTESIAN_POINT('Origin',(18.2,33.0498186797,0.));
#3440=CARTESIAN_POINT('',(18.2,33.0498186797,0.));
#3441=CARTESIAN_POINT('Origin',(19.5,33.0498186797049,0.));
#3442=CARTESIAN_POINT('',(19.5,33.0498186797049,0.));
#3443=CARTESIAN_POINT('Origin',(19.5,33.5498186797049,0.));
#3444=CARTESIAN_POINT('',(19.5,33.5498186797049,0.));
#3445=CARTESIAN_POINT('Origin',(20.,33.5498186797049,0.));
#3446=CARTESIAN_POINT('Origin',(15.4498186797,38.2,0.));
#3447=CARTESIAN_POINT('',(15.4498186797,36.3690574952425,0.));
#3448=CARTESIAN_POINT('',(15.4498186797,38.2,0.));
#3449=CARTESIAN_POINT('Origin',(13.0498186797049,39.5,0.));
#3450=CARTESIAN_POINT('',(13.0498186797,38.2,0.));
#3451=CARTESIAN_POINT('',(13.0498186797049,39.5,0.));
#3452=CARTESIAN_POINT('Origin',(13.5498186797049,40.,0.));
#3453=CARTESIAN_POINT('',(13.5498186797049,39.5,0.));
#3454=CARTESIAN_POINT('Origin',(7.01923881554244,33.9,0.));
#3455=CARTESIAN_POINT('',(7.01923881554244,33.9,0.));
#3456=CARTESIAN_POINT('',(12.9807611844575,33.9,0.));
#3457=CARTESIAN_POINT('Origin',(10.,30.,0.));
#3458=CARTESIAN_POINT('',(11.7677669529664,28.2322330470336,0.));
#3459=CARTESIAN_POINT('Origin',(12.9807611844575,33.9,0.));
#3460=CARTESIAN_POINT('Origin',(13.9,30.,0.));
#3461=CARTESIAN_POINT('',(13.9,27.0192388155425,0.));
#3462=CARTESIAN_POINT('',(13.9,32.9807611844575,0.));
#3463=CARTESIAN_POINT('Origin',(16.8,35.8807611844575,0.));
#3464=CARTESIAN_POINT('Origin',(13.1,39.5,0.));
#3465=CARTESIAN_POINT('Origin',(15.5,38.2,0.));
#3466=CARTESIAN_POINT('Origin',(13.9,27.0192388155425,0.));
#3467=CARTESIAN_POINT('',(16.4192388155425,24.5,0.));
#3468=CARTESIAN_POINT('Origin',(12.9807611844575,26.1,0.));
#3469=CARTESIAN_POINT('',(12.9807611844575,26.1,0.));
#3470=CARTESIAN_POINT('Origin',(15.8807611844575,23.2,0.));
#3471=CARTESIAN_POINT('',(15.8807611844575,23.2,0.));
#3472=CARTESIAN_POINT('Origin',(18.2,23.2,0.));
#3473=CARTESIAN_POINT('',(18.2,23.2,0.));
#3474=CARTESIAN_POINT('Origin',(19.5,26.4,0.));
#3475=CARTESIAN_POINT('',(19.5,26.4,0.));
#3476=CARTESIAN_POINT('',(20.,26.4,0.));
#3477=CARTESIAN_POINT('Origin',(19.5,26.9,0.));
#3478=CARTESIAN_POINT('',(19.5,26.9,0.));
#3479=CARTESIAN_POINT('Origin',(18.2,26.9,0.));
#3480=CARTESIAN_POINT('',(18.2,26.9,0.));
#3481=CARTESIAN_POINT('Origin',(18.2,24.5,0.));
#3482=CARTESIAN_POINT('',(18.2,24.5,0.));
#3483=CARTESIAN_POINT('Origin',(16.4192388155425,24.5,0.));
#3484=CARTESIAN_POINT('Origin',(13.9,12.9807611844575,0.));
#3485=CARTESIAN_POINT('',(16.4192388155425,15.5,0.));
#3486=CARTESIAN_POINT('',(13.9,12.9807611844575,0.));
#3487=CARTESIAN_POINT('Origin',(15.8807611844575,16.8,0.));
#3488=CARTESIAN_POINT('',(12.9807611844575,13.9,0.));
#3489=CARTESIAN_POINT('',(15.8807611844575,16.8,0.));
#3490=CARTESIAN_POINT('Origin',(18.2,16.8,0.));
#3491=CARTESIAN_POINT('',(18.2,16.8,0.));
#3492=CARTESIAN_POINT('Origin',(18.2,20.,0.));
#3493=CARTESIAN_POINT('Origin',(20.,13.6,0.));
#3494=CARTESIAN_POINT('',(20.,13.6,0.));
#3495=CARTESIAN_POINT('Origin',(19.5,13.6,0.));
#3496=CARTESIAN_POINT('',(19.5,13.6,0.));
#3497=CARTESIAN_POINT('Origin',(19.5,13.1,0.));
#3498=CARTESIAN_POINT('',(19.5,13.1,0.));
#3499=CARTESIAN_POINT('Origin',(18.2,13.1,0.));
#3500=CARTESIAN_POINT('',(18.2,13.1,0.));
#3501=CARTESIAN_POINT('Origin',(18.2,15.5,0.));
#3502=CARTESIAN_POINT('',(18.2,15.5,0.));
#3503=CARTESIAN_POINT('Origin',(16.4192388155425,15.5,0.));
#3504=CARTESIAN_POINT('Origin',(13.9,7.01923881554252,0.));
#3505=CARTESIAN_POINT('',(13.9,7.01923881554252,0.));
#3506=CARTESIAN_POINT('Origin',(12.4,13.9,0.));
#3507=CARTESIAN_POINT('Origin',(16.8,4.11923881554252,0.));
#3508=CARTESIAN_POINT('Origin',(13.6,-7.97972798949331E-16,0.));
#3509=CARTESIAN_POINT('Origin',(15.5,1.8,0.));
#3510=CARTESIAN_POINT('Origin',(6.1,7.01923881554244,0.));
#3511=CARTESIAN_POINT('',(6.1,7.01923881554244,0.));
#3512=CARTESIAN_POINT('Origin',(3.63094250475749,4.5501813203,0.));
#3513=CARTESIAN_POINT('',(3.63094250475749,4.5501813203,0.));
#3514=CARTESIAN_POINT('Origin',(1.8,4.5501813203,0.));
#3515=CARTESIAN_POINT('',(1.8,4.5501813203,0.));
#3516=CARTESIAN_POINT('Origin',(1.8,6.9501813203,0.));
#3517=CARTESIAN_POINT('',(1.8,6.9501813203,0.));
#3518=CARTESIAN_POINT('Origin',(0.499999999999997,6.95018132029507,0.));
#3519=CARTESIAN_POINT('',(0.499999999999997,6.95018132029507,0.));
#3520=CARTESIAN_POINT('Origin',(0.499999999999997,6.45018132029507,0.));
#3521=CARTESIAN_POINT('',(0.499999999999997,6.45018132029507,0.));
#3522=CARTESIAN_POINT('Origin',(-1.43222796295974E-15,6.45018132029507,
0.));
#3523=CARTESIAN_POINT('',(-1.43222796295974E-15,6.45018132029507,0.));
#3524=CARTESIAN_POINT('Origin',(-3.4709409636173E-16,1.50000001341104,0.));
#3525=CARTESIAN_POINT('',(-3.4709409636173E-16,1.50000001341104,0.));
#3526=CARTESIAN_POINT('Origin',(4.5501813203,3.63094250475749,0.));
#3527=CARTESIAN_POINT('',(4.5501813203,3.63094250475749,0.));
#3528=CARTESIAN_POINT('Origin',(4.5501813203,1.8,0.));
#3529=CARTESIAN_POINT('',(4.5501813203,1.8,0.));
#3530=CARTESIAN_POINT('Origin',(6.9501813203,1.8,0.));
#3531=CARTESIAN_POINT('',(6.9501813203,1.8,0.));
#3532=CARTESIAN_POINT('Origin',(6.95018132029507,0.499999999999998,0.));
#3533=CARTESIAN_POINT('',(6.95018132029507,0.499999999999998,0.));
#3534=CARTESIAN_POINT('Origin',(6.45018132029507,0.499999999999998,0.));
#3535=CARTESIAN_POINT('',(6.45018132029507,0.499999999999998,0.));
#3536=CARTESIAN_POINT('Origin',(6.45018132029507,0.,0.));
#3537=CARTESIAN_POINT('',(6.45018132029507,0.,0.));
#3538=CARTESIAN_POINT('Origin',(1.50000001341104,-1.4027185996333E-17,0.));
#3539=CARTESIAN_POINT('',(1.50000001341104,-1.4027185996333E-17,0.));
#3540=CARTESIAN_POINT('Origin',(1.50000001341104,1.50000001341104,0.));
#3541=CARTESIAN_POINT('Origin',(3.63094250475749,35.4498186797,0.));
#3542=CARTESIAN_POINT('',(3.63094250475749,35.4498186797,0.));
#3543=CARTESIAN_POINT('Origin',(1.8,35.4498186797,0.));
#3544=CARTESIAN_POINT('',(1.8,35.4498186797,0.));
#3545=CARTESIAN_POINT('Origin',(1.8,33.0498186797,0.));
#3546=CARTESIAN_POINT('',(1.8,33.0498186797,0.));
#3547=CARTESIAN_POINT('Origin',(0.499999999999997,33.0498186797049,0.));
#3548=CARTESIAN_POINT('',(0.499999999999997,33.0498186797049,0.));
#3549=CARTESIAN_POINT('Origin',(0.499999999999997,33.5498186797049,0.));
#3550=CARTESIAN_POINT('',(0.499999999999997,33.5498186797049,0.));
#3551=CARTESIAN_POINT('Origin',(-1.43222796295974E-15,33.5498186797049,
0.));
#3552=CARTESIAN_POINT('',(-1.43222796295974E-15,33.5498186797049,0.));
#3553=CARTESIAN_POINT('Origin',(-3.4709409636173E-16,38.499999986589,0.));
#3554=CARTESIAN_POINT('',(-3.4709409636173E-16,38.499999986589,0.));
#3555=CARTESIAN_POINT('Origin',(4.5501813203,36.3690574952425,0.));
#3556=CARTESIAN_POINT('',(4.5501813203,36.3690574952425,0.));
#3557=CARTESIAN_POINT('Origin',(4.5501813203,38.2,0.));
#3558=CARTESIAN_POINT('',(4.5501813203,38.2,0.));
#3559=CARTESIAN_POINT('Origin',(6.9501813203,38.2,0.));
#3560=CARTESIAN_POINT('',(6.9501813203,38.2,0.));
#3561=CARTESIAN_POINT('Origin',(6.95018132029507,39.5,0.));
#3562=CARTESIAN_POINT('',(6.95018132029507,39.5,0.));
#3563=CARTESIAN_POINT('Origin',(6.45018132029507,39.5,0.));
#3564=CARTESIAN_POINT('',(6.45018132029507,39.5,0.));
#3565=CARTESIAN_POINT('Origin',(6.45018132029507,40.,0.));
#3566=CARTESIAN_POINT('',(6.45018132029507,40.,0.));
#3567=CARTESIAN_POINT('Origin',(1.50000001341104,40.,0.));
#3568=CARTESIAN_POINT('',(1.50000001341104,40.,0.));
#3569=CARTESIAN_POINT('Origin',(1.50000001341104,38.499999986589,0.));
#3570=UNCERTAINTY_MEASURE_WITH_UNIT(LENGTH_MEASURE(0.01),#3574,
'DISTANCE_ACCURACY_VALUE',
'Maximum model space distance between geometric entities at asserted c
onnectivities');
#3571=UNCERTAINTY_MEASURE_WITH_UNIT(LENGTH_MEASURE(0.01),#3574,
'DISTANCE_ACCURACY_VALUE',
'Maximum model space distance between geometric entities at asserted c
onnectivities');
#3572=(
GEOMETRIC_REPRESENTATION_CONTEXT(3)
GLOBAL_UNCERTAINTY_ASSIGNED_CONTEXT((#3570))
GLOBAL_UNIT_ASSIGNED_CONTEXT((#3574,#3576,#3577))
REPRESENTATION_CONTEXT('','3D')
);
#3573=(
GEOMETRIC_REPRESENTATION_CONTEXT(3)
GLOBAL_UNCERTAINTY_ASSIGNED_CONTEXT((#3571))
GLOBAL_UNIT_ASSIGNED_CONTEXT((#3574,#3576,#3577))
REPRESENTATION_CONTEXT('','3D')
);
#3574=(
LENGTH_UNIT()
NAMED_UNIT(*)
SI_UNIT(.MILLI.,.METRE.)
);
#3575=(
LENGTH_UNIT()
NAMED_UNIT(*)
SI_UNIT($,.METRE.)
);
#3576=(
NAMED_UNIT(*)
PLANE_ANGLE_UNIT()
SI_UNIT($,.RADIAN.)
);
#3577=(
NAMED_UNIT(*)
SI_UNIT($,.STERADIAN.)
SOLID_ANGLE_UNIT()
);
#3578=SHAPE_DEFINITION_REPRESENTATION(#3579,#3580);
#3579=PRODUCT_DEFINITION_SHAPE('',$,#3582);
#3580=SHAPE_REPRESENTATION('',(#2262),#3572);
#3581=PRODUCT_DEFINITION_CONTEXT('part definition',#3586,'design');
#3582=PRODUCT_DEFINITION('Parametric 2020 Extrusion',
'Parametric 2020 Extrusion v12',#3583,#3581);
#3583=PRODUCT_DEFINITION_FORMATION('',$,#3588);
#3584=PRODUCT_RELATED_PRODUCT_CATEGORY('Parametric 2020 Extrusion v12',
'Parametric 2020 Extrusion v12',(#3588));
#3585=APPLICATION_PROTOCOL_DEFINITION('international standard',
'ap242_managed_model_based_3d_engineering',2011,#3586);
#3586=APPLICATION_CONTEXT('Managed model based 3d engineering');
#3587=PRODUCT_CONTEXT('part definition',#3586,'mechanical');
#3588=PRODUCT('Parametric 2020 Extrusion',
'Parametric 2020 Extrusion v12',$,(#3587));
#3589=PRESENTATION_STYLE_ASSIGNMENT((#3590));
#3590=SURFACE_STYLE_USAGE(.BOTH.,#3591);
#3591=SURFACE_SIDE_STYLE('',(#3592));
#3592=SURFACE_STYLE_FILL_AREA(#3593);
#3593=FILL_AREA_STYLE('ABS (White)',(#3594));
#3594=FILL_AREA_STYLE_COLOUR('ABS (White)',#3595);
#3595=COLOUR_RGB('ABS (White)',0.964705882352941,0.964705882352941,0.952941176470588);
ENDSEC;
END-ISO-10303-21;
