ISO-10303-21;
HEADER;
/* Generated by software containing ST-Developer
 * from STEP Tools, Inc. (www.steptools.com) 
 */

FILE_DESCRIPTION(
/* description */ ('',
'CAx-IF Rec.Pracs.---Representation and Presentation of Product Manufa
cturing Information (PMI)---4.0---2014-10-13'),
/* implementation_level */ '2;1');

FILE_NAME(
/* name */ '4040 Aluminum Extrusion.step',
/* time_stamp */ '2024-12-26T21:48:08+01:00',
/* author */ (''),
/* organization */ (''),
/* preprocessor_version */ 'ST-DEVELOPER v20',
/* originating_system */ 'Autodesk Translation Framework v13.20.0.188',

/* authorisation */ '');

FILE_SCHEMA (('AP242_MANAGED_MODEL_BASED_3D_ENGINEERING_MIM_LF { 1 0 10303 442 1 1 4 }'));
ENDSEC;

DATA;
#10=MECHANICAL_DESIGN_GEOMETRIC_PRESENTATION_REPRESENTATION('',(#13),#5243);
#11=SHAPE_REPRESENTATION_RELATIONSHIP('SRR','None',#5250,#12);
#12=ADVANCED_BREP_SHAPE_REPRESENTATION('',(#14),#5242);
#13=STYLED_ITEM('',(#5259),#14);
#14=MANIFOLD_SOLID_BREP('Extrusion',#3295);
#15=FACE_BOUND('',#255,.T.);
#16=FACE_BOUND('',#256,.T.);
#17=FACE_BOUND('',#257,.T.);
#18=FACE_BOUND('',#258,.T.);
#19=FACE_BOUND('',#259,.T.);
#20=FACE_BOUND('',#382,.T.);
#21=FACE_BOUND('',#383,.T.);
#22=FACE_BOUND('',#384,.T.);
#23=FACE_BOUND('',#385,.T.);
#24=FACE_BOUND('',#386,.T.);
#25=CIRCLE('',#3324,1.50000001341104);
#26=CIRCLE('',#3325,1.50000001341104);
#27=CIRCLE('',#3346,2.5);
#28=CIRCLE('',#3347,2.5);
#29=CIRCLE('',#3349,1.50000001341104);
#30=CIRCLE('',#3350,1.50000001341104);
#31=CIRCLE('',#3351,1.50000001341104);
#32=CIRCLE('',#3352,2.5);
#33=CIRCLE('',#3353,2.5);
#34=CIRCLE('',#3354,2.5);
#35=CIRCLE('',#3355,1.5);
#36=CIRCLE('',#3356,1.5);
#37=CIRCLE('',#3357,1.5);
#38=CIRCLE('',#3358,1.5);
#39=CIRCLE('',#3374,1.50000001341104);
#40=CIRCLE('',#3387,1.5);
#41=CIRCLE('',#3399,2.5);
#42=CIRCLE('',#3404,1.5);
#43=CIRCLE('',#3425,2.5);
#44=CIRCLE('',#3430,1.5);
#45=CIRCLE('',#3441,1.5);
#46=CIRCLE('',#3461,2.5);
#47=CIRCLE('',#3471,1.50000001341104);
#48=CIRCLE('',#3489,1.50000001341104);
#49=CYLINDRICAL_SURFACE('',#3323,1.50000001341104);
#50=CYLINDRICAL_SURFACE('',#3345,2.5);
#51=CYLINDRICAL_SURFACE('',#3373,1.50000001341104);
#52=CYLINDRICAL_SURFACE('',#3386,1.5);
#53=CYLINDRICAL_SURFACE('',#3398,2.5);
#54=CYLINDRICAL_SURFACE('',#3403,1.5);
#55=CYLINDRICAL_SURFACE('',#3424,2.5);
#56=CYLINDRICAL_SURFACE('',#3429,1.5);
#57=CYLINDRICAL_SURFACE('',#3440,1.5);
#58=CYLINDRICAL_SURFACE('',#3460,2.5);
#59=CYLINDRICAL_SURFACE('',#3470,1.50000001341104);
#60=CYLINDRICAL_SURFACE('',#3488,1.50000001341104);
#61=FACE_OUTER_BOUND('',#219,.T.);
#62=FACE_OUTER_BOUND('',#220,.T.);
#63=FACE_OUTER_BOUND('',#221,.T.);
#64=FACE_OUTER_BOUND('',#222,.T.);
#65=FACE_OUTER_BOUND('',#223,.T.);
#66=FACE_OUTER_BOUND('',#224,.T.);
#67=FACE_OUTER_BOUND('',#225,.T.);
#68=FACE_OUTER_BOUND('',#226,.T.);
#69=FACE_OUTER_BOUND('',#227,.T.);
#70=FACE_OUTER_BOUND('',#228,.T.);
#71=FACE_OUTER_BOUND('',#229,.T.);
#72=FACE_OUTER_BOUND('',#230,.T.);
#73=FACE_OUTER_BOUND('',#231,.T.);
#74=FACE_OUTER_BOUND('',#232,.T.);
#75=FACE_OUTER_BOUND('',#233,.T.);
#76=FACE_OUTER_BOUND('',#234,.T.);
#77=FACE_OUTER_BOUND('',#235,.T.);
#78=FACE_OUTER_BOUND('',#236,.T.);
#79=FACE_OUTER_BOUND('',#237,.T.);
#80=FACE_OUTER_BOUND('',#238,.T.);
#81=FACE_OUTER_BOUND('',#239,.T.);
#82=FACE_OUTER_BOUND('',#240,.T.);
#83=FACE_OUTER_BOUND('',#241,.T.);
#84=FACE_OUTER_BOUND('',#242,.T.);
#85=FACE_OUTER_BOUND('',#243,.T.);
#86=FACE_OUTER_BOUND('',#244,.T.);
#87=FACE_OUTER_BOUND('',#245,.T.);
#88=FACE_OUTER_BOUND('',#246,.T.);
#89=FACE_OUTER_BOUND('',#247,.T.);
#90=FACE_OUTER_BOUND('',#248,.T.);
#91=FACE_OUTER_BOUND('',#249,.T.);
#92=FACE_OUTER_BOUND('',#250,.T.);
#93=FACE_OUTER_BOUND('',#251,.T.);
#94=FACE_OUTER_BOUND('',#252,.T.);
#95=FACE_OUTER_BOUND('',#253,.T.);
#96=FACE_OUTER_BOUND('',#254,.T.);
#97=FACE_OUTER_BOUND('',#260,.T.);
#98=FACE_OUTER_BOUND('',#261,.T.);
#99=FACE_OUTER_BOUND('',#262,.T.);
#100=FACE_OUTER_BOUND('',#263,.T.);
#101=FACE_OUTER_BOUND('',#264,.T.);
#102=FACE_OUTER_BOUND('',#265,.T.);
#103=FACE_OUTER_BOUND('',#266,.T.);
#104=FACE_OUTER_BOUND('',#267,.T.);
#105=FACE_OUTER_BOUND('',#268,.T.);
#106=FACE_OUTER_BOUND('',#269,.T.);
#107=FACE_OUTER_BOUND('',#270,.T.);
#108=FACE_OUTER_BOUND('',#271,.T.);
#109=FACE_OUTER_BOUND('',#272,.T.);
#110=FACE_OUTER_BOUND('',#273,.T.);
#111=FACE_OUTER_BOUND('',#274,.T.);
#112=FACE_OUTER_BOUND('',#275,.T.);
#113=FACE_OUTER_BOUND('',#276,.T.);
#114=FACE_OUTER_BOUND('',#277,.T.);
#115=FACE_OUTER_BOUND('',#278,.T.);
#116=FACE_OUTER_BOUND('',#279,.T.);
#117=FACE_OUTER_BOUND('',#280,.T.);
#118=FACE_OUTER_BOUND('',#281,.T.);
#119=FACE_OUTER_BOUND('',#282,.T.);
#120=FACE_OUTER_BOUND('',#283,.T.);
#121=FACE_OUTER_BOUND('',#284,.T.);
#122=FACE_OUTER_BOUND('',#285,.T.);
#123=FACE_OUTER_BOUND('',#286,.T.);
#124=FACE_OUTER_BOUND('',#287,.T.);
#125=FACE_OUTER_BOUND('',#288,.T.);
#126=FACE_OUTER_BOUND('',#289,.T.);
#127=FACE_OUTER_BOUND('',#290,.T.);
#128=FACE_OUTER_BOUND('',#291,.T.);
#129=FACE_OUTER_BOUND('',#292,.T.);
#130=FACE_OUTER_BOUND('',#293,.T.);
#131=FACE_OUTER_BOUND('',#294,.T.);
#132=FACE_OUTER_BOUND('',#295,.T.);
#133=FACE_OUTER_BOUND('',#296,.T.);
#134=FACE_OUTER_BOUND('',#297,.T.);
#135=FACE_OUTER_BOUND('',#298,.T.);
#136=FACE_OUTER_BOUND('',#299,.T.);
#137=FACE_OUTER_BOUND('',#300,.T.);
#138=FACE_OUTER_BOUND('',#301,.T.);
#139=FACE_OUTER_BOUND('',#302,.T.);
#140=FACE_OUTER_BOUND('',#303,.T.);
#141=FACE_OUTER_BOUND('',#304,.T.);
#142=FACE_OUTER_BOUND('',#305,.T.);
#143=FACE_OUTER_BOUND('',#306,.T.);
#144=FACE_OUTER_BOUND('',#307,.T.);
#145=FACE_OUTER_BOUND('',#308,.T.);
#146=FACE_OUTER_BOUND('',#309,.T.);
#147=FACE_OUTER_BOUND('',#310,.T.);
#148=FACE_OUTER_BOUND('',#311,.T.);
#149=FACE_OUTER_BOUND('',#312,.T.);
#150=FACE_OUTER_BOUND('',#313,.T.);
#151=FACE_OUTER_BOUND('',#314,.T.);
#152=FACE_OUTER_BOUND('',#315,.T.);
#153=FACE_OUTER_BOUND('',#316,.T.);
#154=FACE_OUTER_BOUND('',#317,.T.);
#155=FACE_OUTER_BOUND('',#318,.T.);
#156=FACE_OUTER_BOUND('',#319,.T.);
#157=FACE_OUTER_BOUND('',#320,.T.);
#158=FACE_OUTER_BOUND('',#321,.T.);
#159=FACE_OUTER_BOUND('',#322,.T.);
#160=FACE_OUTER_BOUND('',#323,.T.);
#161=FACE_OUTER_BOUND('',#324,.T.);
#162=FACE_OUTER_BOUND('',#325,.T.);
#163=FACE_OUTER_BOUND('',#326,.T.);
#164=FACE_OUTER_BOUND('',#327,.T.);
#165=FACE_OUTER_BOUND('',#328,.T.);
#166=FACE_OUTER_BOUND('',#329,.T.);
#167=FACE_OUTER_BOUND('',#330,.T.);
#168=FACE_OUTER_BOUND('',#331,.T.);
#169=FACE_OUTER_BOUND('',#332,.T.);
#170=FACE_OUTER_BOUND('',#333,.T.);
#171=FACE_OUTER_BOUND('',#334,.T.);
#172=FACE_OUTER_BOUND('',#335,.T.);
#173=FACE_OUTER_BOUND('',#336,.T.);
#174=FACE_OUTER_BOUND('',#337,.T.);
#175=FACE_OUTER_BOUND('',#338,.T.);
#176=FACE_OUTER_BOUND('',#339,.T.);
#177=FACE_OUTER_BOUND('',#340,.T.);
#178=FACE_OUTER_BOUND('',#341,.T.);
#179=FACE_OUTER_BOUND('',#342,.T.);
#180=FACE_OUTER_BOUND('',#343,.T.);
#181=FACE_OUTER_BOUND('',#344,.T.);
#182=FACE_OUTER_BOUND('',#345,.T.);
#183=FACE_OUTER_BOUND('',#346,.T.);
#184=FACE_OUTER_BOUND('',#347,.T.);
#185=FACE_OUTER_BOUND('',#348,.T.);
#186=FACE_OUTER_BOUND('',#349,.T.);
#187=FACE_OUTER_BOUND('',#350,.T.);
#188=FACE_OUTER_BOUND('',#351,.T.);
#189=FACE_OUTER_BOUND('',#352,.T.);
#190=FACE_OUTER_BOUND('',#353,.T.);
#191=FACE_OUTER_BOUND('',#354,.T.);
#192=FACE_OUTER_BOUND('',#355,.T.);
#193=FACE_OUTER_BOUND('',#356,.T.);
#194=FACE_OUTER_BOUND('',#357,.T.);
#195=FACE_OUTER_BOUND('',#358,.T.);
#196=FACE_OUTER_BOUND('',#359,.T.);
#197=FACE_OUTER_BOUND('',#360,.T.);
#198=FACE_OUTER_BOUND('',#361,.T.);
#199=FACE_OUTER_BOUND('',#362,.T.);
#200=FACE_OUTER_BOUND('',#363,.T.);
#201=FACE_OUTER_BOUND('',#364,.T.);
#202=FACE_OUTER_BOUND('',#365,.T.);
#203=FACE_OUTER_BOUND('',#366,.T.);
#204=FACE_OUTER_BOUND('',#367,.T.);
#205=FACE_OUTER_BOUND('',#368,.T.);
#206=FACE_OUTER_BOUND('',#369,.T.);
#207=FACE_OUTER_BOUND('',#370,.T.);
#208=FACE_OUTER_BOUND('',#371,.T.);
#209=FACE_OUTER_BOUND('',#372,.T.);
#210=FACE_OUTER_BOUND('',#373,.T.);
#211=FACE_OUTER_BOUND('',#374,.T.);
#212=FACE_OUTER_BOUND('',#375,.T.);
#213=FACE_OUTER_BOUND('',#376,.T.);
#214=FACE_OUTER_BOUND('',#377,.T.);
#215=FACE_OUTER_BOUND('',#378,.T.);
#216=FACE_OUTER_BOUND('',#379,.T.);
#217=FACE_OUTER_BOUND('',#380,.T.);
#218=FACE_OUTER_BOUND('',#381,.T.);
#219=EDGE_LOOP('',(#2055,#2056,#2057,#2058));
#220=EDGE_LOOP('',(#2059,#2060,#2061,#2062));
#221=EDGE_LOOP('',(#2063,#2064,#2065,#2066));
#222=EDGE_LOOP('',(#2067,#2068,#2069,#2070));
#223=EDGE_LOOP('',(#2071,#2072,#2073,#2074));
#224=EDGE_LOOP('',(#2075,#2076,#2077,#2078));
#225=EDGE_LOOP('',(#2079,#2080,#2081,#2082));
#226=EDGE_LOOP('',(#2083,#2084,#2085,#2086));
#227=EDGE_LOOP('',(#2087,#2088,#2089,#2090));
#228=EDGE_LOOP('',(#2091,#2092,#2093,#2094));
#229=EDGE_LOOP('',(#2095,#2096,#2097,#2098));
#230=EDGE_LOOP('',(#2099,#2100,#2101,#2102));
#231=EDGE_LOOP('',(#2103,#2104,#2105,#2106));
#232=EDGE_LOOP('',(#2107,#2108,#2109,#2110));
#233=EDGE_LOOP('',(#2111,#2112,#2113,#2114));
#234=EDGE_LOOP('',(#2115,#2116,#2117,#2118));
#235=EDGE_LOOP('',(#2119,#2120,#2121,#2122));
#236=EDGE_LOOP('',(#2123,#2124,#2125,#2126));
#237=EDGE_LOOP('',(#2127,#2128,#2129,#2130));
#238=EDGE_LOOP('',(#2131,#2132,#2133,#2134));
#239=EDGE_LOOP('',(#2135,#2136,#2137,#2138));
#240=EDGE_LOOP('',(#2139,#2140,#2141,#2142));
#241=EDGE_LOOP('',(#2143,#2144,#2145,#2146));
#242=EDGE_LOOP('',(#2147,#2148,#2149,#2150));
#243=EDGE_LOOP('',(#2151,#2152,#2153,#2154));
#244=EDGE_LOOP('',(#2155,#2156,#2157,#2158));
#245=EDGE_LOOP('',(#2159,#2160,#2161,#2162));
#246=EDGE_LOOP('',(#2163,#2164,#2165,#2166));
#247=EDGE_LOOP('',(#2167,#2168,#2169,#2170));
#248=EDGE_LOOP('',(#2171,#2172,#2173,#2174));
#249=EDGE_LOOP('',(#2175,#2176,#2177,#2178));
#250=EDGE_LOOP('',(#2179,#2180,#2181,#2182));
#251=EDGE_LOOP('',(#2183,#2184,#2185,#2186));
#252=EDGE_LOOP('',(#2187,#2188,#2189,#2190));
#253=EDGE_LOOP('',(#2191,#2192,#2193,#2194));
#254=EDGE_LOOP('',(#2195,#2196,#2197,#2198,#2199,#2200,#2201,#2202,#2203,
#2204,#2205,#2206,#2207,#2208,#2209,#2210,#2211,#2212,#2213,#2214,#2215,
#2216,#2217,#2218,#2219,#2220,#2221,#2222,#2223,#2224,#2225,#2226,#2227,
#2228,#2229,#2230,#2231,#2232,#2233,#2234,#2235,#2236,#2237,#2238,#2239,
#2240,#2241,#2242,#2243,#2244,#2245,#2246,#2247,#2248,#2249,#2250,#2251,
#2252,#2253,#2254,#2255,#2256,#2257,#2258,#2259,#2260,#2261,#2262,#2263,
#2264,#2265,#2266,#2267,#2268,#2269,#2270,#2271,#2272,#2273,#2274,#2275,
#2276,#2277,#2278,#2279,#2280,#2281,#2282,#2283,#2284,#2285,#2286,#2287,
#2288,#2289,#2290,#2291,#2292,#2293,#2294,#2295,#2296,#2297,#2298,#2299,
#2300,#2301,#2302,#2303,#2304,#2305,#2306,#2307,#2308,#2309,#2310,#2311,
#2312,#2313,#2314));
#255=EDGE_LOOP('',(#2315));
#256=EDGE_LOOP('',(#2316));
#257=EDGE_LOOP('',(#2317));
#258=EDGE_LOOP('',(#2318));
#259=EDGE_LOOP('',(#2319,#2320,#2321,#2322,#2323,#2324,#2325,#2326,#2327,
#2328,#2329,#2330,#2331,#2332,#2333,#2334,#2335,#2336,#2337,#2338,#2339,
#2340,#2341,#2342,#2343,#2344,#2345,#2346,#2347,#2348,#2349,#2350));
#260=EDGE_LOOP('',(#2351,#2352,#2353,#2354));
#261=EDGE_LOOP('',(#2355,#2356,#2357,#2358));
#262=EDGE_LOOP('',(#2359,#2360,#2361,#2362));
#263=EDGE_LOOP('',(#2363,#2364,#2365,#2366));
#264=EDGE_LOOP('',(#2367,#2368,#2369,#2370));
#265=EDGE_LOOP('',(#2371,#2372,#2373,#2374));
#266=EDGE_LOOP('',(#2375,#2376,#2377,#2378));
#267=EDGE_LOOP('',(#2379,#2380,#2381,#2382));
#268=EDGE_LOOP('',(#2383,#2384,#2385,#2386));
#269=EDGE_LOOP('',(#2387,#2388,#2389,#2390));
#270=EDGE_LOOP('',(#2391,#2392,#2393,#2394));
#271=EDGE_LOOP('',(#2395,#2396,#2397,#2398));
#272=EDGE_LOOP('',(#2399,#2400,#2401,#2402));
#273=EDGE_LOOP('',(#2403,#2404,#2405,#2406));
#274=EDGE_LOOP('',(#2407,#2408,#2409,#2410));
#275=EDGE_LOOP('',(#2411,#2412,#2413,#2414));
#276=EDGE_LOOP('',(#2415,#2416,#2417,#2418));
#277=EDGE_LOOP('',(#2419,#2420,#2421,#2422));
#278=EDGE_LOOP('',(#2423,#2424,#2425,#2426));
#279=EDGE_LOOP('',(#2427,#2428,#2429,#2430));
#280=EDGE_LOOP('',(#2431,#2432,#2433,#2434));
#281=EDGE_LOOP('',(#2435,#2436,#2437,#2438));
#282=EDGE_LOOP('',(#2439,#2440,#2441,#2442));
#283=EDGE_LOOP('',(#2443,#2444,#2445,#2446));
#284=EDGE_LOOP('',(#2447,#2448,#2449,#2450));
#285=EDGE_LOOP('',(#2451,#2452,#2453,#2454));
#286=EDGE_LOOP('',(#2455,#2456,#2457,#2458));
#287=EDGE_LOOP('',(#2459,#2460,#2461,#2462));
#288=EDGE_LOOP('',(#2463,#2464,#2465,#2466));
#289=EDGE_LOOP('',(#2467,#2468,#2469,#2470));
#290=EDGE_LOOP('',(#2471,#2472,#2473,#2474));
#291=EDGE_LOOP('',(#2475,#2476,#2477,#2478));
#292=EDGE_LOOP('',(#2479,#2480,#2481,#2482));
#293=EDGE_LOOP('',(#2483,#2484,#2485,#2486));
#294=EDGE_LOOP('',(#2487,#2488,#2489,#2490));
#295=EDGE_LOOP('',(#2491,#2492,#2493,#2494));
#296=EDGE_LOOP('',(#2495,#2496,#2497,#2498));
#297=EDGE_LOOP('',(#2499,#2500,#2501,#2502));
#298=EDGE_LOOP('',(#2503,#2504,#2505,#2506));
#299=EDGE_LOOP('',(#2507,#2508,#2509,#2510));
#300=EDGE_LOOP('',(#2511,#2512,#2513,#2514));
#301=EDGE_LOOP('',(#2515,#2516,#2517,#2518));
#302=EDGE_LOOP('',(#2519,#2520,#2521,#2522));
#303=EDGE_LOOP('',(#2523,#2524,#2525,#2526));
#304=EDGE_LOOP('',(#2527,#2528,#2529,#2530));
#305=EDGE_LOOP('',(#2531,#2532,#2533,#2534));
#306=EDGE_LOOP('',(#2535,#2536,#2537,#2538));
#307=EDGE_LOOP('',(#2539,#2540,#2541,#2542));
#308=EDGE_LOOP('',(#2543,#2544,#2545,#2546));
#309=EDGE_LOOP('',(#2547,#2548,#2549,#2550));
#310=EDGE_LOOP('',(#2551,#2552,#2553,#2554));
#311=EDGE_LOOP('',(#2555,#2556,#2557,#2558));
#312=EDGE_LOOP('',(#2559,#2560,#2561,#2562));
#313=EDGE_LOOP('',(#2563,#2564,#2565,#2566));
#314=EDGE_LOOP('',(#2567,#2568,#2569,#2570));
#315=EDGE_LOOP('',(#2571,#2572,#2573,#2574));
#316=EDGE_LOOP('',(#2575,#2576,#2577,#2578));
#317=EDGE_LOOP('',(#2579,#2580,#2581,#2582));
#318=EDGE_LOOP('',(#2583,#2584,#2585,#2586));
#319=EDGE_LOOP('',(#2587,#2588,#2589,#2590));
#320=EDGE_LOOP('',(#2591,#2592,#2593,#2594));
#321=EDGE_LOOP('',(#2595,#2596,#2597,#2598));
#322=EDGE_LOOP('',(#2599,#2600,#2601,#2602));
#323=EDGE_LOOP('',(#2603,#2604,#2605,#2606));
#324=EDGE_LOOP('',(#2607,#2608,#2609,#2610));
#325=EDGE_LOOP('',(#2611,#2612,#2613,#2614));
#326=EDGE_LOOP('',(#2615,#2616,#2617,#2618));
#327=EDGE_LOOP('',(#2619,#2620,#2621,#2622));
#328=EDGE_LOOP('',(#2623,#2624,#2625,#2626));
#329=EDGE_LOOP('',(#2627,#2628,#2629,#2630));
#330=EDGE_LOOP('',(#2631,#2632,#2633,#2634));
#331=EDGE_LOOP('',(#2635,#2636,#2637,#2638));
#332=EDGE_LOOP('',(#2639,#2640,#2641,#2642));
#333=EDGE_LOOP('',(#2643,#2644,#2645,#2646));
#334=EDGE_LOOP('',(#2647,#2648,#2649,#2650));
#335=EDGE_LOOP('',(#2651,#2652,#2653,#2654));
#336=EDGE_LOOP('',(#2655,#2656,#2657,#2658));
#337=EDGE_LOOP('',(#2659,#2660,#2661,#2662));
#338=EDGE_LOOP('',(#2663,#2664,#2665,#2666));
#339=EDGE_LOOP('',(#2667,#2668,#2669,#2670));
#340=EDGE_LOOP('',(#2671,#2672,#2673,#2674));
#341=EDGE_LOOP('',(#2675,#2676,#2677,#2678));
#342=EDGE_LOOP('',(#2679,#2680,#2681,#2682));
#343=EDGE_LOOP('',(#2683,#2684,#2685,#2686));
#344=EDGE_LOOP('',(#2687,#2688,#2689,#2690));
#345=EDGE_LOOP('',(#2691,#2692,#2693,#2694));
#346=EDGE_LOOP('',(#2695,#2696,#2697,#2698));
#347=EDGE_LOOP('',(#2699,#2700,#2701,#2702));
#348=EDGE_LOOP('',(#2703,#2704,#2705,#2706));
#349=EDGE_LOOP('',(#2707,#2708,#2709,#2710));
#350=EDGE_LOOP('',(#2711,#2712,#2713,#2714));
#351=EDGE_LOOP('',(#2715,#2716,#2717,#2718));
#352=EDGE_LOOP('',(#2719,#2720,#2721,#2722));
#353=EDGE_LOOP('',(#2723,#2724,#2725,#2726));
#354=EDGE_LOOP('',(#2727,#2728,#2729,#2730));
#355=EDGE_LOOP('',(#2731,#2732,#2733,#2734));
#356=EDGE_LOOP('',(#2735,#2736,#2737,#2738));
#357=EDGE_LOOP('',(#2739,#2740,#2741,#2742));
#358=EDGE_LOOP('',(#2743,#2744,#2745,#2746));
#359=EDGE_LOOP('',(#2747,#2748,#2749,#2750));
#360=EDGE_LOOP('',(#2751,#2752,#2753,#2754));
#361=EDGE_LOOP('',(#2755,#2756,#2757,#2758));
#362=EDGE_LOOP('',(#2759,#2760,#2761,#2762));
#363=EDGE_LOOP('',(#2763,#2764,#2765,#2766));
#364=EDGE_LOOP('',(#2767,#2768,#2769,#2770));
#365=EDGE_LOOP('',(#2771,#2772,#2773,#2774));
#366=EDGE_LOOP('',(#2775,#2776,#2777,#2778));
#367=EDGE_LOOP('',(#2779,#2780,#2781,#2782));
#368=EDGE_LOOP('',(#2783,#2784,#2785,#2786));
#369=EDGE_LOOP('',(#2787,#2788,#2789,#2790));
#370=EDGE_LOOP('',(#2791,#2792,#2793,#2794));
#371=EDGE_LOOP('',(#2795,#2796,#2797,#2798));
#372=EDGE_LOOP('',(#2799,#2800,#2801,#2802));
#373=EDGE_LOOP('',(#2803,#2804,#2805,#2806));
#374=EDGE_LOOP('',(#2807,#2808,#2809,#2810));
#375=EDGE_LOOP('',(#2811,#2812,#2813,#2814));
#376=EDGE_LOOP('',(#2815,#2816,#2817,#2818));
#377=EDGE_LOOP('',(#2819,#2820,#2821,#2822));
#378=EDGE_LOOP('',(#2823,#2824,#2825,#2826));
#379=EDGE_LOOP('',(#2827,#2828,#2829,#2830));
#380=EDGE_LOOP('',(#2831,#2832,#2833,#2834));
#381=EDGE_LOOP('',(#2835,#2836,#2837,#2838,#2839,#2840,#2841,#2842,#2843,
#2844,#2845,#2846,#2847,#2848,#2849,#2850,#2851,#2852,#2853,#2854,#2855,
#2856,#2857,#2858,#2859,#2860,#2861,#2862,#2863,#2864,#2865,#2866,#2867,
#2868,#2869,#2870,#2871,#2872,#2873,#2874,#2875,#2876,#2877,#2878,#2879,
#2880,#2881,#2882,#2883,#2884,#2885,#2886,#2887,#2888,#2889,#2890,#2891,
#2892,#2893,#2894,#2895,#2896,#2897,#2898,#2899,#2900,#2901,#2902,#2903,
#2904,#2905,#2906,#2907,#2908,#2909,#2910,#2911,#2912,#2913,#2914,#2915,
#2916,#2917,#2918,#2919,#2920,#2921,#2922,#2923,#2924,#2925,#2926,#2927,
#2928,#2929,#2930,#2931,#2932,#2933,#2934,#2935,#2936,#2937,#2938,#2939,
#2940,#2941,#2942,#2943,#2944,#2945,#2946,#2947,#2948,#2949,#2950,#2951,
#2952,#2953,#2954));
#382=EDGE_LOOP('',(#2955));
#383=EDGE_LOOP('',(#2956,#2957,#2958,#2959,#2960,#2961,#2962,#2963,#2964,
#2965,#2966,#2967,#2968,#2969,#2970,#2971,#2972,#2973,#2974,#2975,#2976,
#2977,#2978,#2979,#2980,#2981,#2982,#2983,#2984,#2985,#2986,#2987));
#384=EDGE_LOOP('',(#2988));
#385=EDGE_LOOP('',(#2989));
#386=EDGE_LOOP('',(#2990));
#387=LINE('',#4305,#831);
#388=LINE('',#4307,#832);
#389=LINE('',#4309,#833);
#390=LINE('',#4310,#834);
#391=LINE('',#4313,#835);
#392=LINE('',#4315,#836);
#393=LINE('',#4316,#837);
#394=LINE('',#4319,#838);
#395=LINE('',#4321,#839);
#396=LINE('',#4322,#840);
#397=LINE('',#4325,#841);
#398=LINE('',#4327,#842);
#399=LINE('',#4328,#843);
#400=LINE('',#4331,#844);
#401=LINE('',#4333,#845);
#402=LINE('',#4334,#846);
#403=LINE('',#4337,#847);
#404=LINE('',#4339,#848);
#405=LINE('',#4340,#849);
#406=LINE('',#4343,#850);
#407=LINE('',#4345,#851);
#408=LINE('',#4346,#852);
#409=LINE('',#4350,#853);
#410=LINE('',#4352,#854);
#411=LINE('',#4354,#855);
#412=LINE('',#4355,#856);
#413=LINE('',#4358,#857);
#414=LINE('',#4360,#858);
#415=LINE('',#4361,#859);
#416=LINE('',#4364,#860);
#417=LINE('',#4366,#861);
#418=LINE('',#4367,#862);
#419=LINE('',#4370,#863);
#420=LINE('',#4372,#864);
#421=LINE('',#4373,#865);
#422=LINE('',#4376,#866);
#423=LINE('',#4378,#867);
#424=LINE('',#4379,#868);
#425=LINE('',#4382,#869);
#426=LINE('',#4384,#870);
#427=LINE('',#4385,#871);
#428=LINE('',#4388,#872);
#429=LINE('',#4390,#873);
#430=LINE('',#4391,#874);
#431=LINE('',#4398,#875);
#432=LINE('',#4400,#876);
#433=LINE('',#4402,#877);
#434=LINE('',#4403,#878);
#435=LINE('',#4407,#879);
#436=LINE('',#4409,#880);
#437=LINE('',#4411,#881);
#438=LINE('',#4412,#882);
#439=LINE('',#4415,#883);
#440=LINE('',#4417,#884);
#441=LINE('',#4418,#885);
#442=LINE('',#4422,#886);
#443=LINE('',#4424,#887);
#444=LINE('',#4426,#888);
#445=LINE('',#4427,#889);
#446=LINE('',#4430,#890);
#447=LINE('',#4432,#891);
#448=LINE('',#4433,#892);
#449=LINE('',#4436,#893);
#450=LINE('',#4438,#894);
#451=LINE('',#4439,#895);
#452=LINE('',#4442,#896);
#453=LINE('',#4444,#897);
#454=LINE('',#4445,#898);
#455=LINE('',#4447,#899);
#456=LINE('',#4448,#900);
#457=LINE('',#4452,#901);
#458=LINE('',#4454,#902);
#459=LINE('',#4456,#903);
#460=LINE('',#4457,#904);
#461=LINE('',#4461,#905);
#462=LINE('',#4463,#906);
#463=LINE('',#4465,#907);
#464=LINE('',#4466,#908);
#465=LINE('',#4469,#909);
#466=LINE('',#4471,#910);
#467=LINE('',#4472,#911);
#468=LINE('',#4474,#912);
#469=LINE('',#4475,#913);
#470=LINE('',#4478,#914);
#471=LINE('',#4480,#915);
#472=LINE('',#4481,#916);
#473=LINE('',#4484,#917);
#474=LINE('',#4486,#918);
#475=LINE('',#4487,#919);
#476=LINE('',#4490,#920);
#477=LINE('',#4492,#921);
#478=LINE('',#4493,#922);
#479=LINE('',#4496,#923);
#480=LINE('',#4498,#924);
#481=LINE('',#4499,#925);
#482=LINE('',#4502,#926);
#483=LINE('',#4504,#927);
#484=LINE('',#4505,#928);
#485=LINE('',#4507,#929);
#486=LINE('',#4508,#930);
#487=LINE('',#4512,#931);
#488=LINE('',#4514,#932);
#489=LINE('',#4516,#933);
#490=LINE('',#4517,#934);
#491=LINE('',#4522,#935);
#492=LINE('',#4526,#936);
#493=LINE('',#4528,#937);
#494=LINE('',#4530,#938);
#495=LINE('',#4532,#939);
#496=LINE('',#4534,#940);
#497=LINE('',#4536,#941);
#498=LINE('',#4538,#942);
#499=LINE('',#4540,#943);
#500=LINE('',#4542,#944);
#501=LINE('',#4544,#945);
#502=LINE('',#4546,#946);
#503=LINE('',#4548,#947);
#504=LINE('',#4550,#948);
#505=LINE('',#4552,#949);
#506=LINE('',#4554,#950);
#507=LINE('',#4556,#951);
#508=LINE('',#4558,#952);
#509=LINE('',#4560,#953);
#510=LINE('',#4562,#954);
#511=LINE('',#4564,#955);
#512=LINE('',#4566,#956);
#513=LINE('',#4568,#957);
#514=LINE('',#4570,#958);
#515=LINE('',#4574,#959);
#516=LINE('',#4576,#960);
#517=LINE('',#4578,#961);
#518=LINE('',#4580,#962);
#519=LINE('',#4582,#963);
#520=LINE('',#4584,#964);
#521=LINE('',#4586,#965);
#522=LINE('',#4587,#966);
#523=LINE('',#4589,#967);
#524=LINE('',#4591,#968);
#525=LINE('',#4593,#969);
#526=LINE('',#4595,#970);
#527=LINE('',#4597,#971);
#528=LINE('',#4599,#972);
#529=LINE('',#4601,#973);
#530=LINE('',#4603,#974);
#531=LINE('',#4607,#975);
#532=LINE('',#4609,#976);
#533=LINE('',#4611,#977);
#534=LINE('',#4613,#978);
#535=LINE('',#4615,#979);
#536=LINE('',#4617,#980);
#537=LINE('',#4619,#981);
#538=LINE('',#4621,#982);
#539=LINE('',#4623,#983);
#540=LINE('',#4625,#984);
#541=LINE('',#4627,#985);
#542=LINE('',#4629,#986);
#543=LINE('',#4631,#987);
#544=LINE('',#4633,#988);
#545=LINE('',#4635,#989);
#546=LINE('',#4637,#990);
#547=LINE('',#4639,#991);
#548=LINE('',#4641,#992);
#549=LINE('',#4643,#993);
#550=LINE('',#4645,#994);
#551=LINE('',#4647,#995);
#552=LINE('',#4649,#996);
#553=LINE('',#4651,#997);
#554=LINE('',#4653,#998);
#555=LINE('',#4655,#999);
#556=LINE('',#4657,#1000);
#557=LINE('',#4659,#1001);
#558=LINE('',#4661,#1002);
#559=LINE('',#4663,#1003);
#560=LINE('',#4667,#1004);
#561=LINE('',#4669,#1005);
#562=LINE('',#4671,#1006);
#563=LINE('',#4673,#1007);
#564=LINE('',#4675,#1008);
#565=LINE('',#4677,#1009);
#566=LINE('',#4679,#1010);
#567=LINE('',#4681,#1011);
#568=LINE('',#4683,#1012);
#569=LINE('',#4685,#1013);
#570=LINE('',#4687,#1014);
#571=LINE('',#4689,#1015);
#572=LINE('',#4691,#1016);
#573=LINE('',#4693,#1017);
#574=LINE('',#4695,#1018);
#575=LINE('',#4697,#1019);
#576=LINE('',#4699,#1020);
#577=LINE('',#4701,#1021);
#578=LINE('',#4703,#1022);
#579=LINE('',#4705,#1023);
#580=LINE('',#4706,#1024);
#581=LINE('',#4714,#1025);
#582=LINE('',#4716,#1026);
#583=LINE('',#4720,#1027);
#584=LINE('',#4722,#1028);
#585=LINE('',#4724,#1029);
#586=LINE('',#4726,#1030);
#587=LINE('',#4728,#1031);
#588=LINE('',#4730,#1032);
#589=LINE('',#4732,#1033);
#590=LINE('',#4736,#1034);
#591=LINE('',#4738,#1035);
#592=LINE('',#4740,#1036);
#593=LINE('',#4742,#1037);
#594=LINE('',#4744,#1038);
#595=LINE('',#4746,#1039);
#596=LINE('',#4748,#1040);
#597=LINE('',#4752,#1041);
#598=LINE('',#4754,#1042);
#599=LINE('',#4756,#1043);
#600=LINE('',#4758,#1044);
#601=LINE('',#4760,#1045);
#602=LINE('',#4761,#1046);
#603=LINE('',#4765,#1047);
#604=LINE('',#4767,#1048);
#605=LINE('',#4768,#1049);
#606=LINE('',#4771,#1050);
#607=LINE('',#4772,#1051);
#608=LINE('',#4775,#1052);
#609=LINE('',#4776,#1053);
#610=LINE('',#4779,#1054);
#611=LINE('',#4780,#1055);
#612=LINE('',#4783,#1056);
#613=LINE('',#4784,#1057);
#614=LINE('',#4787,#1058);
#615=LINE('',#4788,#1059);
#616=LINE('',#4791,#1060);
#617=LINE('',#4792,#1061);
#618=LINE('',#4795,#1062);
#619=LINE('',#4797,#1063);
#620=LINE('',#4798,#1064);
#621=LINE('',#4801,#1065);
#622=LINE('',#4802,#1066);
#623=LINE('',#4805,#1067);
#624=LINE('',#4806,#1068);
#625=LINE('',#4809,#1069);
#626=LINE('',#4810,#1070);
#627=LINE('',#4813,#1071);
#628=LINE('',#4814,#1072);
#629=LINE('',#4817,#1073);
#630=LINE('',#4818,#1074);
#631=LINE('',#4821,#1075);
#632=LINE('',#4822,#1076);
#633=LINE('',#4827,#1077);
#634=LINE('',#4829,#1078);
#635=LINE('',#4830,#1079);
#636=LINE('',#4832,#1080);
#637=LINE('',#4835,#1081);
#638=LINE('',#4837,#1082);
#639=LINE('',#4838,#1083);
#640=LINE('',#4841,#1084);
#641=LINE('',#4842,#1085);
#642=LINE('',#4845,#1086);
#643=LINE('',#4847,#1087);
#644=LINE('',#4848,#1088);
#645=LINE('',#4851,#1089);
#646=LINE('',#4852,#1090);
#647=LINE('',#4855,#1091);
#648=LINE('',#4856,#1092);
#649=LINE('',#4859,#1093);
#650=LINE('',#4860,#1094);
#651=LINE('',#4862,#1095);
#652=LINE('',#4865,#1096);
#653=LINE('',#4867,#1097);
#654=LINE('',#4868,#1098);
#655=LINE('',#4871,#1099);
#656=LINE('',#4872,#1100);
#657=LINE('',#4877,#1101);
#658=LINE('',#4878,#1102);
#659=LINE('',#4881,#1103);
#660=LINE('',#4882,#1104);
#661=LINE('',#4884,#1105);
#662=LINE('',#4887,#1106);
#663=LINE('',#4888,#1107);
#664=LINE('',#4891,#1108);
#665=LINE('',#4892,#1109);
#666=LINE('',#4895,#1110);
#667=LINE('',#4896,#1111);
#668=LINE('',#4899,#1112);
#669=LINE('',#4900,#1113);
#670=LINE('',#4903,#1114);
#671=LINE('',#4904,#1115);
#672=LINE('',#4906,#1116);
#673=LINE('',#4909,#1117);
#674=LINE('',#4911,#1118);
#675=LINE('',#4912,#1119);
#676=LINE('',#4916,#1120);
#677=LINE('',#4919,#1121);
#678=LINE('',#4921,#1122);
#679=LINE('',#4922,#1123);
#680=LINE('',#4924,#1124);
#681=LINE('',#4927,#1125);
#682=LINE('',#4928,#1126);
#683=LINE('',#4933,#1127);
#684=LINE('',#4934,#1128);
#685=LINE('',#4937,#1129);
#686=LINE('',#4938,#1130);
#687=LINE('',#4941,#1131);
#688=LINE('',#4943,#1132);
#689=LINE('',#4944,#1133);
#690=LINE('',#4947,#1134);
#691=LINE('',#4948,#1135);
#692=LINE('',#4951,#1136);
#693=LINE('',#4952,#1137);
#694=LINE('',#4955,#1138);
#695=LINE('',#4956,#1139);
#696=LINE('',#4958,#1140);
#697=LINE('',#4961,#1141);
#698=LINE('',#4963,#1142);
#699=LINE('',#4964,#1143);
#700=LINE('',#4966,#1144);
#701=LINE('',#4969,#1145);
#702=LINE('',#4971,#1146);
#703=LINE('',#4972,#1147);
#704=LINE('',#4975,#1148);
#705=LINE('',#4976,#1149);
#706=LINE('',#4978,#1150);
#707=LINE('',#4981,#1151);
#708=LINE('',#4982,#1152);
#709=LINE('',#4985,#1153);
#710=LINE('',#4986,#1154);
#711=LINE('',#4989,#1155);
#712=LINE('',#4990,#1156);
#713=LINE('',#4993,#1157);
#714=LINE('',#4994,#1158);
#715=LINE('',#4997,#1159);
#716=LINE('',#4998,#1160);
#717=LINE('',#5000,#1161);
#718=LINE('',#5003,#1162);
#719=LINE('',#5005,#1163);
#720=LINE('',#5006,#1164);
#721=LINE('',#5010,#1165);
#722=LINE('',#5013,#1166);
#723=LINE('',#5015,#1167);
#724=LINE('',#5016,#1168);
#725=LINE('',#5018,#1169);
#726=LINE('',#5021,#1170);
#727=LINE('',#5022,#1171);
#728=LINE('',#5027,#1172);
#729=LINE('',#5028,#1173);
#730=LINE('',#5031,#1174);
#731=LINE('',#5032,#1175);
#732=LINE('',#5035,#1176);
#733=LINE('',#5037,#1177);
#734=LINE('',#5038,#1178);
#735=LINE('',#5041,#1179);
#736=LINE('',#5042,#1180);
#737=LINE('',#5045,#1181);
#738=LINE('',#5046,#1182);
#739=LINE('',#5049,#1183);
#740=LINE('',#5050,#1184);
#741=LINE('',#5052,#1185);
#742=LINE('',#5055,#1186);
#743=LINE('',#5057,#1187);
#744=LINE('',#5058,#1188);
#745=LINE('',#5061,#1189);
#746=LINE('',#5062,#1190);
#747=LINE('',#5066,#1191);
#748=LINE('',#5069,#1192);
#749=LINE('',#5070,#1193);
#750=LINE('',#5073,#1194);
#751=LINE('',#5074,#1195);
#752=LINE('',#5077,#1196);
#753=LINE('',#5078,#1197);
#754=LINE('',#5080,#1198);
#755=LINE('',#5083,#1199);
#756=LINE('',#5084,#1200);
#757=LINE('',#5087,#1201);
#758=LINE('',#5088,#1202);
#759=LINE('',#5091,#1203);
#760=LINE('',#5092,#1204);
#761=LINE('',#5095,#1205);
#762=LINE('',#5096,#1206);
#763=LINE('',#5099,#1207);
#764=LINE('',#5100,#1208);
#765=LINE('',#5102,#1209);
#766=LINE('',#5105,#1210);
#767=LINE('',#5106,#1211);
#768=LINE('',#5109,#1212);
#769=LINE('',#5110,#1213);
#770=LINE('',#5113,#1214);
#771=LINE('',#5114,#1215);
#772=LINE('',#5117,#1216);
#773=LINE('',#5118,#1217);
#774=LINE('',#5121,#1218);
#775=LINE('',#5122,#1219);
#776=LINE('',#5125,#1220);
#777=LINE('',#5126,#1221);
#778=LINE('',#5129,#1222);
#779=LINE('',#5130,#1223);
#780=LINE('',#5133,#1224);
#781=LINE('',#5134,#1225);
#782=LINE('',#5138,#1226);
#783=LINE('',#5141,#1227);
#784=LINE('',#5142,#1228);
#785=LINE('',#5145,#1229);
#786=LINE('',#5146,#1230);
#787=LINE('',#5149,#1231);
#788=LINE('',#5150,#1232);
#789=LINE('',#5153,#1233);
#790=LINE('',#5154,#1234);
#791=LINE('',#5157,#1235);
#792=LINE('',#5158,#1236);
#793=LINE('',#5161,#1237);
#794=LINE('',#5162,#1238);
#795=LINE('',#5165,#1239);
#796=LINE('',#5166,#1240);
#797=LINE('',#5169,#1241);
#798=LINE('',#5170,#1242);
#799=LINE('',#5175,#1243);
#800=LINE('',#5176,#1244);
#801=LINE('',#5179,#1245);
#802=LINE('',#5180,#1246);
#803=LINE('',#5183,#1247);
#804=LINE('',#5184,#1248);
#805=LINE('',#5187,#1249);
#806=LINE('',#5188,#1250);
#807=LINE('',#5191,#1251);
#808=LINE('',#5192,#1252);
#809=LINE('',#5195,#1253);
#810=LINE('',#5196,#1254);
#811=LINE('',#5199,#1255);
#812=LINE('',#5200,#1256);
#813=LINE('',#5203,#1257);
#814=LINE('',#5204,#1258);
#815=LINE('',#5207,#1259);
#816=LINE('',#5208,#1260);
#817=LINE('',#5211,#1261);
#818=LINE('',#5212,#1262);
#819=LINE('',#5215,#1263);
#820=LINE('',#5216,#1264);
#821=LINE('',#5219,#1265);
#822=LINE('',#5220,#1266);
#823=LINE('',#5223,#1267);
#824=LINE('',#5224,#1268);
#825=LINE('',#5227,#1269);
#826=LINE('',#5228,#1270);
#827=LINE('',#5231,#1271);
#828=LINE('',#5232,#1272);
#829=LINE('',#5235,#1273);
#830=LINE('',#5236,#1274);
#831=VECTOR('',#3495,10.);
#832=VECTOR('',#3496,10.);
#833=VECTOR('',#3497,10.);
#834=VECTOR('',#3498,10.);
#835=VECTOR('',#3501,10.);
#836=VECTOR('',#3502,10.);
#837=VECTOR('',#3503,10.);
#838=VECTOR('',#3506,10.);
#839=VECTOR('',#3507,10.);
#840=VECTOR('',#3508,10.);
#841=VECTOR('',#3511,10.);
#842=VECTOR('',#3512,10.);
#843=VECTOR('',#3513,10.);
#844=VECTOR('',#3516,10.);
#845=VECTOR('',#3517,10.);
#846=VECTOR('',#3518,10.);
#847=VECTOR('',#3521,10.);
#848=VECTOR('',#3522,10.);
#849=VECTOR('',#3523,10.);
#850=VECTOR('',#3526,10.);
#851=VECTOR('',#3527,10.);
#852=VECTOR('',#3528,10.);
#853=VECTOR('',#3531,10.);
#854=VECTOR('',#3532,10.);
#855=VECTOR('',#3533,10.);
#856=VECTOR('',#3534,10.);
#857=VECTOR('',#3537,10.);
#858=VECTOR('',#3538,10.);
#859=VECTOR('',#3539,10.);
#860=VECTOR('',#3542,10.);
#861=VECTOR('',#3543,10.);
#862=VECTOR('',#3544,10.);
#863=VECTOR('',#3547,10.);
#864=VECTOR('',#3548,10.);
#865=VECTOR('',#3549,10.);
#866=VECTOR('',#3552,10.);
#867=VECTOR('',#3553,10.);
#868=VECTOR('',#3554,10.);
#869=VECTOR('',#3557,10.);
#870=VECTOR('',#3558,10.);
#871=VECTOR('',#3559,10.);
#872=VECTOR('',#3562,10.);
#873=VECTOR('',#3563,10.);
#874=VECTOR('',#3564,10.);
#875=VECTOR('',#3573,10.);
#876=VECTOR('',#3574,10.);
#877=VECTOR('',#3575,10.);
#878=VECTOR('',#3576,10.);
#879=VECTOR('',#3579,10.);
#880=VECTOR('',#3580,10.);
#881=VECTOR('',#3581,10.);
#882=VECTOR('',#3582,10.);
#883=VECTOR('',#3585,10.);
#884=VECTOR('',#3586,10.);
#885=VECTOR('',#3587,10.);
#886=VECTOR('',#3590,10.);
#887=VECTOR('',#3591,10.);
#888=VECTOR('',#3592,10.);
#889=VECTOR('',#3593,10.);
#890=VECTOR('',#3596,10.);
#891=VECTOR('',#3597,10.);
#892=VECTOR('',#3598,10.);
#893=VECTOR('',#3601,10.);
#894=VECTOR('',#3602,10.);
#895=VECTOR('',#3603,10.);
#896=VECTOR('',#3606,10.);
#897=VECTOR('',#3607,10.);
#898=VECTOR('',#3608,10.);
#899=VECTOR('',#3611,10.);
#900=VECTOR('',#3612,10.);
#901=VECTOR('',#3615,10.);
#902=VECTOR('',#3616,10.);
#903=VECTOR('',#3617,10.);
#904=VECTOR('',#3618,10.);
#905=VECTOR('',#3621,10.);
#906=VECTOR('',#3622,10.);
#907=VECTOR('',#3623,10.);
#908=VECTOR('',#3624,10.);
#909=VECTOR('',#3627,10.);
#910=VECTOR('',#3628,10.);
#911=VECTOR('',#3629,10.);
#912=VECTOR('',#3632,10.);
#913=VECTOR('',#3633,10.);
#914=VECTOR('',#3636,10.);
#915=VECTOR('',#3637,10.);
#916=VECTOR('',#3638,10.);
#917=VECTOR('',#3641,10.);
#918=VECTOR('',#3642,10.);
#919=VECTOR('',#3643,10.);
#920=VECTOR('',#3646,10.);
#921=VECTOR('',#3647,10.);
#922=VECTOR('',#3648,10.);
#923=VECTOR('',#3651,10.);
#924=VECTOR('',#3652,10.);
#925=VECTOR('',#3653,10.);
#926=VECTOR('',#3656,10.);
#927=VECTOR('',#3657,10.);
#928=VECTOR('',#3658,10.);
#929=VECTOR('',#3661,10.);
#930=VECTOR('',#3662,10.);
#931=VECTOR('',#3665,10.);
#932=VECTOR('',#3666,10.);
#933=VECTOR('',#3667,10.);
#934=VECTOR('',#3668,10.);
#935=VECTOR('',#3673,2.5);
#936=VECTOR('',#3678,10.);
#937=VECTOR('',#3679,10.);
#938=VECTOR('',#3680,10.);
#939=VECTOR('',#3681,10.);
#940=VECTOR('',#3682,10.);
#941=VECTOR('',#3683,10.);
#942=VECTOR('',#3684,10.);
#943=VECTOR('',#3685,10.);
#944=VECTOR('',#3686,10.);
#945=VECTOR('',#3687,10.);
#946=VECTOR('',#3688,10.);
#947=VECTOR('',#3689,10.);
#948=VECTOR('',#3690,10.);
#949=VECTOR('',#3691,10.);
#950=VECTOR('',#3692,10.);
#951=VECTOR('',#3693,10.);
#952=VECTOR('',#3694,10.);
#953=VECTOR('',#3695,10.);
#954=VECTOR('',#3696,10.);
#955=VECTOR('',#3697,10.);
#956=VECTOR('',#3698,10.);
#957=VECTOR('',#3699,10.);
#958=VECTOR('',#3700,10.);
#959=VECTOR('',#3703,10.);
#960=VECTOR('',#3704,10.);
#961=VECTOR('',#3705,10.);
#962=VECTOR('',#3706,10.);
#963=VECTOR('',#3707,10.);
#964=VECTOR('',#3708,10.);
#965=VECTOR('',#3709,10.);
#966=VECTOR('',#3710,10.);
#967=VECTOR('',#3711,10.);
#968=VECTOR('',#3712,10.);
#969=VECTOR('',#3713,10.);
#970=VECTOR('',#3714,10.);
#971=VECTOR('',#3715,10.);
#972=VECTOR('',#3716,10.);
#973=VECTOR('',#3717,10.);
#974=VECTOR('',#3718,10.);
#975=VECTOR('',#3721,10.);
#976=VECTOR('',#3722,10.);
#977=VECTOR('',#3723,10.);
#978=VECTOR('',#3724,10.);
#979=VECTOR('',#3725,10.);
#980=VECTOR('',#3726,10.);
#981=VECTOR('',#3727,10.);
#982=VECTOR('',#3728,10.);
#983=VECTOR('',#3729,10.);
#984=VECTOR('',#3730,10.);
#985=VECTOR('',#3731,10.);
#986=VECTOR('',#3732,10.);
#987=VECTOR('',#3733,10.);
#988=VECTOR('',#3734,10.);
#989=VECTOR('',#3735,10.);
#990=VECTOR('',#3736,10.);
#991=VECTOR('',#3737,10.);
#992=VECTOR('',#3738,10.);
#993=VECTOR('',#3739,10.);
#994=VECTOR('',#3740,10.);
#995=VECTOR('',#3741,10.);
#996=VECTOR('',#3742,10.);
#997=VECTOR('',#3743,10.);
#998=VECTOR('',#3744,10.);
#999=VECTOR('',#3745,10.);
#1000=VECTOR('',#3746,10.);
#1001=VECTOR('',#3747,10.);
#1002=VECTOR('',#3748,10.);
#1003=VECTOR('',#3749,10.);
#1004=VECTOR('',#3752,10.);
#1005=VECTOR('',#3753,10.);
#1006=VECTOR('',#3754,10.);
#1007=VECTOR('',#3755,10.);
#1008=VECTOR('',#3756,10.);
#1009=VECTOR('',#3757,10.);
#1010=VECTOR('',#3758,10.);
#1011=VECTOR('',#3759,10.);
#1012=VECTOR('',#3760,10.);
#1013=VECTOR('',#3761,10.);
#1014=VECTOR('',#3762,10.);
#1015=VECTOR('',#3763,10.);
#1016=VECTOR('',#3764,10.);
#1017=VECTOR('',#3765,10.);
#1018=VECTOR('',#3766,10.);
#1019=VECTOR('',#3767,10.);
#1020=VECTOR('',#3768,10.);
#1021=VECTOR('',#3769,10.);
#1022=VECTOR('',#3770,10.);
#1023=VECTOR('',#3771,10.);
#1024=VECTOR('',#3772,10.);
#1025=VECTOR('',#3779,10.);
#1026=VECTOR('',#3780,10.);
#1027=VECTOR('',#3783,10.);
#1028=VECTOR('',#3784,10.);
#1029=VECTOR('',#3785,10.);
#1030=VECTOR('',#3786,10.);
#1031=VECTOR('',#3787,10.);
#1032=VECTOR('',#3788,10.);
#1033=VECTOR('',#3789,10.);
#1034=VECTOR('',#3792,10.);
#1035=VECTOR('',#3793,10.);
#1036=VECTOR('',#3794,10.);
#1037=VECTOR('',#3795,10.);
#1038=VECTOR('',#3796,10.);
#1039=VECTOR('',#3797,10.);
#1040=VECTOR('',#3798,10.);
#1041=VECTOR('',#3801,10.);
#1042=VECTOR('',#3802,10.);
#1043=VECTOR('',#3803,10.);
#1044=VECTOR('',#3804,10.);
#1045=VECTOR('',#3805,10.);
#1046=VECTOR('',#3806,10.);
#1047=VECTOR('',#3811,10.);
#1048=VECTOR('',#3812,10.);
#1049=VECTOR('',#3813,10.);
#1050=VECTOR('',#3816,10.);
#1051=VECTOR('',#3817,10.);
#1052=VECTOR('',#3820,10.);
#1053=VECTOR('',#3821,10.);
#1054=VECTOR('',#3824,10.);
#1055=VECTOR('',#3825,10.);
#1056=VECTOR('',#3828,10.);
#1057=VECTOR('',#3829,10.);
#1058=VECTOR('',#3832,10.);
#1059=VECTOR('',#3833,10.);
#1060=VECTOR('',#3836,10.);
#1061=VECTOR('',#3837,10.);
#1062=VECTOR('',#3840,10.);
#1063=VECTOR('',#3841,10.);
#1064=VECTOR('',#3842,10.);
#1065=VECTOR('',#3845,10.);
#1066=VECTOR('',#3846,10.);
#1067=VECTOR('',#3849,10.);
#1068=VECTOR('',#3850,10.);
#1069=VECTOR('',#3853,10.);
#1070=VECTOR('',#3854,10.);
#1071=VECTOR('',#3857,10.);
#1072=VECTOR('',#3858,10.);
#1073=VECTOR('',#3861,10.);
#1074=VECTOR('',#3862,10.);
#1075=VECTOR('',#3865,10.);
#1076=VECTOR('',#3866,10.);
#1077=VECTOR('',#3873,10.);
#1078=VECTOR('',#3874,10.);
#1079=VECTOR('',#3875,10.);
#1080=VECTOR('',#3878,10.);
#1081=VECTOR('',#3881,10.);
#1082=VECTOR('',#3882,10.);
#1083=VECTOR('',#3883,10.);
#1084=VECTOR('',#3886,10.);
#1085=VECTOR('',#3887,10.);
#1086=VECTOR('',#3890,10.);
#1087=VECTOR('',#3891,10.);
#1088=VECTOR('',#3892,10.);
#1089=VECTOR('',#3895,10.);
#1090=VECTOR('',#3896,10.);
#1091=VECTOR('',#3899,10.);
#1092=VECTOR('',#3900,10.);
#1093=VECTOR('',#3903,10.);
#1094=VECTOR('',#3904,10.);
#1095=VECTOR('',#3907,10.);
#1096=VECTOR('',#3910,10.);
#1097=VECTOR('',#3911,10.);
#1098=VECTOR('',#3912,10.);
#1099=VECTOR('',#3915,10.);
#1100=VECTOR('',#3916,10.);
#1101=VECTOR('',#3923,10.);
#1102=VECTOR('',#3924,10.);
#1103=VECTOR('',#3927,10.);
#1104=VECTOR('',#3928,10.);
#1105=VECTOR('',#3931,10.);
#1106=VECTOR('',#3934,10.);
#1107=VECTOR('',#3935,10.);
#1108=VECTOR('',#3938,10.);
#1109=VECTOR('',#3939,10.);
#1110=VECTOR('',#3942,10.);
#1111=VECTOR('',#3943,10.);
#1112=VECTOR('',#3946,10.);
#1113=VECTOR('',#3947,10.);
#1114=VECTOR('',#3950,10.);
#1115=VECTOR('',#3951,10.);
#1116=VECTOR('',#3954,10.);
#1117=VECTOR('',#3957,10.);
#1118=VECTOR('',#3958,10.);
#1119=VECTOR('',#3959,10.);
#1120=VECTOR('',#3964,2.5);
#1121=VECTOR('',#3967,10.);
#1122=VECTOR('',#3968,10.);
#1123=VECTOR('',#3969,10.);
#1124=VECTOR('',#3972,10.);
#1125=VECTOR('',#3975,10.);
#1126=VECTOR('',#3976,10.);
#1127=VECTOR('',#3983,10.);
#1128=VECTOR('',#3984,10.);
#1129=VECTOR('',#3987,10.);
#1130=VECTOR('',#3988,10.);
#1131=VECTOR('',#3991,10.);
#1132=VECTOR('',#3992,10.);
#1133=VECTOR('',#3993,10.);
#1134=VECTOR('',#3996,10.);
#1135=VECTOR('',#3997,10.);
#1136=VECTOR('',#4000,10.);
#1137=VECTOR('',#4001,10.);
#1138=VECTOR('',#4004,10.);
#1139=VECTOR('',#4005,10.);
#1140=VECTOR('',#4008,10.);
#1141=VECTOR('',#4011,10.);
#1142=VECTOR('',#4012,10.);
#1143=VECTOR('',#4013,10.);
#1144=VECTOR('',#4016,10.);
#1145=VECTOR('',#4019,10.);
#1146=VECTOR('',#4020,10.);
#1147=VECTOR('',#4021,10.);
#1148=VECTOR('',#4024,10.);
#1149=VECTOR('',#4025,10.);
#1150=VECTOR('',#4028,10.);
#1151=VECTOR('',#4031,10.);
#1152=VECTOR('',#4032,10.);
#1153=VECTOR('',#4035,10.);
#1154=VECTOR('',#4036,10.);
#1155=VECTOR('',#4039,10.);
#1156=VECTOR('',#4040,10.);
#1157=VECTOR('',#4043,10.);
#1158=VECTOR('',#4044,10.);
#1159=VECTOR('',#4047,10.);
#1160=VECTOR('',#4048,10.);
#1161=VECTOR('',#4051,10.);
#1162=VECTOR('',#4054,10.);
#1163=VECTOR('',#4055,10.);
#1164=VECTOR('',#4056,10.);
#1165=VECTOR('',#4061,2.5);
#1166=VECTOR('',#4064,10.);
#1167=VECTOR('',#4065,10.);
#1168=VECTOR('',#4066,10.);
#1169=VECTOR('',#4069,10.);
#1170=VECTOR('',#4072,10.);
#1171=VECTOR('',#4073,10.);
#1172=VECTOR('',#4080,10.);
#1173=VECTOR('',#4081,10.);
#1174=VECTOR('',#4084,10.);
#1175=VECTOR('',#4085,10.);
#1176=VECTOR('',#4088,10.);
#1177=VECTOR('',#4089,10.);
#1178=VECTOR('',#4090,10.);
#1179=VECTOR('',#4093,10.);
#1180=VECTOR('',#4094,10.);
#1181=VECTOR('',#4097,10.);
#1182=VECTOR('',#4098,10.);
#1183=VECTOR('',#4101,10.);
#1184=VECTOR('',#4102,10.);
#1185=VECTOR('',#4105,10.);
#1186=VECTOR('',#4108,10.);
#1187=VECTOR('',#4109,10.);
#1188=VECTOR('',#4110,10.);
#1189=VECTOR('',#4113,10.);
#1190=VECTOR('',#4114,10.);
#1191=VECTOR('',#4119,10.);
#1192=VECTOR('',#4122,10.);
#1193=VECTOR('',#4123,10.);
#1194=VECTOR('',#4126,10.);
#1195=VECTOR('',#4127,10.);
#1196=VECTOR('',#4130,10.);
#1197=VECTOR('',#4131,10.);
#1198=VECTOR('',#4134,10.);
#1199=VECTOR('',#4137,10.);
#1200=VECTOR('',#4138,10.);
#1201=VECTOR('',#4141,10.);
#1202=VECTOR('',#4142,10.);
#1203=VECTOR('',#4145,10.);
#1204=VECTOR('',#4146,10.);
#1205=VECTOR('',#4149,10.);
#1206=VECTOR('',#4150,10.);
#1207=VECTOR('',#4153,10.);
#1208=VECTOR('',#4154,10.);
#1209=VECTOR('',#4157,10.);
#1210=VECTOR('',#4160,10.);
#1211=VECTOR('',#4161,10.);
#1212=VECTOR('',#4164,10.);
#1213=VECTOR('',#4165,10.);
#1214=VECTOR('',#4168,10.);
#1215=VECTOR('',#4169,10.);
#1216=VECTOR('',#4172,10.);
#1217=VECTOR('',#4173,10.);
#1218=VECTOR('',#4176,10.);
#1219=VECTOR('',#4177,10.);
#1220=VECTOR('',#4180,10.);
#1221=VECTOR('',#4181,10.);
#1222=VECTOR('',#4184,10.);
#1223=VECTOR('',#4185,10.);
#1224=VECTOR('',#4188,10.);
#1225=VECTOR('',#4189,10.);
#1226=VECTOR('',#4194,2.5);
#1227=VECTOR('',#4197,10.);
#1228=VECTOR('',#4198,10.);
#1229=VECTOR('',#4201,10.);
#1230=VECTOR('',#4202,10.);
#1231=VECTOR('',#4205,10.);
#1232=VECTOR('',#4206,10.);
#1233=VECTOR('',#4209,10.);
#1234=VECTOR('',#4210,10.);
#1235=VECTOR('',#4213,10.);
#1236=VECTOR('',#4214,10.);
#1237=VECTOR('',#4217,10.);
#1238=VECTOR('',#4218,10.);
#1239=VECTOR('',#4221,10.);
#1240=VECTOR('',#4222,10.);
#1241=VECTOR('',#4225,10.);
#1242=VECTOR('',#4226,10.);
#1243=VECTOR('',#4233,10.);
#1244=VECTOR('',#4234,10.);
#1245=VECTOR('',#4237,10.);
#1246=VECTOR('',#4238,10.);
#1247=VECTOR('',#4241,10.);
#1248=VECTOR('',#4242,10.);
#1249=VECTOR('',#4245,10.);
#1250=VECTOR('',#4246,10.);
#1251=VECTOR('',#4249,10.);
#1252=VECTOR('',#4250,10.);
#1253=VECTOR('',#4253,10.);
#1254=VECTOR('',#4254,10.);
#1255=VECTOR('',#4257,10.);
#1256=VECTOR('',#4258,10.);
#1257=VECTOR('',#4261,10.);
#1258=VECTOR('',#4262,10.);
#1259=VECTOR('',#4265,10.);
#1260=VECTOR('',#4266,10.);
#1261=VECTOR('',#4269,10.);
#1262=VECTOR('',#4270,10.);
#1263=VECTOR('',#4273,10.);
#1264=VECTOR('',#4274,10.);
#1265=VECTOR('',#4277,10.);
#1266=VECTOR('',#4278,10.);
#1267=VECTOR('',#4281,10.);
#1268=VECTOR('',#4282,10.);
#1269=VECTOR('',#4285,10.);
#1270=VECTOR('',#4286,10.);
#1271=VECTOR('',#4289,10.);
#1272=VECTOR('',#4290,10.);
#1273=VECTOR('',#4293,10.);
#1274=VECTOR('',#4294,10.);
#1275=VERTEX_POINT('',#4303);
#1276=VERTEX_POINT('',#4304);
#1277=VERTEX_POINT('',#4306);
#1278=VERTEX_POINT('',#4308);
#1279=VERTEX_POINT('',#4312);
#1280=VERTEX_POINT('',#4314);
#1281=VERTEX_POINT('',#4318);
#1282=VERTEX_POINT('',#4320);
#1283=VERTEX_POINT('',#4324);
#1284=VERTEX_POINT('',#4326);
#1285=VERTEX_POINT('',#4330);
#1286=VERTEX_POINT('',#4332);
#1287=VERTEX_POINT('',#4336);
#1288=VERTEX_POINT('',#4338);
#1289=VERTEX_POINT('',#4342);
#1290=VERTEX_POINT('',#4344);
#1291=VERTEX_POINT('',#4348);
#1292=VERTEX_POINT('',#4349);
#1293=VERTEX_POINT('',#4351);
#1294=VERTEX_POINT('',#4353);
#1295=VERTEX_POINT('',#4357);
#1296=VERTEX_POINT('',#4359);
#1297=VERTEX_POINT('',#4363);
#1298=VERTEX_POINT('',#4365);
#1299=VERTEX_POINT('',#4369);
#1300=VERTEX_POINT('',#4371);
#1301=VERTEX_POINT('',#4375);
#1302=VERTEX_POINT('',#4377);
#1303=VERTEX_POINT('',#4381);
#1304=VERTEX_POINT('',#4383);
#1305=VERTEX_POINT('',#4387);
#1306=VERTEX_POINT('',#4389);
#1307=VERTEX_POINT('',#4396);
#1308=VERTEX_POINT('',#4397);
#1309=VERTEX_POINT('',#4399);
#1310=VERTEX_POINT('',#4401);
#1311=VERTEX_POINT('',#4405);
#1312=VERTEX_POINT('',#4406);
#1313=VERTEX_POINT('',#4408);
#1314=VERTEX_POINT('',#4410);
#1315=VERTEX_POINT('',#4414);
#1316=VERTEX_POINT('',#4416);
#1317=VERTEX_POINT('',#4420);
#1318=VERTEX_POINT('',#4421);
#1319=VERTEX_POINT('',#4423);
#1320=VERTEX_POINT('',#4425);
#1321=VERTEX_POINT('',#4429);
#1322=VERTEX_POINT('',#4431);
#1323=VERTEX_POINT('',#4435);
#1324=VERTEX_POINT('',#4437);
#1325=VERTEX_POINT('',#4441);
#1326=VERTEX_POINT('',#4443);
#1327=VERTEX_POINT('',#4450);
#1328=VERTEX_POINT('',#4451);
#1329=VERTEX_POINT('',#4453);
#1330=VERTEX_POINT('',#4455);
#1331=VERTEX_POINT('',#4459);
#1332=VERTEX_POINT('',#4460);
#1333=VERTEX_POINT('',#4462);
#1334=VERTEX_POINT('',#4464);
#1335=VERTEX_POINT('',#4468);
#1336=VERTEX_POINT('',#4470);
#1337=VERTEX_POINT('',#4477);
#1338=VERTEX_POINT('',#4479);
#1339=VERTEX_POINT('',#4483);
#1340=VERTEX_POINT('',#4485);
#1341=VERTEX_POINT('',#4489);
#1342=VERTEX_POINT('',#4491);
#1343=VERTEX_POINT('',#4495);
#1344=VERTEX_POINT('',#4497);
#1345=VERTEX_POINT('',#4501);
#1346=VERTEX_POINT('',#4503);
#1347=VERTEX_POINT('',#4510);
#1348=VERTEX_POINT('',#4511);
#1349=VERTEX_POINT('',#4513);
#1350=VERTEX_POINT('',#4515);
#1351=VERTEX_POINT('',#4519);
#1352=VERTEX_POINT('',#4521);
#1353=VERTEX_POINT('',#4525);
#1354=VERTEX_POINT('',#4527);
#1355=VERTEX_POINT('',#4529);
#1356=VERTEX_POINT('',#4531);
#1357=VERTEX_POINT('',#4533);
#1358=VERTEX_POINT('',#4535);
#1359=VERTEX_POINT('',#4537);
#1360=VERTEX_POINT('',#4539);
#1361=VERTEX_POINT('',#4541);
#1362=VERTEX_POINT('',#4543);
#1363=VERTEX_POINT('',#4545);
#1364=VERTEX_POINT('',#4547);
#1365=VERTEX_POINT('',#4549);
#1366=VERTEX_POINT('',#4551);
#1367=VERTEX_POINT('',#4553);
#1368=VERTEX_POINT('',#4555);
#1369=VERTEX_POINT('',#4557);
#1370=VERTEX_POINT('',#4559);
#1371=VERTEX_POINT('',#4561);
#1372=VERTEX_POINT('',#4563);
#1373=VERTEX_POINT('',#4565);
#1374=VERTEX_POINT('',#4567);
#1375=VERTEX_POINT('',#4569);
#1376=VERTEX_POINT('',#4571);
#1377=VERTEX_POINT('',#4573);
#1378=VERTEX_POINT('',#4575);
#1379=VERTEX_POINT('',#4577);
#1380=VERTEX_POINT('',#4579);
#1381=VERTEX_POINT('',#4581);
#1382=VERTEX_POINT('',#4583);
#1383=VERTEX_POINT('',#4585);
#1384=VERTEX_POINT('',#4588);
#1385=VERTEX_POINT('',#4590);
#1386=VERTEX_POINT('',#4592);
#1387=VERTEX_POINT('',#4594);
#1388=VERTEX_POINT('',#4596);
#1389=VERTEX_POINT('',#4598);
#1390=VERTEX_POINT('',#4600);
#1391=VERTEX_POINT('',#4602);
#1392=VERTEX_POINT('',#4604);
#1393=VERTEX_POINT('',#4606);
#1394=VERTEX_POINT('',#4608);
#1395=VERTEX_POINT('',#4610);
#1396=VERTEX_POINT('',#4612);
#1397=VERTEX_POINT('',#4614);
#1398=VERTEX_POINT('',#4616);
#1399=VERTEX_POINT('',#4618);
#1400=VERTEX_POINT('',#4620);
#1401=VERTEX_POINT('',#4622);
#1402=VERTEX_POINT('',#4624);
#1403=VERTEX_POINT('',#4626);
#1404=VERTEX_POINT('',#4628);
#1405=VERTEX_POINT('',#4630);
#1406=VERTEX_POINT('',#4632);
#1407=VERTEX_POINT('',#4634);
#1408=VERTEX_POINT('',#4636);
#1409=VERTEX_POINT('',#4638);
#1410=VERTEX_POINT('',#4640);
#1411=VERTEX_POINT('',#4642);
#1412=VERTEX_POINT('',#4644);
#1413=VERTEX_POINT('',#4646);
#1414=VERTEX_POINT('',#4648);
#1415=VERTEX_POINT('',#4650);
#1416=VERTEX_POINT('',#4652);
#1417=VERTEX_POINT('',#4654);
#1418=VERTEX_POINT('',#4656);
#1419=VERTEX_POINT('',#4658);
#1420=VERTEX_POINT('',#4660);
#1421=VERTEX_POINT('',#4662);
#1422=VERTEX_POINT('',#4664);
#1423=VERTEX_POINT('',#4666);
#1424=VERTEX_POINT('',#4668);
#1425=VERTEX_POINT('',#4670);
#1426=VERTEX_POINT('',#4672);
#1427=VERTEX_POINT('',#4674);
#1428=VERTEX_POINT('',#4676);
#1429=VERTEX_POINT('',#4678);
#1430=VERTEX_POINT('',#4680);
#1431=VERTEX_POINT('',#4682);
#1432=VERTEX_POINT('',#4684);
#1433=VERTEX_POINT('',#4686);
#1434=VERTEX_POINT('',#4688);
#1435=VERTEX_POINT('',#4690);
#1436=VERTEX_POINT('',#4692);
#1437=VERTEX_POINT('',#4694);
#1438=VERTEX_POINT('',#4696);
#1439=VERTEX_POINT('',#4698);
#1440=VERTEX_POINT('',#4700);
#1441=VERTEX_POINT('',#4702);
#1442=VERTEX_POINT('',#4704);
#1443=VERTEX_POINT('',#4707);
#1444=VERTEX_POINT('',#4709);
#1445=VERTEX_POINT('',#4711);
#1446=VERTEX_POINT('',#4713);
#1447=VERTEX_POINT('',#4715);
#1448=VERTEX_POINT('',#4717);
#1449=VERTEX_POINT('',#4719);
#1450=VERTEX_POINT('',#4721);
#1451=VERTEX_POINT('',#4723);
#1452=VERTEX_POINT('',#4725);
#1453=VERTEX_POINT('',#4727);
#1454=VERTEX_POINT('',#4729);
#1455=VERTEX_POINT('',#4731);
#1456=VERTEX_POINT('',#4733);
#1457=VERTEX_POINT('',#4735);
#1458=VERTEX_POINT('',#4737);
#1459=VERTEX_POINT('',#4739);
#1460=VERTEX_POINT('',#4741);
#1461=VERTEX_POINT('',#4743);
#1462=VERTEX_POINT('',#4745);
#1463=VERTEX_POINT('',#4747);
#1464=VERTEX_POINT('',#4749);
#1465=VERTEX_POINT('',#4751);
#1466=VERTEX_POINT('',#4753);
#1467=VERTEX_POINT('',#4755);
#1468=VERTEX_POINT('',#4757);
#1469=VERTEX_POINT('',#4759);
#1470=VERTEX_POINT('',#4764);
#1471=VERTEX_POINT('',#4766);
#1472=VERTEX_POINT('',#4770);
#1473=VERTEX_POINT('',#4774);
#1474=VERTEX_POINT('',#4778);
#1475=VERTEX_POINT('',#4782);
#1476=VERTEX_POINT('',#4786);
#1477=VERTEX_POINT('',#4790);
#1478=VERTEX_POINT('',#4794);
#1479=VERTEX_POINT('',#4796);
#1480=VERTEX_POINT('',#4800);
#1481=VERTEX_POINT('',#4804);
#1482=VERTEX_POINT('',#4808);
#1483=VERTEX_POINT('',#4812);
#1484=VERTEX_POINT('',#4816);
#1485=VERTEX_POINT('',#4820);
#1486=VERTEX_POINT('',#4826);
#1487=VERTEX_POINT('',#4828);
#1488=VERTEX_POINT('',#4834);
#1489=VERTEX_POINT('',#4836);
#1490=VERTEX_POINT('',#4840);
#1491=VERTEX_POINT('',#4844);
#1492=VERTEX_POINT('',#4846);
#1493=VERTEX_POINT('',#4850);
#1494=VERTEX_POINT('',#4854);
#1495=VERTEX_POINT('',#4858);
#1496=VERTEX_POINT('',#4864);
#1497=VERTEX_POINT('',#4866);
#1498=VERTEX_POINT('',#4870);
#1499=VERTEX_POINT('',#4876);
#1500=VERTEX_POINT('',#4880);
#1501=VERTEX_POINT('',#4886);
#1502=VERTEX_POINT('',#4890);
#1503=VERTEX_POINT('',#4894);
#1504=VERTEX_POINT('',#4898);
#1505=VERTEX_POINT('',#4902);
#1506=VERTEX_POINT('',#4908);
#1507=VERTEX_POINT('',#4910);
#1508=VERTEX_POINT('',#4914);
#1509=VERTEX_POINT('',#4918);
#1510=VERTEX_POINT('',#4920);
#1511=VERTEX_POINT('',#4926);
#1512=VERTEX_POINT('',#4932);
#1513=VERTEX_POINT('',#4936);
#1514=VERTEX_POINT('',#4940);
#1515=VERTEX_POINT('',#4942);
#1516=VERTEX_POINT('',#4946);
#1517=VERTEX_POINT('',#4950);
#1518=VERTEX_POINT('',#4954);
#1519=VERTEX_POINT('',#4960);
#1520=VERTEX_POINT('',#4962);
#1521=VERTEX_POINT('',#4968);
#1522=VERTEX_POINT('',#4970);
#1523=VERTEX_POINT('',#4974);
#1524=VERTEX_POINT('',#4980);
#1525=VERTEX_POINT('',#4984);
#1526=VERTEX_POINT('',#4988);
#1527=VERTEX_POINT('',#4992);
#1528=VERTEX_POINT('',#4996);
#1529=VERTEX_POINT('',#5002);
#1530=VERTEX_POINT('',#5004);
#1531=VERTEX_POINT('',#5008);
#1532=VERTEX_POINT('',#5012);
#1533=VERTEX_POINT('',#5014);
#1534=VERTEX_POINT('',#5020);
#1535=VERTEX_POINT('',#5026);
#1536=VERTEX_POINT('',#5030);
#1537=VERTEX_POINT('',#5034);
#1538=VERTEX_POINT('',#5036);
#1539=VERTEX_POINT('',#5040);
#1540=VERTEX_POINT('',#5044);
#1541=VERTEX_POINT('',#5048);
#1542=VERTEX_POINT('',#5054);
#1543=VERTEX_POINT('',#5056);
#1544=VERTEX_POINT('',#5060);
#1545=VERTEX_POINT('',#5064);
#1546=VERTEX_POINT('',#5068);
#1547=VERTEX_POINT('',#5072);
#1548=VERTEX_POINT('',#5076);
#1549=VERTEX_POINT('',#5082);
#1550=VERTEX_POINT('',#5086);
#1551=VERTEX_POINT('',#5090);
#1552=VERTEX_POINT('',#5094);
#1553=VERTEX_POINT('',#5098);
#1554=VERTEX_POINT('',#5104);
#1555=VERTEX_POINT('',#5108);
#1556=VERTEX_POINT('',#5112);
#1557=VERTEX_POINT('',#5116);
#1558=VERTEX_POINT('',#5120);
#1559=VERTEX_POINT('',#5124);
#1560=VERTEX_POINT('',#5128);
#1561=VERTEX_POINT('',#5132);
#1562=VERTEX_POINT('',#5136);
#1563=VERTEX_POINT('',#5140);
#1564=VERTEX_POINT('',#5144);
#1565=VERTEX_POINT('',#5148);
#1566=VERTEX_POINT('',#5152);
#1567=VERTEX_POINT('',#5156);
#1568=VERTEX_POINT('',#5160);
#1569=VERTEX_POINT('',#5164);
#1570=VERTEX_POINT('',#5168);
#1571=VERTEX_POINT('',#5174);
#1572=VERTEX_POINT('',#5178);
#1573=VERTEX_POINT('',#5182);
#1574=VERTEX_POINT('',#5186);
#1575=VERTEX_POINT('',#5190);
#1576=VERTEX_POINT('',#5194);
#1577=VERTEX_POINT('',#5198);
#1578=VERTEX_POINT('',#5202);
#1579=VERTEX_POINT('',#5206);
#1580=VERTEX_POINT('',#5210);
#1581=VERTEX_POINT('',#5214);
#1582=VERTEX_POINT('',#5218);
#1583=VERTEX_POINT('',#5222);
#1584=VERTEX_POINT('',#5226);
#1585=VERTEX_POINT('',#5230);
#1586=VERTEX_POINT('',#5234);
#1587=EDGE_CURVE('',#1275,#1276,#387,.T.);
#1588=EDGE_CURVE('',#1276,#1277,#388,.T.);
#1589=EDGE_CURVE('',#1278,#1277,#389,.T.);
#1590=EDGE_CURVE('',#1275,#1278,#390,.T.);
#1591=EDGE_CURVE('',#1279,#1275,#391,.T.);
#1592=EDGE_CURVE('',#1280,#1278,#392,.T.);
#1593=EDGE_CURVE('',#1279,#1280,#393,.T.);
#1594=EDGE_CURVE('',#1279,#1281,#394,.T.);
#1595=EDGE_CURVE('',#1282,#1280,#395,.T.);
#1596=EDGE_CURVE('',#1281,#1282,#396,.T.);
#1597=EDGE_CURVE('',#1283,#1281,#397,.T.);
#1598=EDGE_CURVE('',#1284,#1282,#398,.T.);
#1599=EDGE_CURVE('',#1283,#1284,#399,.T.);
#1600=EDGE_CURVE('',#1285,#1283,#400,.T.);
#1601=EDGE_CURVE('',#1286,#1284,#401,.T.);
#1602=EDGE_CURVE('',#1285,#1286,#402,.T.);
#1603=EDGE_CURVE('',#1287,#1285,#403,.T.);
#1604=EDGE_CURVE('',#1288,#1286,#404,.T.);
#1605=EDGE_CURVE('',#1287,#1288,#405,.T.);
#1606=EDGE_CURVE('',#1289,#1287,#406,.T.);
#1607=EDGE_CURVE('',#1290,#1288,#407,.T.);
#1608=EDGE_CURVE('',#1289,#1290,#408,.T.);
#1609=EDGE_CURVE('',#1291,#1292,#409,.T.);
#1610=EDGE_CURVE('',#1291,#1293,#410,.T.);
#1611=EDGE_CURVE('',#1293,#1294,#411,.T.);
#1612=EDGE_CURVE('',#1292,#1294,#412,.T.);
#1613=EDGE_CURVE('',#1295,#1291,#413,.T.);
#1614=EDGE_CURVE('',#1295,#1296,#414,.T.);
#1615=EDGE_CURVE('',#1296,#1293,#415,.T.);
#1616=EDGE_CURVE('',#1295,#1297,#416,.T.);
#1617=EDGE_CURVE('',#1297,#1298,#417,.T.);
#1618=EDGE_CURVE('',#1298,#1296,#418,.T.);
#1619=EDGE_CURVE('',#1299,#1297,#419,.T.);
#1620=EDGE_CURVE('',#1299,#1300,#420,.T.);
#1621=EDGE_CURVE('',#1300,#1298,#421,.T.);
#1622=EDGE_CURVE('',#1301,#1299,#422,.T.);
#1623=EDGE_CURVE('',#1301,#1302,#423,.T.);
#1624=EDGE_CURVE('',#1302,#1300,#424,.T.);
#1625=EDGE_CURVE('',#1303,#1301,#425,.T.);
#1626=EDGE_CURVE('',#1303,#1304,#426,.T.);
#1627=EDGE_CURVE('',#1304,#1302,#427,.T.);
#1628=EDGE_CURVE('',#1305,#1303,#428,.T.);
#1629=EDGE_CURVE('',#1305,#1306,#429,.T.);
#1630=EDGE_CURVE('',#1306,#1304,#430,.T.);
#1631=EDGE_CURVE('',#1289,#1305,#25,.T.);
#1632=EDGE_CURVE('',#1306,#1290,#26,.T.);
#1633=EDGE_CURVE('',#1307,#1308,#431,.T.);
#1634=EDGE_CURVE('',#1307,#1309,#432,.T.);
#1635=EDGE_CURVE('',#1310,#1309,#433,.T.);
#1636=EDGE_CURVE('',#1308,#1310,#434,.T.);
#1637=EDGE_CURVE('',#1311,#1312,#435,.T.);
#1638=EDGE_CURVE('',#1312,#1313,#436,.T.);
#1639=EDGE_CURVE('',#1314,#1313,#437,.T.);
#1640=EDGE_CURVE('',#1311,#1314,#438,.T.);
#1641=EDGE_CURVE('',#1315,#1311,#439,.T.);
#1642=EDGE_CURVE('',#1316,#1314,#440,.T.);
#1643=EDGE_CURVE('',#1315,#1316,#441,.T.);
#1644=EDGE_CURVE('',#1317,#1318,#442,.T.);
#1645=EDGE_CURVE('',#1318,#1319,#443,.T.);
#1646=EDGE_CURVE('',#1320,#1319,#444,.T.);
#1647=EDGE_CURVE('',#1317,#1320,#445,.T.);
#1648=EDGE_CURVE('',#1321,#1317,#446,.T.);
#1649=EDGE_CURVE('',#1322,#1320,#447,.T.);
#1650=EDGE_CURVE('',#1321,#1322,#448,.T.);
#1651=EDGE_CURVE('',#1323,#1321,#449,.T.);
#1652=EDGE_CURVE('',#1324,#1322,#450,.T.);
#1653=EDGE_CURVE('',#1323,#1324,#451,.T.);
#1654=EDGE_CURVE('',#1323,#1325,#452,.T.);
#1655=EDGE_CURVE('',#1326,#1324,#453,.T.);
#1656=EDGE_CURVE('',#1325,#1326,#454,.T.);
#1657=EDGE_CURVE('',#1307,#1325,#455,.T.);
#1658=EDGE_CURVE('',#1309,#1326,#456,.T.);
#1659=EDGE_CURVE('',#1327,#1328,#457,.T.);
#1660=EDGE_CURVE('',#1328,#1329,#458,.T.);
#1661=EDGE_CURVE('',#1329,#1330,#459,.T.);
#1662=EDGE_CURVE('',#1327,#1330,#460,.T.);
#1663=EDGE_CURVE('',#1331,#1332,#461,.T.);
#1664=EDGE_CURVE('',#1331,#1333,#462,.T.);
#1665=EDGE_CURVE('',#1333,#1334,#463,.T.);
#1666=EDGE_CURVE('',#1332,#1334,#464,.T.);
#1667=EDGE_CURVE('',#1335,#1331,#465,.T.);
#1668=EDGE_CURVE('',#1335,#1336,#466,.T.);
#1669=EDGE_CURVE('',#1336,#1333,#467,.T.);
#1670=EDGE_CURVE('',#1335,#1315,#468,.T.);
#1671=EDGE_CURVE('',#1336,#1316,#469,.T.);
#1672=EDGE_CURVE('',#1337,#1318,#470,.T.);
#1673=EDGE_CURVE('',#1337,#1338,#471,.T.);
#1674=EDGE_CURVE('',#1338,#1319,#472,.T.);
#1675=EDGE_CURVE('',#1339,#1337,#473,.T.);
#1676=EDGE_CURVE('',#1339,#1340,#474,.T.);
#1677=EDGE_CURVE('',#1340,#1338,#475,.T.);
#1678=EDGE_CURVE('',#1341,#1339,#476,.T.);
#1679=EDGE_CURVE('',#1341,#1342,#477,.T.);
#1680=EDGE_CURVE('',#1342,#1340,#478,.T.);
#1681=EDGE_CURVE('',#1343,#1341,#479,.T.);
#1682=EDGE_CURVE('',#1343,#1344,#480,.T.);
#1683=EDGE_CURVE('',#1344,#1342,#481,.T.);
#1684=EDGE_CURVE('',#1343,#1345,#482,.T.);
#1685=EDGE_CURVE('',#1345,#1346,#483,.T.);
#1686=EDGE_CURVE('',#1346,#1344,#484,.T.);
#1687=EDGE_CURVE('',#1327,#1345,#485,.T.);
#1688=EDGE_CURVE('',#1330,#1346,#486,.T.);
#1689=EDGE_CURVE('',#1347,#1348,#487,.T.);
#1690=EDGE_CURVE('',#1347,#1349,#488,.T.);
#1691=EDGE_CURVE('',#1349,#1350,#489,.T.);
#1692=EDGE_CURVE('',#1348,#1350,#490,.T.);
#1693=EDGE_CURVE('',#1351,#1351,#27,.T.);
#1694=EDGE_CURVE('',#1351,#1352,#491,.T.);
#1695=EDGE_CURVE('',#1352,#1352,#28,.T.);
#1696=EDGE_CURVE('',#1276,#1353,#492,.T.);
#1697=EDGE_CURVE('',#1292,#1354,#493,.T.);
#1698=EDGE_CURVE('',#1355,#1354,#494,.T.);
#1699=EDGE_CURVE('',#1355,#1356,#495,.T.);
#1700=EDGE_CURVE('',#1357,#1356,#496,.T.);
#1701=EDGE_CURVE('',#1357,#1358,#497,.T.);
#1702=EDGE_CURVE('',#1358,#1359,#498,.T.);
#1703=EDGE_CURVE('',#1359,#1360,#499,.T.);
#1704=EDGE_CURVE('',#1361,#1360,#500,.T.);
#1705=EDGE_CURVE('',#1362,#1361,#501,.T.);
#1706=EDGE_CURVE('',#1363,#1362,#502,.T.);
#1707=EDGE_CURVE('',#1364,#1363,#503,.T.);
#1708=EDGE_CURVE('',#1364,#1365,#504,.T.);
#1709=EDGE_CURVE('',#1366,#1365,#505,.T.);
#1710=EDGE_CURVE('',#1366,#1367,#506,.T.);
#1711=EDGE_CURVE('',#1368,#1367,#507,.T.);
#1712=EDGE_CURVE('',#1369,#1368,#508,.T.);
#1713=EDGE_CURVE('',#1370,#1369,#509,.T.);
#1714=EDGE_CURVE('',#1370,#1371,#510,.T.);
#1715=EDGE_CURVE('',#1372,#1371,#511,.T.);
#1716=EDGE_CURVE('',#1373,#1372,#512,.T.);
#1717=EDGE_CURVE('',#1374,#1373,#513,.T.);
#1718=EDGE_CURVE('',#1375,#1374,#514,.T.);
#1719=EDGE_CURVE('',#1376,#1375,#29,.T.);
#1720=EDGE_CURVE('',#1376,#1377,#515,.T.);
#1721=EDGE_CURVE('',#1377,#1378,#516,.T.);
#1722=EDGE_CURVE('',#1378,#1379,#517,.T.);
#1723=EDGE_CURVE('',#1379,#1380,#518,.T.);
#1724=EDGE_CURVE('',#1381,#1380,#519,.T.);
#1725=EDGE_CURVE('',#1381,#1382,#520,.T.);
#1726=EDGE_CURVE('',#1382,#1383,#521,.T.);
#1727=EDGE_CURVE('',#1383,#1328,#522,.T.);
#1728=EDGE_CURVE('',#1384,#1308,#523,.T.);
#1729=EDGE_CURVE('',#1385,#1384,#524,.T.);
#1730=EDGE_CURVE('',#1386,#1385,#525,.T.);
#1731=EDGE_CURVE('',#1386,#1387,#526,.T.);
#1732=EDGE_CURVE('',#1388,#1387,#527,.T.);
#1733=EDGE_CURVE('',#1389,#1388,#528,.T.);
#1734=EDGE_CURVE('',#1390,#1389,#529,.T.);
#1735=EDGE_CURVE('',#1391,#1390,#530,.T.);
#1736=EDGE_CURVE('',#1391,#1392,#30,.T.);
#1737=EDGE_CURVE('',#1392,#1393,#531,.T.);
#1738=EDGE_CURVE('',#1393,#1394,#532,.T.);
#1739=EDGE_CURVE('',#1394,#1395,#533,.T.);
#1740=EDGE_CURVE('',#1395,#1396,#534,.T.);
#1741=EDGE_CURVE('',#1397,#1396,#535,.T.);
#1742=EDGE_CURVE('',#1397,#1398,#536,.T.);
#1743=EDGE_CURVE('',#1398,#1399,#537,.T.);
#1744=EDGE_CURVE('',#1399,#1400,#538,.T.);
#1745=EDGE_CURVE('',#1401,#1400,#539,.T.);
#1746=EDGE_CURVE('',#1401,#1402,#540,.T.);
#1747=EDGE_CURVE('',#1403,#1402,#541,.T.);
#1748=EDGE_CURVE('',#1403,#1404,#542,.T.);
#1749=EDGE_CURVE('',#1404,#1405,#543,.T.);
#1750=EDGE_CURVE('',#1405,#1406,#544,.T.);
#1751=EDGE_CURVE('',#1406,#1407,#545,.T.);
#1752=EDGE_CURVE('',#1408,#1407,#546,.T.);
#1753=EDGE_CURVE('',#1409,#1408,#547,.T.);
#1754=EDGE_CURVE('',#1410,#1409,#548,.T.);
#1755=EDGE_CURVE('',#1410,#1411,#549,.T.);
#1756=EDGE_CURVE('',#1412,#1411,#550,.T.);
#1757=EDGE_CURVE('',#1412,#1413,#551,.T.);
#1758=EDGE_CURVE('',#1414,#1413,#552,.T.);
#1759=EDGE_CURVE('',#1415,#1414,#553,.T.);
#1760=EDGE_CURVE('',#1416,#1415,#554,.T.);
#1761=EDGE_CURVE('',#1416,#1417,#555,.T.);
#1762=EDGE_CURVE('',#1418,#1417,#556,.T.);
#1763=EDGE_CURVE('',#1419,#1418,#557,.T.);
#1764=EDGE_CURVE('',#1420,#1419,#558,.T.);
#1765=EDGE_CURVE('',#1421,#1420,#559,.T.);
#1766=EDGE_CURVE('',#1422,#1421,#31,.T.);
#1767=EDGE_CURVE('',#1422,#1423,#560,.T.);
#1768=EDGE_CURVE('',#1423,#1424,#561,.T.);
#1769=EDGE_CURVE('',#1424,#1425,#562,.T.);
#1770=EDGE_CURVE('',#1425,#1426,#563,.T.);
#1771=EDGE_CURVE('',#1427,#1426,#564,.T.);
#1772=EDGE_CURVE('',#1427,#1428,#565,.T.);
#1773=EDGE_CURVE('',#1428,#1429,#566,.T.);
#1774=EDGE_CURVE('',#1429,#1430,#567,.T.);
#1775=EDGE_CURVE('',#1431,#1430,#568,.T.);
#1776=EDGE_CURVE('',#1431,#1432,#569,.T.);
#1777=EDGE_CURVE('',#1433,#1432,#570,.T.);
#1778=EDGE_CURVE('',#1433,#1434,#571,.T.);
#1779=EDGE_CURVE('',#1434,#1435,#572,.T.);
#1780=EDGE_CURVE('',#1435,#1436,#573,.T.);
#1781=EDGE_CURVE('',#1437,#1436,#574,.T.);
#1782=EDGE_CURVE('',#1438,#1437,#575,.T.);
#1783=EDGE_CURVE('',#1439,#1438,#576,.T.);
#1784=EDGE_CURVE('',#1440,#1439,#577,.T.);
#1785=EDGE_CURVE('',#1440,#1441,#578,.T.);
#1786=EDGE_CURVE('',#1442,#1441,#579,.T.);
#1787=EDGE_CURVE('',#1442,#1353,#580,.T.);
#1788=EDGE_CURVE('',#1443,#1443,#32,.T.);
#1789=EDGE_CURVE('',#1444,#1444,#33,.T.);
#1790=EDGE_CURVE('',#1445,#1445,#34,.T.);
#1791=EDGE_CURVE('',#1312,#1446,#581,.T.);
#1792=EDGE_CURVE('',#1447,#1332,#582,.T.);
#1793=EDGE_CURVE('',#1448,#1447,#35,.T.);
#1794=EDGE_CURVE('',#1449,#1448,#583,.T.);
#1795=EDGE_CURVE('',#1450,#1449,#584,.T.);
#1796=EDGE_CURVE('',#1451,#1450,#585,.T.);
#1797=EDGE_CURVE('',#1451,#1452,#586,.T.);
#1798=EDGE_CURVE('',#1452,#1453,#587,.T.);
#1799=EDGE_CURVE('',#1453,#1454,#588,.T.);
#1800=EDGE_CURVE('',#1454,#1455,#589,.T.);
#1801=EDGE_CURVE('',#1455,#1456,#36,.T.);
#1802=EDGE_CURVE('',#1457,#1456,#590,.T.);
#1803=EDGE_CURVE('',#1458,#1457,#591,.T.);
#1804=EDGE_CURVE('',#1459,#1458,#592,.T.);
#1805=EDGE_CURVE('',#1459,#1460,#593,.T.);
#1806=EDGE_CURVE('',#1460,#1461,#594,.T.);
#1807=EDGE_CURVE('',#1461,#1462,#595,.T.);
#1808=EDGE_CURVE('',#1462,#1463,#596,.T.);
#1809=EDGE_CURVE('',#1463,#1464,#37,.T.);
#1810=EDGE_CURVE('',#1465,#1464,#597,.T.);
#1811=EDGE_CURVE('',#1466,#1465,#598,.T.);
#1812=EDGE_CURVE('',#1467,#1466,#599,.T.);
#1813=EDGE_CURVE('',#1468,#1467,#600,.T.);
#1814=EDGE_CURVE('',#1468,#1469,#601,.T.);
#1815=EDGE_CURVE('',#1469,#1347,#602,.T.);
#1816=EDGE_CURVE('',#1348,#1446,#38,.T.);
#1817=EDGE_CURVE('',#1428,#1470,#603,.T.);
#1818=EDGE_CURVE('',#1470,#1471,#604,.T.);
#1819=EDGE_CURVE('',#1429,#1471,#605,.T.);
#1820=EDGE_CURVE('',#1427,#1472,#606,.T.);
#1821=EDGE_CURVE('',#1472,#1470,#607,.T.);
#1822=EDGE_CURVE('',#1426,#1473,#608,.T.);
#1823=EDGE_CURVE('',#1473,#1472,#609,.T.);
#1824=EDGE_CURVE('',#1425,#1474,#610,.T.);
#1825=EDGE_CURVE('',#1474,#1473,#611,.T.);
#1826=EDGE_CURVE('',#1424,#1475,#612,.T.);
#1827=EDGE_CURVE('',#1475,#1474,#613,.T.);
#1828=EDGE_CURVE('',#1423,#1476,#614,.T.);
#1829=EDGE_CURVE('',#1476,#1475,#615,.T.);
#1830=EDGE_CURVE('',#1422,#1477,#616,.T.);
#1831=EDGE_CURVE('',#1477,#1476,#617,.T.);
#1832=EDGE_CURVE('',#1414,#1478,#618,.T.);
#1833=EDGE_CURVE('',#1479,#1478,#619,.T.);
#1834=EDGE_CURVE('',#1415,#1479,#620,.T.);
#1835=EDGE_CURVE('',#1480,#1479,#621,.T.);
#1836=EDGE_CURVE('',#1416,#1480,#622,.T.);
#1837=EDGE_CURVE('',#1481,#1480,#623,.T.);
#1838=EDGE_CURVE('',#1417,#1481,#624,.T.);
#1839=EDGE_CURVE('',#1482,#1481,#625,.T.);
#1840=EDGE_CURVE('',#1418,#1482,#626,.T.);
#1841=EDGE_CURVE('',#1483,#1482,#627,.T.);
#1842=EDGE_CURVE('',#1419,#1483,#628,.T.);
#1843=EDGE_CURVE('',#1484,#1483,#629,.T.);
#1844=EDGE_CURVE('',#1420,#1484,#630,.T.);
#1845=EDGE_CURVE('',#1485,#1484,#631,.T.);
#1846=EDGE_CURVE('',#1421,#1485,#632,.T.);
#1847=EDGE_CURVE('',#1485,#1477,#39,.T.);
#1848=EDGE_CURVE('',#1412,#1486,#633,.T.);
#1849=EDGE_CURVE('',#1487,#1486,#634,.T.);
#1850=EDGE_CURVE('',#1413,#1487,#635,.T.);
#1851=EDGE_CURVE('',#1478,#1487,#636,.T.);
#1852=EDGE_CURVE('',#1465,#1488,#637,.T.);
#1853=EDGE_CURVE('',#1489,#1488,#638,.T.);
#1854=EDGE_CURVE('',#1466,#1489,#639,.T.);
#1855=EDGE_CURVE('',#1490,#1489,#640,.T.);
#1856=EDGE_CURVE('',#1467,#1490,#641,.T.);
#1857=EDGE_CURVE('',#1407,#1491,#642,.T.);
#1858=EDGE_CURVE('',#1492,#1491,#643,.T.);
#1859=EDGE_CURVE('',#1408,#1492,#644,.T.);
#1860=EDGE_CURVE('',#1493,#1492,#645,.T.);
#1861=EDGE_CURVE('',#1409,#1493,#646,.T.);
#1862=EDGE_CURVE('',#1494,#1493,#647,.T.);
#1863=EDGE_CURVE('',#1410,#1494,#648,.T.);
#1864=EDGE_CURVE('',#1495,#1494,#649,.T.);
#1865=EDGE_CURVE('',#1411,#1495,#650,.T.);
#1866=EDGE_CURVE('',#1486,#1495,#651,.T.);
#1867=EDGE_CURVE('',#1400,#1496,#652,.T.);
#1868=EDGE_CURVE('',#1496,#1497,#653,.T.);
#1869=EDGE_CURVE('',#1401,#1497,#654,.T.);
#1870=EDGE_CURVE('',#1446,#1498,#655,.T.);
#1871=EDGE_CURVE('',#1498,#1313,#656,.T.);
#1872=EDGE_CURVE('',#1350,#1498,#40,.T.);
#1873=EDGE_CURVE('',#1469,#1499,#657,.T.);
#1874=EDGE_CURVE('',#1499,#1349,#658,.T.);
#1875=EDGE_CURVE('',#1468,#1500,#659,.T.);
#1876=EDGE_CURVE('',#1500,#1499,#660,.T.);
#1877=EDGE_CURVE('',#1500,#1490,#661,.T.);
#1878=EDGE_CURVE('',#1406,#1501,#662,.T.);
#1879=EDGE_CURVE('',#1501,#1491,#663,.T.);
#1880=EDGE_CURVE('',#1405,#1502,#664,.T.);
#1881=EDGE_CURVE('',#1502,#1501,#665,.T.);
#1882=EDGE_CURVE('',#1404,#1503,#666,.T.);
#1883=EDGE_CURVE('',#1503,#1502,#667,.T.);
#1884=EDGE_CURVE('',#1403,#1504,#668,.T.);
#1885=EDGE_CURVE('',#1504,#1503,#669,.T.);
#1886=EDGE_CURVE('',#1402,#1505,#670,.T.);
#1887=EDGE_CURVE('',#1505,#1504,#671,.T.);
#1888=EDGE_CURVE('',#1497,#1505,#672,.T.);
#1889=EDGE_CURVE('',#1462,#1506,#673,.T.);
#1890=EDGE_CURVE('',#1506,#1507,#674,.T.);
#1891=EDGE_CURVE('',#1463,#1507,#675,.T.);
#1892=EDGE_CURVE('',#1508,#1508,#41,.T.);
#1893=EDGE_CURVE('',#1508,#1445,#676,.T.);
#1894=EDGE_CURVE('',#1430,#1509,#677,.T.);
#1895=EDGE_CURVE('',#1509,#1510,#678,.T.);
#1896=EDGE_CURVE('',#1431,#1510,#679,.T.);
#1897=EDGE_CURVE('',#1471,#1509,#680,.T.);
#1898=EDGE_CURVE('',#1464,#1511,#681,.T.);
#1899=EDGE_CURVE('',#1511,#1488,#682,.T.);
#1900=EDGE_CURVE('',#1507,#1511,#42,.T.);
#1901=EDGE_CURVE('',#1461,#1512,#683,.T.);
#1902=EDGE_CURVE('',#1512,#1506,#684,.T.);
#1903=EDGE_CURVE('',#1460,#1513,#685,.T.);
#1904=EDGE_CURVE('',#1513,#1512,#686,.T.);
#1905=EDGE_CURVE('',#1435,#1514,#687,.T.);
#1906=EDGE_CURVE('',#1514,#1515,#688,.T.);
#1907=EDGE_CURVE('',#1436,#1515,#689,.T.);
#1908=EDGE_CURVE('',#1434,#1516,#690,.T.);
#1909=EDGE_CURVE('',#1516,#1514,#691,.T.);
#1910=EDGE_CURVE('',#1433,#1517,#692,.T.);
#1911=EDGE_CURVE('',#1517,#1516,#693,.T.);
#1912=EDGE_CURVE('',#1432,#1518,#694,.T.);
#1913=EDGE_CURVE('',#1518,#1517,#695,.T.);
#1914=EDGE_CURVE('',#1510,#1518,#696,.T.);
#1915=EDGE_CURVE('',#1442,#1519,#697,.T.);
#1916=EDGE_CURVE('',#1520,#1519,#698,.T.);
#1917=EDGE_CURVE('',#1353,#1520,#699,.T.);
#1918=EDGE_CURVE('',#1277,#1520,#700,.T.);
#1919=EDGE_CURVE('',#1457,#1521,#701,.T.);
#1920=EDGE_CURVE('',#1522,#1521,#702,.T.);
#1921=EDGE_CURVE('',#1458,#1522,#703,.T.);
#1922=EDGE_CURVE('',#1523,#1522,#704,.T.);
#1923=EDGE_CURVE('',#1459,#1523,#705,.T.);
#1924=EDGE_CURVE('',#1523,#1513,#706,.T.);
#1925=EDGE_CURVE('',#1524,#1515,#707,.T.);
#1926=EDGE_CURVE('',#1437,#1524,#708,.T.);
#1927=EDGE_CURVE('',#1525,#1524,#709,.T.);
#1928=EDGE_CURVE('',#1438,#1525,#710,.T.);
#1929=EDGE_CURVE('',#1526,#1525,#711,.T.);
#1930=EDGE_CURVE('',#1439,#1526,#712,.T.);
#1931=EDGE_CURVE('',#1527,#1526,#713,.T.);
#1932=EDGE_CURVE('',#1440,#1527,#714,.T.);
#1933=EDGE_CURVE('',#1528,#1527,#715,.T.);
#1934=EDGE_CURVE('',#1441,#1528,#716,.T.);
#1935=EDGE_CURVE('',#1519,#1528,#717,.T.);
#1936=EDGE_CURVE('',#1454,#1529,#718,.T.);
#1937=EDGE_CURVE('',#1529,#1530,#719,.T.);
#1938=EDGE_CURVE('',#1455,#1530,#720,.T.);
#1939=EDGE_CURVE('',#1531,#1531,#43,.T.);
#1940=EDGE_CURVE('',#1531,#1443,#721,.T.);
#1941=EDGE_CURVE('',#1354,#1532,#722,.T.);
#1942=EDGE_CURVE('',#1532,#1533,#723,.T.);
#1943=EDGE_CURVE('',#1355,#1533,#724,.T.);
#1944=EDGE_CURVE('',#1294,#1532,#725,.T.);
#1945=EDGE_CURVE('',#1456,#1534,#726,.T.);
#1946=EDGE_CURVE('',#1534,#1521,#727,.T.);
#1947=EDGE_CURVE('',#1530,#1534,#44,.T.);
#1948=EDGE_CURVE('',#1453,#1535,#728,.T.);
#1949=EDGE_CURVE('',#1535,#1529,#729,.T.);
#1950=EDGE_CURVE('',#1452,#1536,#730,.T.);
#1951=EDGE_CURVE('',#1536,#1535,#731,.T.);
#1952=EDGE_CURVE('',#1359,#1537,#732,.T.);
#1953=EDGE_CURVE('',#1537,#1538,#733,.T.);
#1954=EDGE_CURVE('',#1360,#1538,#734,.T.);
#1955=EDGE_CURVE('',#1358,#1539,#735,.T.);
#1956=EDGE_CURVE('',#1539,#1537,#736,.T.);
#1957=EDGE_CURVE('',#1357,#1540,#737,.T.);
#1958=EDGE_CURVE('',#1540,#1539,#738,.T.);
#1959=EDGE_CURVE('',#1356,#1541,#739,.T.);
#1960=EDGE_CURVE('',#1541,#1540,#740,.T.);
#1961=EDGE_CURVE('',#1533,#1541,#741,.T.);
#1962=EDGE_CURVE('',#1366,#1542,#742,.T.);
#1963=EDGE_CURVE('',#1543,#1542,#743,.T.);
#1964=EDGE_CURVE('',#1367,#1543,#744,.T.);
#1965=EDGE_CURVE('',#1544,#1334,#745,.T.);
#1966=EDGE_CURVE('',#1447,#1544,#746,.T.);
#1967=EDGE_CURVE('',#1545,#1544,#45,.T.);
#1968=EDGE_CURVE('',#1448,#1545,#747,.T.);
#1969=EDGE_CURVE('',#1546,#1545,#748,.T.);
#1970=EDGE_CURVE('',#1449,#1546,#749,.T.);
#1971=EDGE_CURVE('',#1547,#1546,#750,.T.);
#1972=EDGE_CURVE('',#1450,#1547,#751,.T.);
#1973=EDGE_CURVE('',#1548,#1547,#752,.T.);
#1974=EDGE_CURVE('',#1451,#1548,#753,.T.);
#1975=EDGE_CURVE('',#1548,#1536,#754,.T.);
#1976=EDGE_CURVE('',#1549,#1538,#755,.T.);
#1977=EDGE_CURVE('',#1361,#1549,#756,.T.);
#1978=EDGE_CURVE('',#1550,#1549,#757,.T.);
#1979=EDGE_CURVE('',#1362,#1550,#758,.T.);
#1980=EDGE_CURVE('',#1551,#1550,#759,.T.);
#1981=EDGE_CURVE('',#1363,#1551,#760,.T.);
#1982=EDGE_CURVE('',#1552,#1551,#761,.T.);
#1983=EDGE_CURVE('',#1364,#1552,#762,.T.);
#1984=EDGE_CURVE('',#1553,#1552,#763,.T.);
#1985=EDGE_CURVE('',#1365,#1553,#764,.T.);
#1986=EDGE_CURVE('',#1542,#1553,#765,.T.);
#1987=EDGE_CURVE('',#1383,#1554,#766,.T.);
#1988=EDGE_CURVE('',#1554,#1329,#767,.T.);
#1989=EDGE_CURVE('',#1382,#1555,#768,.T.);
#1990=EDGE_CURVE('',#1555,#1554,#769,.T.);
#1991=EDGE_CURVE('',#1381,#1556,#770,.T.);
#1992=EDGE_CURVE('',#1556,#1555,#771,.T.);
#1993=EDGE_CURVE('',#1380,#1557,#772,.T.);
#1994=EDGE_CURVE('',#1557,#1556,#773,.T.);
#1995=EDGE_CURVE('',#1379,#1558,#774,.T.);
#1996=EDGE_CURVE('',#1558,#1557,#775,.T.);
#1997=EDGE_CURVE('',#1378,#1559,#776,.T.);
#1998=EDGE_CURVE('',#1559,#1558,#777,.T.);
#1999=EDGE_CURVE('',#1377,#1560,#778,.T.);
#2000=EDGE_CURVE('',#1560,#1559,#779,.T.);
#2001=EDGE_CURVE('',#1376,#1561,#780,.T.);
#2002=EDGE_CURVE('',#1561,#1560,#781,.T.);
#2003=EDGE_CURVE('',#1562,#1562,#46,.T.);
#2004=EDGE_CURVE('',#1562,#1444,#782,.T.);
#2005=EDGE_CURVE('',#1563,#1543,#783,.T.);
#2006=EDGE_CURVE('',#1368,#1563,#784,.T.);
#2007=EDGE_CURVE('',#1564,#1563,#785,.T.);
#2008=EDGE_CURVE('',#1369,#1564,#786,.T.);
#2009=EDGE_CURVE('',#1565,#1564,#787,.T.);
#2010=EDGE_CURVE('',#1370,#1565,#788,.T.);
#2011=EDGE_CURVE('',#1566,#1565,#789,.T.);
#2012=EDGE_CURVE('',#1371,#1566,#790,.T.);
#2013=EDGE_CURVE('',#1567,#1566,#791,.T.);
#2014=EDGE_CURVE('',#1372,#1567,#792,.T.);
#2015=EDGE_CURVE('',#1568,#1567,#793,.T.);
#2016=EDGE_CURVE('',#1373,#1568,#794,.T.);
#2017=EDGE_CURVE('',#1569,#1568,#795,.T.);
#2018=EDGE_CURVE('',#1374,#1569,#796,.T.);
#2019=EDGE_CURVE('',#1570,#1569,#797,.T.);
#2020=EDGE_CURVE('',#1375,#1570,#798,.T.);
#2021=EDGE_CURVE('',#1570,#1561,#47,.T.);
#2022=EDGE_CURVE('',#1571,#1310,#799,.T.);
#2023=EDGE_CURVE('',#1384,#1571,#800,.T.);
#2024=EDGE_CURVE('',#1572,#1571,#801,.T.);
#2025=EDGE_CURVE('',#1385,#1572,#802,.T.);
#2026=EDGE_CURVE('',#1573,#1572,#803,.T.);
#2027=EDGE_CURVE('',#1386,#1573,#804,.T.);
#2028=EDGE_CURVE('',#1574,#1573,#805,.T.);
#2029=EDGE_CURVE('',#1387,#1574,#806,.T.);
#2030=EDGE_CURVE('',#1575,#1574,#807,.T.);
#2031=EDGE_CURVE('',#1388,#1575,#808,.T.);
#2032=EDGE_CURVE('',#1576,#1575,#809,.T.);
#2033=EDGE_CURVE('',#1389,#1576,#810,.T.);
#2034=EDGE_CURVE('',#1577,#1576,#811,.T.);
#2035=EDGE_CURVE('',#1390,#1577,#812,.T.);
#2036=EDGE_CURVE('',#1578,#1577,#813,.T.);
#2037=EDGE_CURVE('',#1391,#1578,#814,.T.);
#2038=EDGE_CURVE('',#1399,#1579,#815,.T.);
#2039=EDGE_CURVE('',#1579,#1496,#816,.T.);
#2040=EDGE_CURVE('',#1398,#1580,#817,.T.);
#2041=EDGE_CURVE('',#1580,#1579,#818,.T.);
#2042=EDGE_CURVE('',#1397,#1581,#819,.T.);
#2043=EDGE_CURVE('',#1581,#1580,#820,.T.);
#2044=EDGE_CURVE('',#1396,#1582,#821,.T.);
#2045=EDGE_CURVE('',#1582,#1581,#822,.T.);
#2046=EDGE_CURVE('',#1395,#1583,#823,.T.);
#2047=EDGE_CURVE('',#1583,#1582,#824,.T.);
#2048=EDGE_CURVE('',#1394,#1584,#825,.T.);
#2049=EDGE_CURVE('',#1584,#1583,#826,.T.);
#2050=EDGE_CURVE('',#1393,#1585,#827,.T.);
#2051=EDGE_CURVE('',#1585,#1584,#828,.T.);
#2052=EDGE_CURVE('',#1392,#1586,#829,.T.);
#2053=EDGE_CURVE('',#1586,#1585,#830,.T.);
#2054=EDGE_CURVE('',#1586,#1578,#48,.T.);
#2055=ORIENTED_EDGE('',*,*,#1587,.T.);
#2056=ORIENTED_EDGE('',*,*,#1588,.T.);
#2057=ORIENTED_EDGE('',*,*,#1589,.F.);
#2058=ORIENTED_EDGE('',*,*,#1590,.F.);
#2059=ORIENTED_EDGE('',*,*,#1591,.T.);
#2060=ORIENTED_EDGE('',*,*,#1590,.T.);
#2061=ORIENTED_EDGE('',*,*,#1592,.F.);
#2062=ORIENTED_EDGE('',*,*,#1593,.F.);
#2063=ORIENTED_EDGE('',*,*,#1594,.F.);
#2064=ORIENTED_EDGE('',*,*,#1593,.T.);
#2065=ORIENTED_EDGE('',*,*,#1595,.F.);
#2066=ORIENTED_EDGE('',*,*,#1596,.F.);
#2067=ORIENTED_EDGE('',*,*,#1597,.T.);
#2068=ORIENTED_EDGE('',*,*,#1596,.T.);
#2069=ORIENTED_EDGE('',*,*,#1598,.F.);
#2070=ORIENTED_EDGE('',*,*,#1599,.F.);
#2071=ORIENTED_EDGE('',*,*,#1600,.T.);
#2072=ORIENTED_EDGE('',*,*,#1599,.T.);
#2073=ORIENTED_EDGE('',*,*,#1601,.F.);
#2074=ORIENTED_EDGE('',*,*,#1602,.F.);
#2075=ORIENTED_EDGE('',*,*,#1603,.T.);
#2076=ORIENTED_EDGE('',*,*,#1602,.T.);
#2077=ORIENTED_EDGE('',*,*,#1604,.F.);
#2078=ORIENTED_EDGE('',*,*,#1605,.F.);
#2079=ORIENTED_EDGE('',*,*,#1606,.T.);
#2080=ORIENTED_EDGE('',*,*,#1605,.T.);
#2081=ORIENTED_EDGE('',*,*,#1607,.F.);
#2082=ORIENTED_EDGE('',*,*,#1608,.F.);
#2083=ORIENTED_EDGE('',*,*,#1609,.F.);
#2084=ORIENTED_EDGE('',*,*,#1610,.T.);
#2085=ORIENTED_EDGE('',*,*,#1611,.T.);
#2086=ORIENTED_EDGE('',*,*,#1612,.F.);
#2087=ORIENTED_EDGE('',*,*,#1613,.F.);
#2088=ORIENTED_EDGE('',*,*,#1614,.T.);
#2089=ORIENTED_EDGE('',*,*,#1615,.T.);
#2090=ORIENTED_EDGE('',*,*,#1610,.F.);
#2091=ORIENTED_EDGE('',*,*,#1616,.T.);
#2092=ORIENTED_EDGE('',*,*,#1617,.T.);
#2093=ORIENTED_EDGE('',*,*,#1618,.T.);
#2094=ORIENTED_EDGE('',*,*,#1614,.F.);
#2095=ORIENTED_EDGE('',*,*,#1619,.F.);
#2096=ORIENTED_EDGE('',*,*,#1620,.T.);
#2097=ORIENTED_EDGE('',*,*,#1621,.T.);
#2098=ORIENTED_EDGE('',*,*,#1617,.F.);
#2099=ORIENTED_EDGE('',*,*,#1622,.F.);
#2100=ORIENTED_EDGE('',*,*,#1623,.T.);
#2101=ORIENTED_EDGE('',*,*,#1624,.T.);
#2102=ORIENTED_EDGE('',*,*,#1620,.F.);
#2103=ORIENTED_EDGE('',*,*,#1625,.F.);
#2104=ORIENTED_EDGE('',*,*,#1626,.T.);
#2105=ORIENTED_EDGE('',*,*,#1627,.T.);
#2106=ORIENTED_EDGE('',*,*,#1623,.F.);
#2107=ORIENTED_EDGE('',*,*,#1628,.F.);
#2108=ORIENTED_EDGE('',*,*,#1629,.T.);
#2109=ORIENTED_EDGE('',*,*,#1630,.T.);
#2110=ORIENTED_EDGE('',*,*,#1626,.F.);
#2111=ORIENTED_EDGE('',*,*,#1631,.F.);
#2112=ORIENTED_EDGE('',*,*,#1608,.T.);
#2113=ORIENTED_EDGE('',*,*,#1632,.F.);
#2114=ORIENTED_EDGE('',*,*,#1629,.F.);
#2115=ORIENTED_EDGE('',*,*,#1633,.F.);
#2116=ORIENTED_EDGE('',*,*,#1634,.T.);
#2117=ORIENTED_EDGE('',*,*,#1635,.F.);
#2118=ORIENTED_EDGE('',*,*,#1636,.F.);
#2119=ORIENTED_EDGE('',*,*,#1637,.T.);
#2120=ORIENTED_EDGE('',*,*,#1638,.T.);
#2121=ORIENTED_EDGE('',*,*,#1639,.F.);
#2122=ORIENTED_EDGE('',*,*,#1640,.F.);
#2123=ORIENTED_EDGE('',*,*,#1641,.T.);
#2124=ORIENTED_EDGE('',*,*,#1640,.T.);
#2125=ORIENTED_EDGE('',*,*,#1642,.F.);
#2126=ORIENTED_EDGE('',*,*,#1643,.F.);
#2127=ORIENTED_EDGE('',*,*,#1644,.T.);
#2128=ORIENTED_EDGE('',*,*,#1645,.T.);
#2129=ORIENTED_EDGE('',*,*,#1646,.F.);
#2130=ORIENTED_EDGE('',*,*,#1647,.F.);
#2131=ORIENTED_EDGE('',*,*,#1648,.T.);
#2132=ORIENTED_EDGE('',*,*,#1647,.T.);
#2133=ORIENTED_EDGE('',*,*,#1649,.F.);
#2134=ORIENTED_EDGE('',*,*,#1650,.F.);
#2135=ORIENTED_EDGE('',*,*,#1651,.T.);
#2136=ORIENTED_EDGE('',*,*,#1650,.T.);
#2137=ORIENTED_EDGE('',*,*,#1652,.F.);
#2138=ORIENTED_EDGE('',*,*,#1653,.F.);
#2139=ORIENTED_EDGE('',*,*,#1654,.F.);
#2140=ORIENTED_EDGE('',*,*,#1653,.T.);
#2141=ORIENTED_EDGE('',*,*,#1655,.F.);
#2142=ORIENTED_EDGE('',*,*,#1656,.F.);
#2143=ORIENTED_EDGE('',*,*,#1657,.T.);
#2144=ORIENTED_EDGE('',*,*,#1656,.T.);
#2145=ORIENTED_EDGE('',*,*,#1658,.F.);
#2146=ORIENTED_EDGE('',*,*,#1634,.F.);
#2147=ORIENTED_EDGE('',*,*,#1659,.T.);
#2148=ORIENTED_EDGE('',*,*,#1660,.T.);
#2149=ORIENTED_EDGE('',*,*,#1661,.T.);
#2150=ORIENTED_EDGE('',*,*,#1662,.F.);
#2151=ORIENTED_EDGE('',*,*,#1663,.F.);
#2152=ORIENTED_EDGE('',*,*,#1664,.T.);
#2153=ORIENTED_EDGE('',*,*,#1665,.T.);
#2154=ORIENTED_EDGE('',*,*,#1666,.F.);
#2155=ORIENTED_EDGE('',*,*,#1667,.F.);
#2156=ORIENTED_EDGE('',*,*,#1668,.T.);
#2157=ORIENTED_EDGE('',*,*,#1669,.T.);
#2158=ORIENTED_EDGE('',*,*,#1664,.F.);
#2159=ORIENTED_EDGE('',*,*,#1670,.T.);
#2160=ORIENTED_EDGE('',*,*,#1643,.T.);
#2161=ORIENTED_EDGE('',*,*,#1671,.F.);
#2162=ORIENTED_EDGE('',*,*,#1668,.F.);
#2163=ORIENTED_EDGE('',*,*,#1672,.F.);
#2164=ORIENTED_EDGE('',*,*,#1673,.T.);
#2165=ORIENTED_EDGE('',*,*,#1674,.T.);
#2166=ORIENTED_EDGE('',*,*,#1645,.F.);
#2167=ORIENTED_EDGE('',*,*,#1675,.F.);
#2168=ORIENTED_EDGE('',*,*,#1676,.T.);
#2169=ORIENTED_EDGE('',*,*,#1677,.T.);
#2170=ORIENTED_EDGE('',*,*,#1673,.F.);
#2171=ORIENTED_EDGE('',*,*,#1678,.F.);
#2172=ORIENTED_EDGE('',*,*,#1679,.T.);
#2173=ORIENTED_EDGE('',*,*,#1680,.T.);
#2174=ORIENTED_EDGE('',*,*,#1676,.F.);
#2175=ORIENTED_EDGE('',*,*,#1681,.F.);
#2176=ORIENTED_EDGE('',*,*,#1682,.T.);
#2177=ORIENTED_EDGE('',*,*,#1683,.T.);
#2178=ORIENTED_EDGE('',*,*,#1679,.F.);
#2179=ORIENTED_EDGE('',*,*,#1684,.T.);
#2180=ORIENTED_EDGE('',*,*,#1685,.T.);
#2181=ORIENTED_EDGE('',*,*,#1686,.T.);
#2182=ORIENTED_EDGE('',*,*,#1682,.F.);
#2183=ORIENTED_EDGE('',*,*,#1687,.F.);
#2184=ORIENTED_EDGE('',*,*,#1662,.T.);
#2185=ORIENTED_EDGE('',*,*,#1688,.T.);
#2186=ORIENTED_EDGE('',*,*,#1685,.F.);
#2187=ORIENTED_EDGE('',*,*,#1689,.F.);
#2188=ORIENTED_EDGE('',*,*,#1690,.T.);
#2189=ORIENTED_EDGE('',*,*,#1691,.T.);
#2190=ORIENTED_EDGE('',*,*,#1692,.F.);
#2191=ORIENTED_EDGE('',*,*,#1693,.T.);
#2192=ORIENTED_EDGE('',*,*,#1694,.T.);
#2193=ORIENTED_EDGE('',*,*,#1695,.T.);
#2194=ORIENTED_EDGE('',*,*,#1694,.F.);
#2195=ORIENTED_EDGE('',*,*,#1696,.F.);
#2196=ORIENTED_EDGE('',*,*,#1587,.F.);
#2197=ORIENTED_EDGE('',*,*,#1591,.F.);
#2198=ORIENTED_EDGE('',*,*,#1594,.T.);
#2199=ORIENTED_EDGE('',*,*,#1597,.F.);
#2200=ORIENTED_EDGE('',*,*,#1600,.F.);
#2201=ORIENTED_EDGE('',*,*,#1603,.F.);
#2202=ORIENTED_EDGE('',*,*,#1606,.F.);
#2203=ORIENTED_EDGE('',*,*,#1631,.T.);
#2204=ORIENTED_EDGE('',*,*,#1628,.T.);
#2205=ORIENTED_EDGE('',*,*,#1625,.T.);
#2206=ORIENTED_EDGE('',*,*,#1622,.T.);
#2207=ORIENTED_EDGE('',*,*,#1619,.T.);
#2208=ORIENTED_EDGE('',*,*,#1616,.F.);
#2209=ORIENTED_EDGE('',*,*,#1613,.T.);
#2210=ORIENTED_EDGE('',*,*,#1609,.T.);
#2211=ORIENTED_EDGE('',*,*,#1697,.T.);
#2212=ORIENTED_EDGE('',*,*,#1698,.F.);
#2213=ORIENTED_EDGE('',*,*,#1699,.T.);
#2214=ORIENTED_EDGE('',*,*,#1700,.F.);
#2215=ORIENTED_EDGE('',*,*,#1701,.T.);
#2216=ORIENTED_EDGE('',*,*,#1702,.T.);
#2217=ORIENTED_EDGE('',*,*,#1703,.T.);
#2218=ORIENTED_EDGE('',*,*,#1704,.F.);
#2219=ORIENTED_EDGE('',*,*,#1705,.F.);
#2220=ORIENTED_EDGE('',*,*,#1706,.F.);
#2221=ORIENTED_EDGE('',*,*,#1707,.F.);
#2222=ORIENTED_EDGE('',*,*,#1708,.T.);
#2223=ORIENTED_EDGE('',*,*,#1709,.F.);
#2224=ORIENTED_EDGE('',*,*,#1710,.T.);
#2225=ORIENTED_EDGE('',*,*,#1711,.F.);
#2226=ORIENTED_EDGE('',*,*,#1712,.F.);
#2227=ORIENTED_EDGE('',*,*,#1713,.F.);
#2228=ORIENTED_EDGE('',*,*,#1714,.T.);
#2229=ORIENTED_EDGE('',*,*,#1715,.F.);
#2230=ORIENTED_EDGE('',*,*,#1716,.F.);
#2231=ORIENTED_EDGE('',*,*,#1717,.F.);
#2232=ORIENTED_EDGE('',*,*,#1718,.F.);
#2233=ORIENTED_EDGE('',*,*,#1719,.F.);
#2234=ORIENTED_EDGE('',*,*,#1720,.T.);
#2235=ORIENTED_EDGE('',*,*,#1721,.T.);
#2236=ORIENTED_EDGE('',*,*,#1722,.T.);
#2237=ORIENTED_EDGE('',*,*,#1723,.T.);
#2238=ORIENTED_EDGE('',*,*,#1724,.F.);
#2239=ORIENTED_EDGE('',*,*,#1725,.T.);
#2240=ORIENTED_EDGE('',*,*,#1726,.T.);
#2241=ORIENTED_EDGE('',*,*,#1727,.T.);
#2242=ORIENTED_EDGE('',*,*,#1659,.F.);
#2243=ORIENTED_EDGE('',*,*,#1687,.T.);
#2244=ORIENTED_EDGE('',*,*,#1684,.F.);
#2245=ORIENTED_EDGE('',*,*,#1681,.T.);
#2246=ORIENTED_EDGE('',*,*,#1678,.T.);
#2247=ORIENTED_EDGE('',*,*,#1675,.T.);
#2248=ORIENTED_EDGE('',*,*,#1672,.T.);
#2249=ORIENTED_EDGE('',*,*,#1644,.F.);
#2250=ORIENTED_EDGE('',*,*,#1648,.F.);
#2251=ORIENTED_EDGE('',*,*,#1651,.F.);
#2252=ORIENTED_EDGE('',*,*,#1654,.T.);
#2253=ORIENTED_EDGE('',*,*,#1657,.F.);
#2254=ORIENTED_EDGE('',*,*,#1633,.T.);
#2255=ORIENTED_EDGE('',*,*,#1728,.F.);
#2256=ORIENTED_EDGE('',*,*,#1729,.F.);
#2257=ORIENTED_EDGE('',*,*,#1730,.F.);
#2258=ORIENTED_EDGE('',*,*,#1731,.T.);
#2259=ORIENTED_EDGE('',*,*,#1732,.F.);
#2260=ORIENTED_EDGE('',*,*,#1733,.F.);
#2261=ORIENTED_EDGE('',*,*,#1734,.F.);
#2262=ORIENTED_EDGE('',*,*,#1735,.F.);
#2263=ORIENTED_EDGE('',*,*,#1736,.T.);
#2264=ORIENTED_EDGE('',*,*,#1737,.T.);
#2265=ORIENTED_EDGE('',*,*,#1738,.T.);
#2266=ORIENTED_EDGE('',*,*,#1739,.T.);
#2267=ORIENTED_EDGE('',*,*,#1740,.T.);
#2268=ORIENTED_EDGE('',*,*,#1741,.F.);
#2269=ORIENTED_EDGE('',*,*,#1742,.T.);
#2270=ORIENTED_EDGE('',*,*,#1743,.T.);
#2271=ORIENTED_EDGE('',*,*,#1744,.T.);
#2272=ORIENTED_EDGE('',*,*,#1745,.F.);
#2273=ORIENTED_EDGE('',*,*,#1746,.T.);
#2274=ORIENTED_EDGE('',*,*,#1747,.F.);
#2275=ORIENTED_EDGE('',*,*,#1748,.T.);
#2276=ORIENTED_EDGE('',*,*,#1749,.T.);
#2277=ORIENTED_EDGE('',*,*,#1750,.T.);
#2278=ORIENTED_EDGE('',*,*,#1751,.T.);
#2279=ORIENTED_EDGE('',*,*,#1752,.F.);
#2280=ORIENTED_EDGE('',*,*,#1753,.F.);
#2281=ORIENTED_EDGE('',*,*,#1754,.F.);
#2282=ORIENTED_EDGE('',*,*,#1755,.T.);
#2283=ORIENTED_EDGE('',*,*,#1756,.F.);
#2284=ORIENTED_EDGE('',*,*,#1757,.T.);
#2285=ORIENTED_EDGE('',*,*,#1758,.F.);
#2286=ORIENTED_EDGE('',*,*,#1759,.F.);
#2287=ORIENTED_EDGE('',*,*,#1760,.F.);
#2288=ORIENTED_EDGE('',*,*,#1761,.T.);
#2289=ORIENTED_EDGE('',*,*,#1762,.F.);
#2290=ORIENTED_EDGE('',*,*,#1763,.F.);
#2291=ORIENTED_EDGE('',*,*,#1764,.F.);
#2292=ORIENTED_EDGE('',*,*,#1765,.F.);
#2293=ORIENTED_EDGE('',*,*,#1766,.F.);
#2294=ORIENTED_EDGE('',*,*,#1767,.T.);
#2295=ORIENTED_EDGE('',*,*,#1768,.T.);
#2296=ORIENTED_EDGE('',*,*,#1769,.T.);
#2297=ORIENTED_EDGE('',*,*,#1770,.T.);
#2298=ORIENTED_EDGE('',*,*,#1771,.F.);
#2299=ORIENTED_EDGE('',*,*,#1772,.T.);
#2300=ORIENTED_EDGE('',*,*,#1773,.T.);
#2301=ORIENTED_EDGE('',*,*,#1774,.T.);
#2302=ORIENTED_EDGE('',*,*,#1775,.F.);
#2303=ORIENTED_EDGE('',*,*,#1776,.T.);
#2304=ORIENTED_EDGE('',*,*,#1777,.F.);
#2305=ORIENTED_EDGE('',*,*,#1778,.T.);
#2306=ORIENTED_EDGE('',*,*,#1779,.T.);
#2307=ORIENTED_EDGE('',*,*,#1780,.T.);
#2308=ORIENTED_EDGE('',*,*,#1781,.F.);
#2309=ORIENTED_EDGE('',*,*,#1782,.F.);
#2310=ORIENTED_EDGE('',*,*,#1783,.F.);
#2311=ORIENTED_EDGE('',*,*,#1784,.F.);
#2312=ORIENTED_EDGE('',*,*,#1785,.T.);
#2313=ORIENTED_EDGE('',*,*,#1786,.F.);
#2314=ORIENTED_EDGE('',*,*,#1787,.T.);
#2315=ORIENTED_EDGE('',*,*,#1788,.F.);
#2316=ORIENTED_EDGE('',*,*,#1695,.F.);
#2317=ORIENTED_EDGE('',*,*,#1789,.F.);
#2318=ORIENTED_EDGE('',*,*,#1790,.F.);
#2319=ORIENTED_EDGE('',*,*,#1791,.F.);
#2320=ORIENTED_EDGE('',*,*,#1637,.F.);
#2321=ORIENTED_EDGE('',*,*,#1641,.F.);
#2322=ORIENTED_EDGE('',*,*,#1670,.F.);
#2323=ORIENTED_EDGE('',*,*,#1667,.T.);
#2324=ORIENTED_EDGE('',*,*,#1663,.T.);
#2325=ORIENTED_EDGE('',*,*,#1792,.F.);
#2326=ORIENTED_EDGE('',*,*,#1793,.F.);
#2327=ORIENTED_EDGE('',*,*,#1794,.F.);
#2328=ORIENTED_EDGE('',*,*,#1795,.F.);
#2329=ORIENTED_EDGE('',*,*,#1796,.F.);
#2330=ORIENTED_EDGE('',*,*,#1797,.T.);
#2331=ORIENTED_EDGE('',*,*,#1798,.T.);
#2332=ORIENTED_EDGE('',*,*,#1799,.T.);
#2333=ORIENTED_EDGE('',*,*,#1800,.T.);
#2334=ORIENTED_EDGE('',*,*,#1801,.T.);
#2335=ORIENTED_EDGE('',*,*,#1802,.F.);
#2336=ORIENTED_EDGE('',*,*,#1803,.F.);
#2337=ORIENTED_EDGE('',*,*,#1804,.F.);
#2338=ORIENTED_EDGE('',*,*,#1805,.T.);
#2339=ORIENTED_EDGE('',*,*,#1806,.T.);
#2340=ORIENTED_EDGE('',*,*,#1807,.T.);
#2341=ORIENTED_EDGE('',*,*,#1808,.T.);
#2342=ORIENTED_EDGE('',*,*,#1809,.T.);
#2343=ORIENTED_EDGE('',*,*,#1810,.F.);
#2344=ORIENTED_EDGE('',*,*,#1811,.F.);
#2345=ORIENTED_EDGE('',*,*,#1812,.F.);
#2346=ORIENTED_EDGE('',*,*,#1813,.F.);
#2347=ORIENTED_EDGE('',*,*,#1814,.T.);
#2348=ORIENTED_EDGE('',*,*,#1815,.T.);
#2349=ORIENTED_EDGE('',*,*,#1689,.T.);
#2350=ORIENTED_EDGE('',*,*,#1816,.T.);
#2351=ORIENTED_EDGE('',*,*,#1773,.F.);
#2352=ORIENTED_EDGE('',*,*,#1817,.T.);
#2353=ORIENTED_EDGE('',*,*,#1818,.T.);
#2354=ORIENTED_EDGE('',*,*,#1819,.F.);
#2355=ORIENTED_EDGE('',*,*,#1772,.F.);
#2356=ORIENTED_EDGE('',*,*,#1820,.T.);
#2357=ORIENTED_EDGE('',*,*,#1821,.T.);
#2358=ORIENTED_EDGE('',*,*,#1817,.F.);
#2359=ORIENTED_EDGE('',*,*,#1771,.T.);
#2360=ORIENTED_EDGE('',*,*,#1822,.T.);
#2361=ORIENTED_EDGE('',*,*,#1823,.T.);
#2362=ORIENTED_EDGE('',*,*,#1820,.F.);
#2363=ORIENTED_EDGE('',*,*,#1770,.F.);
#2364=ORIENTED_EDGE('',*,*,#1824,.T.);
#2365=ORIENTED_EDGE('',*,*,#1825,.T.);
#2366=ORIENTED_EDGE('',*,*,#1822,.F.);
#2367=ORIENTED_EDGE('',*,*,#1769,.F.);
#2368=ORIENTED_EDGE('',*,*,#1826,.T.);
#2369=ORIENTED_EDGE('',*,*,#1827,.T.);
#2370=ORIENTED_EDGE('',*,*,#1824,.F.);
#2371=ORIENTED_EDGE('',*,*,#1768,.F.);
#2372=ORIENTED_EDGE('',*,*,#1828,.T.);
#2373=ORIENTED_EDGE('',*,*,#1829,.T.);
#2374=ORIENTED_EDGE('',*,*,#1826,.F.);
#2375=ORIENTED_EDGE('',*,*,#1767,.F.);
#2376=ORIENTED_EDGE('',*,*,#1830,.T.);
#2377=ORIENTED_EDGE('',*,*,#1831,.T.);
#2378=ORIENTED_EDGE('',*,*,#1828,.F.);
#2379=ORIENTED_EDGE('',*,*,#1759,.T.);
#2380=ORIENTED_EDGE('',*,*,#1832,.T.);
#2381=ORIENTED_EDGE('',*,*,#1833,.F.);
#2382=ORIENTED_EDGE('',*,*,#1834,.F.);
#2383=ORIENTED_EDGE('',*,*,#1760,.T.);
#2384=ORIENTED_EDGE('',*,*,#1834,.T.);
#2385=ORIENTED_EDGE('',*,*,#1835,.F.);
#2386=ORIENTED_EDGE('',*,*,#1836,.F.);
#2387=ORIENTED_EDGE('',*,*,#1761,.F.);
#2388=ORIENTED_EDGE('',*,*,#1836,.T.);
#2389=ORIENTED_EDGE('',*,*,#1837,.F.);
#2390=ORIENTED_EDGE('',*,*,#1838,.F.);
#2391=ORIENTED_EDGE('',*,*,#1762,.T.);
#2392=ORIENTED_EDGE('',*,*,#1838,.T.);
#2393=ORIENTED_EDGE('',*,*,#1839,.F.);
#2394=ORIENTED_EDGE('',*,*,#1840,.F.);
#2395=ORIENTED_EDGE('',*,*,#1763,.T.);
#2396=ORIENTED_EDGE('',*,*,#1840,.T.);
#2397=ORIENTED_EDGE('',*,*,#1841,.F.);
#2398=ORIENTED_EDGE('',*,*,#1842,.F.);
#2399=ORIENTED_EDGE('',*,*,#1764,.T.);
#2400=ORIENTED_EDGE('',*,*,#1842,.T.);
#2401=ORIENTED_EDGE('',*,*,#1843,.F.);
#2402=ORIENTED_EDGE('',*,*,#1844,.F.);
#2403=ORIENTED_EDGE('',*,*,#1765,.T.);
#2404=ORIENTED_EDGE('',*,*,#1844,.T.);
#2405=ORIENTED_EDGE('',*,*,#1845,.F.);
#2406=ORIENTED_EDGE('',*,*,#1846,.F.);
#2407=ORIENTED_EDGE('',*,*,#1766,.T.);
#2408=ORIENTED_EDGE('',*,*,#1846,.T.);
#2409=ORIENTED_EDGE('',*,*,#1847,.T.);
#2410=ORIENTED_EDGE('',*,*,#1830,.F.);
#2411=ORIENTED_EDGE('',*,*,#1757,.F.);
#2412=ORIENTED_EDGE('',*,*,#1848,.T.);
#2413=ORIENTED_EDGE('',*,*,#1849,.F.);
#2414=ORIENTED_EDGE('',*,*,#1850,.F.);
#2415=ORIENTED_EDGE('',*,*,#1758,.T.);
#2416=ORIENTED_EDGE('',*,*,#1850,.T.);
#2417=ORIENTED_EDGE('',*,*,#1851,.F.);
#2418=ORIENTED_EDGE('',*,*,#1832,.F.);
#2419=ORIENTED_EDGE('',*,*,#1811,.T.);
#2420=ORIENTED_EDGE('',*,*,#1852,.T.);
#2421=ORIENTED_EDGE('',*,*,#1853,.F.);
#2422=ORIENTED_EDGE('',*,*,#1854,.F.);
#2423=ORIENTED_EDGE('',*,*,#1812,.T.);
#2424=ORIENTED_EDGE('',*,*,#1854,.T.);
#2425=ORIENTED_EDGE('',*,*,#1855,.F.);
#2426=ORIENTED_EDGE('',*,*,#1856,.F.);
#2427=ORIENTED_EDGE('',*,*,#1752,.T.);
#2428=ORIENTED_EDGE('',*,*,#1857,.T.);
#2429=ORIENTED_EDGE('',*,*,#1858,.F.);
#2430=ORIENTED_EDGE('',*,*,#1859,.F.);
#2431=ORIENTED_EDGE('',*,*,#1753,.T.);
#2432=ORIENTED_EDGE('',*,*,#1859,.T.);
#2433=ORIENTED_EDGE('',*,*,#1860,.F.);
#2434=ORIENTED_EDGE('',*,*,#1861,.F.);
#2435=ORIENTED_EDGE('',*,*,#1754,.T.);
#2436=ORIENTED_EDGE('',*,*,#1861,.T.);
#2437=ORIENTED_EDGE('',*,*,#1862,.F.);
#2438=ORIENTED_EDGE('',*,*,#1863,.F.);
#2439=ORIENTED_EDGE('',*,*,#1755,.F.);
#2440=ORIENTED_EDGE('',*,*,#1863,.T.);
#2441=ORIENTED_EDGE('',*,*,#1864,.F.);
#2442=ORIENTED_EDGE('',*,*,#1865,.F.);
#2443=ORIENTED_EDGE('',*,*,#1756,.T.);
#2444=ORIENTED_EDGE('',*,*,#1865,.T.);
#2445=ORIENTED_EDGE('',*,*,#1866,.F.);
#2446=ORIENTED_EDGE('',*,*,#1848,.F.);
#2447=ORIENTED_EDGE('',*,*,#1745,.T.);
#2448=ORIENTED_EDGE('',*,*,#1867,.T.);
#2449=ORIENTED_EDGE('',*,*,#1868,.T.);
#2450=ORIENTED_EDGE('',*,*,#1869,.F.);
#2451=ORIENTED_EDGE('',*,*,#1791,.T.);
#2452=ORIENTED_EDGE('',*,*,#1870,.T.);
#2453=ORIENTED_EDGE('',*,*,#1871,.T.);
#2454=ORIENTED_EDGE('',*,*,#1638,.F.);
#2455=ORIENTED_EDGE('',*,*,#1816,.F.);
#2456=ORIENTED_EDGE('',*,*,#1692,.T.);
#2457=ORIENTED_EDGE('',*,*,#1872,.T.);
#2458=ORIENTED_EDGE('',*,*,#1870,.F.);
#2459=ORIENTED_EDGE('',*,*,#1815,.F.);
#2460=ORIENTED_EDGE('',*,*,#1873,.T.);
#2461=ORIENTED_EDGE('',*,*,#1874,.T.);
#2462=ORIENTED_EDGE('',*,*,#1690,.F.);
#2463=ORIENTED_EDGE('',*,*,#1814,.F.);
#2464=ORIENTED_EDGE('',*,*,#1875,.T.);
#2465=ORIENTED_EDGE('',*,*,#1876,.T.);
#2466=ORIENTED_EDGE('',*,*,#1873,.F.);
#2467=ORIENTED_EDGE('',*,*,#1813,.T.);
#2468=ORIENTED_EDGE('',*,*,#1856,.T.);
#2469=ORIENTED_EDGE('',*,*,#1877,.F.);
#2470=ORIENTED_EDGE('',*,*,#1875,.F.);
#2471=ORIENTED_EDGE('',*,*,#1751,.F.);
#2472=ORIENTED_EDGE('',*,*,#1878,.T.);
#2473=ORIENTED_EDGE('',*,*,#1879,.T.);
#2474=ORIENTED_EDGE('',*,*,#1857,.F.);
#2475=ORIENTED_EDGE('',*,*,#1750,.F.);
#2476=ORIENTED_EDGE('',*,*,#1880,.T.);
#2477=ORIENTED_EDGE('',*,*,#1881,.T.);
#2478=ORIENTED_EDGE('',*,*,#1878,.F.);
#2479=ORIENTED_EDGE('',*,*,#1749,.F.);
#2480=ORIENTED_EDGE('',*,*,#1882,.T.);
#2481=ORIENTED_EDGE('',*,*,#1883,.T.);
#2482=ORIENTED_EDGE('',*,*,#1880,.F.);
#2483=ORIENTED_EDGE('',*,*,#1748,.F.);
#2484=ORIENTED_EDGE('',*,*,#1884,.T.);
#2485=ORIENTED_EDGE('',*,*,#1885,.T.);
#2486=ORIENTED_EDGE('',*,*,#1882,.F.);
#2487=ORIENTED_EDGE('',*,*,#1747,.T.);
#2488=ORIENTED_EDGE('',*,*,#1886,.T.);
#2489=ORIENTED_EDGE('',*,*,#1887,.T.);
#2490=ORIENTED_EDGE('',*,*,#1884,.F.);
#2491=ORIENTED_EDGE('',*,*,#1746,.F.);
#2492=ORIENTED_EDGE('',*,*,#1869,.T.);
#2493=ORIENTED_EDGE('',*,*,#1888,.T.);
#2494=ORIENTED_EDGE('',*,*,#1886,.F.);
#2495=ORIENTED_EDGE('',*,*,#1808,.F.);
#2496=ORIENTED_EDGE('',*,*,#1889,.T.);
#2497=ORIENTED_EDGE('',*,*,#1890,.T.);
#2498=ORIENTED_EDGE('',*,*,#1891,.F.);
#2499=ORIENTED_EDGE('',*,*,#1892,.F.);
#2500=ORIENTED_EDGE('',*,*,#1893,.T.);
#2501=ORIENTED_EDGE('',*,*,#1790,.T.);
#2502=ORIENTED_EDGE('',*,*,#1893,.F.);
#2503=ORIENTED_EDGE('',*,*,#1775,.T.);
#2504=ORIENTED_EDGE('',*,*,#1894,.T.);
#2505=ORIENTED_EDGE('',*,*,#1895,.T.);
#2506=ORIENTED_EDGE('',*,*,#1896,.F.);
#2507=ORIENTED_EDGE('',*,*,#1774,.F.);
#2508=ORIENTED_EDGE('',*,*,#1819,.T.);
#2509=ORIENTED_EDGE('',*,*,#1897,.T.);
#2510=ORIENTED_EDGE('',*,*,#1894,.F.);
#2511=ORIENTED_EDGE('',*,*,#1810,.T.);
#2512=ORIENTED_EDGE('',*,*,#1898,.T.);
#2513=ORIENTED_EDGE('',*,*,#1899,.T.);
#2514=ORIENTED_EDGE('',*,*,#1852,.F.);
#2515=ORIENTED_EDGE('',*,*,#1809,.F.);
#2516=ORIENTED_EDGE('',*,*,#1891,.T.);
#2517=ORIENTED_EDGE('',*,*,#1900,.T.);
#2518=ORIENTED_EDGE('',*,*,#1898,.F.);
#2519=ORIENTED_EDGE('',*,*,#1807,.F.);
#2520=ORIENTED_EDGE('',*,*,#1901,.T.);
#2521=ORIENTED_EDGE('',*,*,#1902,.T.);
#2522=ORIENTED_EDGE('',*,*,#1889,.F.);
#2523=ORIENTED_EDGE('',*,*,#1806,.F.);
#2524=ORIENTED_EDGE('',*,*,#1903,.T.);
#2525=ORIENTED_EDGE('',*,*,#1904,.T.);
#2526=ORIENTED_EDGE('',*,*,#1901,.F.);
#2527=ORIENTED_EDGE('',*,*,#1780,.F.);
#2528=ORIENTED_EDGE('',*,*,#1905,.T.);
#2529=ORIENTED_EDGE('',*,*,#1906,.T.);
#2530=ORIENTED_EDGE('',*,*,#1907,.F.);
#2531=ORIENTED_EDGE('',*,*,#1779,.F.);
#2532=ORIENTED_EDGE('',*,*,#1908,.T.);
#2533=ORIENTED_EDGE('',*,*,#1909,.T.);
#2534=ORIENTED_EDGE('',*,*,#1905,.F.);
#2535=ORIENTED_EDGE('',*,*,#1778,.F.);
#2536=ORIENTED_EDGE('',*,*,#1910,.T.);
#2537=ORIENTED_EDGE('',*,*,#1911,.T.);
#2538=ORIENTED_EDGE('',*,*,#1908,.F.);
#2539=ORIENTED_EDGE('',*,*,#1777,.T.);
#2540=ORIENTED_EDGE('',*,*,#1912,.T.);
#2541=ORIENTED_EDGE('',*,*,#1913,.T.);
#2542=ORIENTED_EDGE('',*,*,#1910,.F.);
#2543=ORIENTED_EDGE('',*,*,#1776,.F.);
#2544=ORIENTED_EDGE('',*,*,#1896,.T.);
#2545=ORIENTED_EDGE('',*,*,#1914,.T.);
#2546=ORIENTED_EDGE('',*,*,#1912,.F.);
#2547=ORIENTED_EDGE('',*,*,#1787,.F.);
#2548=ORIENTED_EDGE('',*,*,#1915,.T.);
#2549=ORIENTED_EDGE('',*,*,#1916,.F.);
#2550=ORIENTED_EDGE('',*,*,#1917,.F.);
#2551=ORIENTED_EDGE('',*,*,#1696,.T.);
#2552=ORIENTED_EDGE('',*,*,#1917,.T.);
#2553=ORIENTED_EDGE('',*,*,#1918,.F.);
#2554=ORIENTED_EDGE('',*,*,#1588,.F.);
#2555=ORIENTED_EDGE('',*,*,#1803,.T.);
#2556=ORIENTED_EDGE('',*,*,#1919,.T.);
#2557=ORIENTED_EDGE('',*,*,#1920,.F.);
#2558=ORIENTED_EDGE('',*,*,#1921,.F.);
#2559=ORIENTED_EDGE('',*,*,#1804,.T.);
#2560=ORIENTED_EDGE('',*,*,#1921,.T.);
#2561=ORIENTED_EDGE('',*,*,#1922,.F.);
#2562=ORIENTED_EDGE('',*,*,#1923,.F.);
#2563=ORIENTED_EDGE('',*,*,#1805,.F.);
#2564=ORIENTED_EDGE('',*,*,#1923,.T.);
#2565=ORIENTED_EDGE('',*,*,#1924,.T.);
#2566=ORIENTED_EDGE('',*,*,#1903,.F.);
#2567=ORIENTED_EDGE('',*,*,#1781,.T.);
#2568=ORIENTED_EDGE('',*,*,#1907,.T.);
#2569=ORIENTED_EDGE('',*,*,#1925,.F.);
#2570=ORIENTED_EDGE('',*,*,#1926,.F.);
#2571=ORIENTED_EDGE('',*,*,#1782,.T.);
#2572=ORIENTED_EDGE('',*,*,#1926,.T.);
#2573=ORIENTED_EDGE('',*,*,#1927,.F.);
#2574=ORIENTED_EDGE('',*,*,#1928,.F.);
#2575=ORIENTED_EDGE('',*,*,#1783,.T.);
#2576=ORIENTED_EDGE('',*,*,#1928,.T.);
#2577=ORIENTED_EDGE('',*,*,#1929,.F.);
#2578=ORIENTED_EDGE('',*,*,#1930,.F.);
#2579=ORIENTED_EDGE('',*,*,#1784,.T.);
#2580=ORIENTED_EDGE('',*,*,#1930,.T.);
#2581=ORIENTED_EDGE('',*,*,#1931,.F.);
#2582=ORIENTED_EDGE('',*,*,#1932,.F.);
#2583=ORIENTED_EDGE('',*,*,#1785,.F.);
#2584=ORIENTED_EDGE('',*,*,#1932,.T.);
#2585=ORIENTED_EDGE('',*,*,#1933,.F.);
#2586=ORIENTED_EDGE('',*,*,#1934,.F.);
#2587=ORIENTED_EDGE('',*,*,#1786,.T.);
#2588=ORIENTED_EDGE('',*,*,#1934,.T.);
#2589=ORIENTED_EDGE('',*,*,#1935,.F.);
#2590=ORIENTED_EDGE('',*,*,#1915,.F.);
#2591=ORIENTED_EDGE('',*,*,#1800,.F.);
#2592=ORIENTED_EDGE('',*,*,#1936,.T.);
#2593=ORIENTED_EDGE('',*,*,#1937,.T.);
#2594=ORIENTED_EDGE('',*,*,#1938,.F.);
#2595=ORIENTED_EDGE('',*,*,#1939,.F.);
#2596=ORIENTED_EDGE('',*,*,#1940,.T.);
#2597=ORIENTED_EDGE('',*,*,#1788,.T.);
#2598=ORIENTED_EDGE('',*,*,#1940,.F.);
#2599=ORIENTED_EDGE('',*,*,#1698,.T.);
#2600=ORIENTED_EDGE('',*,*,#1941,.T.);
#2601=ORIENTED_EDGE('',*,*,#1942,.T.);
#2602=ORIENTED_EDGE('',*,*,#1943,.F.);
#2603=ORIENTED_EDGE('',*,*,#1697,.F.);
#2604=ORIENTED_EDGE('',*,*,#1612,.T.);
#2605=ORIENTED_EDGE('',*,*,#1944,.T.);
#2606=ORIENTED_EDGE('',*,*,#1941,.F.);
#2607=ORIENTED_EDGE('',*,*,#1802,.T.);
#2608=ORIENTED_EDGE('',*,*,#1945,.T.);
#2609=ORIENTED_EDGE('',*,*,#1946,.T.);
#2610=ORIENTED_EDGE('',*,*,#1919,.F.);
#2611=ORIENTED_EDGE('',*,*,#1801,.F.);
#2612=ORIENTED_EDGE('',*,*,#1938,.T.);
#2613=ORIENTED_EDGE('',*,*,#1947,.T.);
#2614=ORIENTED_EDGE('',*,*,#1945,.F.);
#2615=ORIENTED_EDGE('',*,*,#1799,.F.);
#2616=ORIENTED_EDGE('',*,*,#1948,.T.);
#2617=ORIENTED_EDGE('',*,*,#1949,.T.);
#2618=ORIENTED_EDGE('',*,*,#1936,.F.);
#2619=ORIENTED_EDGE('',*,*,#1798,.F.);
#2620=ORIENTED_EDGE('',*,*,#1950,.T.);
#2621=ORIENTED_EDGE('',*,*,#1951,.T.);
#2622=ORIENTED_EDGE('',*,*,#1948,.F.);
#2623=ORIENTED_EDGE('',*,*,#1703,.F.);
#2624=ORIENTED_EDGE('',*,*,#1952,.T.);
#2625=ORIENTED_EDGE('',*,*,#1953,.T.);
#2626=ORIENTED_EDGE('',*,*,#1954,.F.);
#2627=ORIENTED_EDGE('',*,*,#1702,.F.);
#2628=ORIENTED_EDGE('',*,*,#1955,.T.);
#2629=ORIENTED_EDGE('',*,*,#1956,.T.);
#2630=ORIENTED_EDGE('',*,*,#1952,.F.);
#2631=ORIENTED_EDGE('',*,*,#1701,.F.);
#2632=ORIENTED_EDGE('',*,*,#1957,.T.);
#2633=ORIENTED_EDGE('',*,*,#1958,.T.);
#2634=ORIENTED_EDGE('',*,*,#1955,.F.);
#2635=ORIENTED_EDGE('',*,*,#1700,.T.);
#2636=ORIENTED_EDGE('',*,*,#1959,.T.);
#2637=ORIENTED_EDGE('',*,*,#1960,.T.);
#2638=ORIENTED_EDGE('',*,*,#1957,.F.);
#2639=ORIENTED_EDGE('',*,*,#1699,.F.);
#2640=ORIENTED_EDGE('',*,*,#1943,.T.);
#2641=ORIENTED_EDGE('',*,*,#1961,.T.);
#2642=ORIENTED_EDGE('',*,*,#1959,.F.);
#2643=ORIENTED_EDGE('',*,*,#1710,.F.);
#2644=ORIENTED_EDGE('',*,*,#1962,.T.);
#2645=ORIENTED_EDGE('',*,*,#1963,.F.);
#2646=ORIENTED_EDGE('',*,*,#1964,.F.);
#2647=ORIENTED_EDGE('',*,*,#1792,.T.);
#2648=ORIENTED_EDGE('',*,*,#1666,.T.);
#2649=ORIENTED_EDGE('',*,*,#1965,.F.);
#2650=ORIENTED_EDGE('',*,*,#1966,.F.);
#2651=ORIENTED_EDGE('',*,*,#1793,.T.);
#2652=ORIENTED_EDGE('',*,*,#1966,.T.);
#2653=ORIENTED_EDGE('',*,*,#1967,.F.);
#2654=ORIENTED_EDGE('',*,*,#1968,.F.);
#2655=ORIENTED_EDGE('',*,*,#1969,.F.);
#2656=ORIENTED_EDGE('',*,*,#1970,.F.);
#2657=ORIENTED_EDGE('',*,*,#1794,.T.);
#2658=ORIENTED_EDGE('',*,*,#1968,.T.);
#2659=ORIENTED_EDGE('',*,*,#1795,.T.);
#2660=ORIENTED_EDGE('',*,*,#1970,.T.);
#2661=ORIENTED_EDGE('',*,*,#1971,.F.);
#2662=ORIENTED_EDGE('',*,*,#1972,.F.);
#2663=ORIENTED_EDGE('',*,*,#1796,.T.);
#2664=ORIENTED_EDGE('',*,*,#1972,.T.);
#2665=ORIENTED_EDGE('',*,*,#1973,.F.);
#2666=ORIENTED_EDGE('',*,*,#1974,.F.);
#2667=ORIENTED_EDGE('',*,*,#1797,.F.);
#2668=ORIENTED_EDGE('',*,*,#1974,.T.);
#2669=ORIENTED_EDGE('',*,*,#1975,.T.);
#2670=ORIENTED_EDGE('',*,*,#1950,.F.);
#2671=ORIENTED_EDGE('',*,*,#1704,.T.);
#2672=ORIENTED_EDGE('',*,*,#1954,.T.);
#2673=ORIENTED_EDGE('',*,*,#1976,.F.);
#2674=ORIENTED_EDGE('',*,*,#1977,.F.);
#2675=ORIENTED_EDGE('',*,*,#1705,.T.);
#2676=ORIENTED_EDGE('',*,*,#1977,.T.);
#2677=ORIENTED_EDGE('',*,*,#1978,.F.);
#2678=ORIENTED_EDGE('',*,*,#1979,.F.);
#2679=ORIENTED_EDGE('',*,*,#1706,.T.);
#2680=ORIENTED_EDGE('',*,*,#1979,.T.);
#2681=ORIENTED_EDGE('',*,*,#1980,.F.);
#2682=ORIENTED_EDGE('',*,*,#1981,.F.);
#2683=ORIENTED_EDGE('',*,*,#1707,.T.);
#2684=ORIENTED_EDGE('',*,*,#1981,.T.);
#2685=ORIENTED_EDGE('',*,*,#1982,.F.);
#2686=ORIENTED_EDGE('',*,*,#1983,.F.);
#2687=ORIENTED_EDGE('',*,*,#1708,.F.);
#2688=ORIENTED_EDGE('',*,*,#1983,.T.);
#2689=ORIENTED_EDGE('',*,*,#1984,.F.);
#2690=ORIENTED_EDGE('',*,*,#1985,.F.);
#2691=ORIENTED_EDGE('',*,*,#1709,.T.);
#2692=ORIENTED_EDGE('',*,*,#1985,.T.);
#2693=ORIENTED_EDGE('',*,*,#1986,.F.);
#2694=ORIENTED_EDGE('',*,*,#1962,.F.);
#2695=ORIENTED_EDGE('',*,*,#1727,.F.);
#2696=ORIENTED_EDGE('',*,*,#1987,.T.);
#2697=ORIENTED_EDGE('',*,*,#1988,.T.);
#2698=ORIENTED_EDGE('',*,*,#1660,.F.);
#2699=ORIENTED_EDGE('',*,*,#1726,.F.);
#2700=ORIENTED_EDGE('',*,*,#1989,.T.);
#2701=ORIENTED_EDGE('',*,*,#1990,.T.);
#2702=ORIENTED_EDGE('',*,*,#1987,.F.);
#2703=ORIENTED_EDGE('',*,*,#1725,.F.);
#2704=ORIENTED_EDGE('',*,*,#1991,.T.);
#2705=ORIENTED_EDGE('',*,*,#1992,.T.);
#2706=ORIENTED_EDGE('',*,*,#1989,.F.);
#2707=ORIENTED_EDGE('',*,*,#1724,.T.);
#2708=ORIENTED_EDGE('',*,*,#1993,.T.);
#2709=ORIENTED_EDGE('',*,*,#1994,.T.);
#2710=ORIENTED_EDGE('',*,*,#1991,.F.);
#2711=ORIENTED_EDGE('',*,*,#1723,.F.);
#2712=ORIENTED_EDGE('',*,*,#1995,.T.);
#2713=ORIENTED_EDGE('',*,*,#1996,.T.);
#2714=ORIENTED_EDGE('',*,*,#1993,.F.);
#2715=ORIENTED_EDGE('',*,*,#1722,.F.);
#2716=ORIENTED_EDGE('',*,*,#1997,.T.);
#2717=ORIENTED_EDGE('',*,*,#1998,.T.);
#2718=ORIENTED_EDGE('',*,*,#1995,.F.);
#2719=ORIENTED_EDGE('',*,*,#1721,.F.);
#2720=ORIENTED_EDGE('',*,*,#1999,.T.);
#2721=ORIENTED_EDGE('',*,*,#2000,.T.);
#2722=ORIENTED_EDGE('',*,*,#1997,.F.);
#2723=ORIENTED_EDGE('',*,*,#1720,.F.);
#2724=ORIENTED_EDGE('',*,*,#2001,.T.);
#2725=ORIENTED_EDGE('',*,*,#2002,.T.);
#2726=ORIENTED_EDGE('',*,*,#1999,.F.);
#2727=ORIENTED_EDGE('',*,*,#2003,.T.);
#2728=ORIENTED_EDGE('',*,*,#2004,.T.);
#2729=ORIENTED_EDGE('',*,*,#1789,.T.);
#2730=ORIENTED_EDGE('',*,*,#2004,.F.);
#2731=ORIENTED_EDGE('',*,*,#1711,.T.);
#2732=ORIENTED_EDGE('',*,*,#1964,.T.);
#2733=ORIENTED_EDGE('',*,*,#2005,.F.);
#2734=ORIENTED_EDGE('',*,*,#2006,.F.);
#2735=ORIENTED_EDGE('',*,*,#1712,.T.);
#2736=ORIENTED_EDGE('',*,*,#2006,.T.);
#2737=ORIENTED_EDGE('',*,*,#2007,.F.);
#2738=ORIENTED_EDGE('',*,*,#2008,.F.);
#2739=ORIENTED_EDGE('',*,*,#1713,.T.);
#2740=ORIENTED_EDGE('',*,*,#2008,.T.);
#2741=ORIENTED_EDGE('',*,*,#2009,.F.);
#2742=ORIENTED_EDGE('',*,*,#2010,.F.);
#2743=ORIENTED_EDGE('',*,*,#1714,.F.);
#2744=ORIENTED_EDGE('',*,*,#2010,.T.);
#2745=ORIENTED_EDGE('',*,*,#2011,.F.);
#2746=ORIENTED_EDGE('',*,*,#2012,.F.);
#2747=ORIENTED_EDGE('',*,*,#1715,.T.);
#2748=ORIENTED_EDGE('',*,*,#2012,.T.);
#2749=ORIENTED_EDGE('',*,*,#2013,.F.);
#2750=ORIENTED_EDGE('',*,*,#2014,.F.);
#2751=ORIENTED_EDGE('',*,*,#1716,.T.);
#2752=ORIENTED_EDGE('',*,*,#2014,.T.);
#2753=ORIENTED_EDGE('',*,*,#2015,.F.);
#2754=ORIENTED_EDGE('',*,*,#2016,.F.);
#2755=ORIENTED_EDGE('',*,*,#1717,.T.);
#2756=ORIENTED_EDGE('',*,*,#2016,.T.);
#2757=ORIENTED_EDGE('',*,*,#2017,.F.);
#2758=ORIENTED_EDGE('',*,*,#2018,.F.);
#2759=ORIENTED_EDGE('',*,*,#1718,.T.);
#2760=ORIENTED_EDGE('',*,*,#2018,.T.);
#2761=ORIENTED_EDGE('',*,*,#2019,.F.);
#2762=ORIENTED_EDGE('',*,*,#2020,.F.);
#2763=ORIENTED_EDGE('',*,*,#1719,.T.);
#2764=ORIENTED_EDGE('',*,*,#2020,.T.);
#2765=ORIENTED_EDGE('',*,*,#2021,.T.);
#2766=ORIENTED_EDGE('',*,*,#2001,.F.);
#2767=ORIENTED_EDGE('',*,*,#1728,.T.);
#2768=ORIENTED_EDGE('',*,*,#1636,.T.);
#2769=ORIENTED_EDGE('',*,*,#2022,.F.);
#2770=ORIENTED_EDGE('',*,*,#2023,.F.);
#2771=ORIENTED_EDGE('',*,*,#1729,.T.);
#2772=ORIENTED_EDGE('',*,*,#2023,.T.);
#2773=ORIENTED_EDGE('',*,*,#2024,.F.);
#2774=ORIENTED_EDGE('',*,*,#2025,.F.);
#2775=ORIENTED_EDGE('',*,*,#1730,.T.);
#2776=ORIENTED_EDGE('',*,*,#2025,.T.);
#2777=ORIENTED_EDGE('',*,*,#2026,.F.);
#2778=ORIENTED_EDGE('',*,*,#2027,.F.);
#2779=ORIENTED_EDGE('',*,*,#1731,.F.);
#2780=ORIENTED_EDGE('',*,*,#2027,.T.);
#2781=ORIENTED_EDGE('',*,*,#2028,.F.);
#2782=ORIENTED_EDGE('',*,*,#2029,.F.);
#2783=ORIENTED_EDGE('',*,*,#1732,.T.);
#2784=ORIENTED_EDGE('',*,*,#2029,.T.);
#2785=ORIENTED_EDGE('',*,*,#2030,.F.);
#2786=ORIENTED_EDGE('',*,*,#2031,.F.);
#2787=ORIENTED_EDGE('',*,*,#1733,.T.);
#2788=ORIENTED_EDGE('',*,*,#2031,.T.);
#2789=ORIENTED_EDGE('',*,*,#2032,.F.);
#2790=ORIENTED_EDGE('',*,*,#2033,.F.);
#2791=ORIENTED_EDGE('',*,*,#1734,.T.);
#2792=ORIENTED_EDGE('',*,*,#2033,.T.);
#2793=ORIENTED_EDGE('',*,*,#2034,.F.);
#2794=ORIENTED_EDGE('',*,*,#2035,.F.);
#2795=ORIENTED_EDGE('',*,*,#1735,.T.);
#2796=ORIENTED_EDGE('',*,*,#2035,.T.);
#2797=ORIENTED_EDGE('',*,*,#2036,.F.);
#2798=ORIENTED_EDGE('',*,*,#2037,.F.);
#2799=ORIENTED_EDGE('',*,*,#1744,.F.);
#2800=ORIENTED_EDGE('',*,*,#2038,.T.);
#2801=ORIENTED_EDGE('',*,*,#2039,.T.);
#2802=ORIENTED_EDGE('',*,*,#1867,.F.);
#2803=ORIENTED_EDGE('',*,*,#1743,.F.);
#2804=ORIENTED_EDGE('',*,*,#2040,.T.);
#2805=ORIENTED_EDGE('',*,*,#2041,.T.);
#2806=ORIENTED_EDGE('',*,*,#2038,.F.);
#2807=ORIENTED_EDGE('',*,*,#1742,.F.);
#2808=ORIENTED_EDGE('',*,*,#2042,.T.);
#2809=ORIENTED_EDGE('',*,*,#2043,.T.);
#2810=ORIENTED_EDGE('',*,*,#2040,.F.);
#2811=ORIENTED_EDGE('',*,*,#1741,.T.);
#2812=ORIENTED_EDGE('',*,*,#2044,.T.);
#2813=ORIENTED_EDGE('',*,*,#2045,.T.);
#2814=ORIENTED_EDGE('',*,*,#2042,.F.);
#2815=ORIENTED_EDGE('',*,*,#1740,.F.);
#2816=ORIENTED_EDGE('',*,*,#2046,.T.);
#2817=ORIENTED_EDGE('',*,*,#2047,.T.);
#2818=ORIENTED_EDGE('',*,*,#2044,.F.);
#2819=ORIENTED_EDGE('',*,*,#1739,.F.);
#2820=ORIENTED_EDGE('',*,*,#2048,.T.);
#2821=ORIENTED_EDGE('',*,*,#2049,.T.);
#2822=ORIENTED_EDGE('',*,*,#2046,.F.);
#2823=ORIENTED_EDGE('',*,*,#1738,.F.);
#2824=ORIENTED_EDGE('',*,*,#2050,.T.);
#2825=ORIENTED_EDGE('',*,*,#2051,.T.);
#2826=ORIENTED_EDGE('',*,*,#2048,.F.);
#2827=ORIENTED_EDGE('',*,*,#1737,.F.);
#2828=ORIENTED_EDGE('',*,*,#2052,.T.);
#2829=ORIENTED_EDGE('',*,*,#2053,.T.);
#2830=ORIENTED_EDGE('',*,*,#2050,.F.);
#2831=ORIENTED_EDGE('',*,*,#1736,.F.);
#2832=ORIENTED_EDGE('',*,*,#2037,.T.);
#2833=ORIENTED_EDGE('',*,*,#2054,.F.);
#2834=ORIENTED_EDGE('',*,*,#2052,.F.);
#2835=ORIENTED_EDGE('',*,*,#1918,.T.);
#2836=ORIENTED_EDGE('',*,*,#1916,.T.);
#2837=ORIENTED_EDGE('',*,*,#1935,.T.);
#2838=ORIENTED_EDGE('',*,*,#1933,.T.);
#2839=ORIENTED_EDGE('',*,*,#1931,.T.);
#2840=ORIENTED_EDGE('',*,*,#1929,.T.);
#2841=ORIENTED_EDGE('',*,*,#1927,.T.);
#2842=ORIENTED_EDGE('',*,*,#1925,.T.);
#2843=ORIENTED_EDGE('',*,*,#1906,.F.);
#2844=ORIENTED_EDGE('',*,*,#1909,.F.);
#2845=ORIENTED_EDGE('',*,*,#1911,.F.);
#2846=ORIENTED_EDGE('',*,*,#1913,.F.);
#2847=ORIENTED_EDGE('',*,*,#1914,.F.);
#2848=ORIENTED_EDGE('',*,*,#1895,.F.);
#2849=ORIENTED_EDGE('',*,*,#1897,.F.);
#2850=ORIENTED_EDGE('',*,*,#1818,.F.);
#2851=ORIENTED_EDGE('',*,*,#1821,.F.);
#2852=ORIENTED_EDGE('',*,*,#1823,.F.);
#2853=ORIENTED_EDGE('',*,*,#1825,.F.);
#2854=ORIENTED_EDGE('',*,*,#1827,.F.);
#2855=ORIENTED_EDGE('',*,*,#1829,.F.);
#2856=ORIENTED_EDGE('',*,*,#1831,.F.);
#2857=ORIENTED_EDGE('',*,*,#1847,.F.);
#2858=ORIENTED_EDGE('',*,*,#1845,.T.);
#2859=ORIENTED_EDGE('',*,*,#1843,.T.);
#2860=ORIENTED_EDGE('',*,*,#1841,.T.);
#2861=ORIENTED_EDGE('',*,*,#1839,.T.);
#2862=ORIENTED_EDGE('',*,*,#1837,.T.);
#2863=ORIENTED_EDGE('',*,*,#1835,.T.);
#2864=ORIENTED_EDGE('',*,*,#1833,.T.);
#2865=ORIENTED_EDGE('',*,*,#1851,.T.);
#2866=ORIENTED_EDGE('',*,*,#1849,.T.);
#2867=ORIENTED_EDGE('',*,*,#1866,.T.);
#2868=ORIENTED_EDGE('',*,*,#1864,.T.);
#2869=ORIENTED_EDGE('',*,*,#1862,.T.);
#2870=ORIENTED_EDGE('',*,*,#1860,.T.);
#2871=ORIENTED_EDGE('',*,*,#1858,.T.);
#2872=ORIENTED_EDGE('',*,*,#1879,.F.);
#2873=ORIENTED_EDGE('',*,*,#1881,.F.);
#2874=ORIENTED_EDGE('',*,*,#1883,.F.);
#2875=ORIENTED_EDGE('',*,*,#1885,.F.);
#2876=ORIENTED_EDGE('',*,*,#1887,.F.);
#2877=ORIENTED_EDGE('',*,*,#1888,.F.);
#2878=ORIENTED_EDGE('',*,*,#1868,.F.);
#2879=ORIENTED_EDGE('',*,*,#2039,.F.);
#2880=ORIENTED_EDGE('',*,*,#2041,.F.);
#2881=ORIENTED_EDGE('',*,*,#2043,.F.);
#2882=ORIENTED_EDGE('',*,*,#2045,.F.);
#2883=ORIENTED_EDGE('',*,*,#2047,.F.);
#2884=ORIENTED_EDGE('',*,*,#2049,.F.);
#2885=ORIENTED_EDGE('',*,*,#2051,.F.);
#2886=ORIENTED_EDGE('',*,*,#2053,.F.);
#2887=ORIENTED_EDGE('',*,*,#2054,.T.);
#2888=ORIENTED_EDGE('',*,*,#2036,.T.);
#2889=ORIENTED_EDGE('',*,*,#2034,.T.);
#2890=ORIENTED_EDGE('',*,*,#2032,.T.);
#2891=ORIENTED_EDGE('',*,*,#2030,.T.);
#2892=ORIENTED_EDGE('',*,*,#2028,.T.);
#2893=ORIENTED_EDGE('',*,*,#2026,.T.);
#2894=ORIENTED_EDGE('',*,*,#2024,.T.);
#2895=ORIENTED_EDGE('',*,*,#2022,.T.);
#2896=ORIENTED_EDGE('',*,*,#1635,.T.);
#2897=ORIENTED_EDGE('',*,*,#1658,.T.);
#2898=ORIENTED_EDGE('',*,*,#1655,.T.);
#2899=ORIENTED_EDGE('',*,*,#1652,.T.);
#2900=ORIENTED_EDGE('',*,*,#1649,.T.);
#2901=ORIENTED_EDGE('',*,*,#1646,.T.);
#2902=ORIENTED_EDGE('',*,*,#1674,.F.);
#2903=ORIENTED_EDGE('',*,*,#1677,.F.);
#2904=ORIENTED_EDGE('',*,*,#1680,.F.);
#2905=ORIENTED_EDGE('',*,*,#1683,.F.);
#2906=ORIENTED_EDGE('',*,*,#1686,.F.);
#2907=ORIENTED_EDGE('',*,*,#1688,.F.);
#2908=ORIENTED_EDGE('',*,*,#1661,.F.);
#2909=ORIENTED_EDGE('',*,*,#1988,.F.);
#2910=ORIENTED_EDGE('',*,*,#1990,.F.);
#2911=ORIENTED_EDGE('',*,*,#1992,.F.);
#2912=ORIENTED_EDGE('',*,*,#1994,.F.);
#2913=ORIENTED_EDGE('',*,*,#1996,.F.);
#2914=ORIENTED_EDGE('',*,*,#1998,.F.);
#2915=ORIENTED_EDGE('',*,*,#2000,.F.);
#2916=ORIENTED_EDGE('',*,*,#2002,.F.);
#2917=ORIENTED_EDGE('',*,*,#2021,.F.);
#2918=ORIENTED_EDGE('',*,*,#2019,.T.);
#2919=ORIENTED_EDGE('',*,*,#2017,.T.);
#2920=ORIENTED_EDGE('',*,*,#2015,.T.);
#2921=ORIENTED_EDGE('',*,*,#2013,.T.);
#2922=ORIENTED_EDGE('',*,*,#2011,.T.);
#2923=ORIENTED_EDGE('',*,*,#2009,.T.);
#2924=ORIENTED_EDGE('',*,*,#2007,.T.);
#2925=ORIENTED_EDGE('',*,*,#2005,.T.);
#2926=ORIENTED_EDGE('',*,*,#1963,.T.);
#2927=ORIENTED_EDGE('',*,*,#1986,.T.);
#2928=ORIENTED_EDGE('',*,*,#1984,.T.);
#2929=ORIENTED_EDGE('',*,*,#1982,.T.);
#2930=ORIENTED_EDGE('',*,*,#1980,.T.);
#2931=ORIENTED_EDGE('',*,*,#1978,.T.);
#2932=ORIENTED_EDGE('',*,*,#1976,.T.);
#2933=ORIENTED_EDGE('',*,*,#1953,.F.);
#2934=ORIENTED_EDGE('',*,*,#1956,.F.);
#2935=ORIENTED_EDGE('',*,*,#1958,.F.);
#2936=ORIENTED_EDGE('',*,*,#1960,.F.);
#2937=ORIENTED_EDGE('',*,*,#1961,.F.);
#2938=ORIENTED_EDGE('',*,*,#1942,.F.);
#2939=ORIENTED_EDGE('',*,*,#1944,.F.);
#2940=ORIENTED_EDGE('',*,*,#1611,.F.);
#2941=ORIENTED_EDGE('',*,*,#1615,.F.);
#2942=ORIENTED_EDGE('',*,*,#1618,.F.);
#2943=ORIENTED_EDGE('',*,*,#1621,.F.);
#2944=ORIENTED_EDGE('',*,*,#1624,.F.);
#2945=ORIENTED_EDGE('',*,*,#1627,.F.);
#2946=ORIENTED_EDGE('',*,*,#1630,.F.);
#2947=ORIENTED_EDGE('',*,*,#1632,.T.);
#2948=ORIENTED_EDGE('',*,*,#1607,.T.);
#2949=ORIENTED_EDGE('',*,*,#1604,.T.);
#2950=ORIENTED_EDGE('',*,*,#1601,.T.);
#2951=ORIENTED_EDGE('',*,*,#1598,.T.);
#2952=ORIENTED_EDGE('',*,*,#1595,.T.);
#2953=ORIENTED_EDGE('',*,*,#1592,.T.);
#2954=ORIENTED_EDGE('',*,*,#1589,.T.);
#2955=ORIENTED_EDGE('',*,*,#1693,.F.);
#2956=ORIENTED_EDGE('',*,*,#1871,.F.);
#2957=ORIENTED_EDGE('',*,*,#1872,.F.);
#2958=ORIENTED_EDGE('',*,*,#1691,.F.);
#2959=ORIENTED_EDGE('',*,*,#1874,.F.);
#2960=ORIENTED_EDGE('',*,*,#1876,.F.);
#2961=ORIENTED_EDGE('',*,*,#1877,.T.);
#2962=ORIENTED_EDGE('',*,*,#1855,.T.);
#2963=ORIENTED_EDGE('',*,*,#1853,.T.);
#2964=ORIENTED_EDGE('',*,*,#1899,.F.);
#2965=ORIENTED_EDGE('',*,*,#1900,.F.);
#2966=ORIENTED_EDGE('',*,*,#1890,.F.);
#2967=ORIENTED_EDGE('',*,*,#1902,.F.);
#2968=ORIENTED_EDGE('',*,*,#1904,.F.);
#2969=ORIENTED_EDGE('',*,*,#1924,.F.);
#2970=ORIENTED_EDGE('',*,*,#1922,.T.);
#2971=ORIENTED_EDGE('',*,*,#1920,.T.);
#2972=ORIENTED_EDGE('',*,*,#1946,.F.);
#2973=ORIENTED_EDGE('',*,*,#1947,.F.);
#2974=ORIENTED_EDGE('',*,*,#1937,.F.);
#2975=ORIENTED_EDGE('',*,*,#1949,.F.);
#2976=ORIENTED_EDGE('',*,*,#1951,.F.);
#2977=ORIENTED_EDGE('',*,*,#1975,.F.);
#2978=ORIENTED_EDGE('',*,*,#1973,.T.);
#2979=ORIENTED_EDGE('',*,*,#1971,.T.);
#2980=ORIENTED_EDGE('',*,*,#1969,.T.);
#2981=ORIENTED_EDGE('',*,*,#1967,.T.);
#2982=ORIENTED_EDGE('',*,*,#1965,.T.);
#2983=ORIENTED_EDGE('',*,*,#1665,.F.);
#2984=ORIENTED_EDGE('',*,*,#1669,.F.);
#2985=ORIENTED_EDGE('',*,*,#1671,.T.);
#2986=ORIENTED_EDGE('',*,*,#1642,.T.);
#2987=ORIENTED_EDGE('',*,*,#1639,.T.);
#2988=ORIENTED_EDGE('',*,*,#1939,.T.);
#2989=ORIENTED_EDGE('',*,*,#2003,.F.);
#2990=ORIENTED_EDGE('',*,*,#1892,.T.);
#2991=PLANE('',#3309);
#2992=PLANE('',#3310);
#2993=PLANE('',#3311);
#2994=PLANE('',#3312);
#2995=PLANE('',#3313);
#2996=PLANE('',#3314);
#2997=PLANE('',#3315);
#2998=PLANE('',#3316);
#2999=PLANE('',#3317);
#3000=PLANE('',#3318);
#3001=PLANE('',#3319);
#3002=PLANE('',#3320);
#3003=PLANE('',#3321);
#3004=PLANE('',#3322);
#3005=PLANE('',#3326);
#3006=PLANE('',#3327);
#3007=PLANE('',#3328);
#3008=PLANE('',#3329);
#3009=PLANE('',#3330);
#3010=PLANE('',#3331);
#3011=PLANE('',#3332);
#3012=PLANE('',#3333);
#3013=PLANE('',#3334);
#3014=PLANE('',#3335);
#3015=PLANE('',#3336);
#3016=PLANE('',#3337);
#3017=PLANE('',#3338);
#3018=PLANE('',#3339);
#3019=PLANE('',#3340);
#3020=PLANE('',#3341);
#3021=PLANE('',#3342);
#3022=PLANE('',#3343);
#3023=PLANE('',#3344);
#3024=PLANE('',#3348);
#3025=PLANE('',#3359);
#3026=PLANE('',#3360);
#3027=PLANE('',#3361);
#3028=PLANE('',#3362);
#3029=PLANE('',#3363);
#3030=PLANE('',#3364);
#3031=PLANE('',#3365);
#3032=PLANE('',#3366);
#3033=PLANE('',#3367);
#3034=PLANE('',#3368);
#3035=PLANE('',#3369);
#3036=PLANE('',#3370);
#3037=PLANE('',#3371);
#3038=PLANE('',#3372);
#3039=PLANE('',#3375);
#3040=PLANE('',#3376);
#3041=PLANE('',#3377);
#3042=PLANE('',#3378);
#3043=PLANE('',#3379);
#3044=PLANE('',#3380);
#3045=PLANE('',#3381);
#3046=PLANE('',#3382);
#3047=PLANE('',#3383);
#3048=PLANE('',#3384);
#3049=PLANE('',#3385);
#3050=PLANE('',#3388);
#3051=PLANE('',#3389);
#3052=PLANE('',#3390);
#3053=PLANE('',#3391);
#3054=PLANE('',#3392);
#3055=PLANE('',#3393);
#3056=PLANE('',#3394);
#3057=PLANE('',#3395);
#3058=PLANE('',#3396);
#3059=PLANE('',#3397);
#3060=PLANE('',#3400);
#3061=PLANE('',#3401);
#3062=PLANE('',#3402);
#3063=PLANE('',#3405);
#3064=PLANE('',#3406);
#3065=PLANE('',#3407);
#3066=PLANE('',#3408);
#3067=PLANE('',#3409);
#3068=PLANE('',#3410);
#3069=PLANE('',#3411);
#3070=PLANE('',#3412);
#3071=PLANE('',#3413);
#3072=PLANE('',#3414);
#3073=PLANE('',#3415);
#3074=PLANE('',#3416);
#3075=PLANE('',#3417);
#3076=PLANE('',#3418);
#3077=PLANE('',#3419);
#3078=PLANE('',#3420);
#3079=PLANE('',#3421);
#3080=PLANE('',#3422);
#3081=PLANE('',#3423);
#3082=PLANE('',#3426);
#3083=PLANE('',#3427);
#3084=PLANE('',#3428);
#3085=PLANE('',#3431);
#3086=PLANE('',#3432);
#3087=PLANE('',#3433);
#3088=PLANE('',#3434);
#3089=PLANE('',#3435);
#3090=PLANE('',#3436);
#3091=PLANE('',#3437);
#3092=PLANE('',#3438);
#3093=PLANE('',#3439);
#3094=PLANE('',#3442);
#3095=PLANE('',#3443);
#3096=PLANE('',#3444);
#3097=PLANE('',#3445);
#3098=PLANE('',#3446);
#3099=PLANE('',#3447);
#3100=PLANE('',#3448);
#3101=PLANE('',#3449);
#3102=PLANE('',#3450);
#3103=PLANE('',#3451);
#3104=PLANE('',#3452);
#3105=PLANE('',#3453);
#3106=PLANE('',#3454);
#3107=PLANE('',#3455);
#3108=PLANE('',#3456);
#3109=PLANE('',#3457);
#3110=PLANE('',#3458);
#3111=PLANE('',#3459);
#3112=PLANE('',#3462);
#3113=PLANE('',#3463);
#3114=PLANE('',#3464);
#3115=PLANE('',#3465);
#3116=PLANE('',#3466);
#3117=PLANE('',#3467);
#3118=PLANE('',#3468);
#3119=PLANE('',#3469);
#3120=PLANE('',#3472);
#3121=PLANE('',#3473);
#3122=PLANE('',#3474);
#3123=PLANE('',#3475);
#3124=PLANE('',#3476);
#3125=PLANE('',#3477);
#3126=PLANE('',#3478);
#3127=PLANE('',#3479);
#3128=PLANE('',#3480);
#3129=PLANE('',#3481);
#3130=PLANE('',#3482);
#3131=PLANE('',#3483);
#3132=PLANE('',#3484);
#3133=PLANE('',#3485);
#3134=PLANE('',#3486);
#3135=PLANE('',#3487);
#3136=PLANE('',#3490);
#3137=ADVANCED_FACE('',(#61),#2991,.T.);
#3138=ADVANCED_FACE('',(#62),#2992,.T.);
#3139=ADVANCED_FACE('',(#63),#2993,.T.);
#3140=ADVANCED_FACE('',(#64),#2994,.T.);
#3141=ADVANCED_FACE('',(#65),#2995,.T.);
#3142=ADVANCED_FACE('',(#66),#2996,.T.);
#3143=ADVANCED_FACE('',(#67),#2997,.T.);
#3144=ADVANCED_FACE('',(#68),#2998,.F.);
#3145=ADVANCED_FACE('',(#69),#2999,.F.);
#3146=ADVANCED_FACE('',(#70),#3000,.F.);
#3147=ADVANCED_FACE('',(#71),#3001,.F.);
#3148=ADVANCED_FACE('',(#72),#3002,.F.);
#3149=ADVANCED_FACE('',(#73),#3003,.F.);
#3150=ADVANCED_FACE('',(#74),#3004,.F.);
#3151=ADVANCED_FACE('',(#75),#49,.T.);
#3152=ADVANCED_FACE('',(#76),#3005,.T.);
#3153=ADVANCED_FACE('',(#77),#3006,.T.);
#3154=ADVANCED_FACE('',(#78),#3007,.T.);
#3155=ADVANCED_FACE('',(#79),#3008,.T.);
#3156=ADVANCED_FACE('',(#80),#3009,.T.);
#3157=ADVANCED_FACE('',(#81),#3010,.T.);
#3158=ADVANCED_FACE('',(#82),#3011,.T.);
#3159=ADVANCED_FACE('',(#83),#3012,.T.);
#3160=ADVANCED_FACE('',(#84),#3013,.F.);
#3161=ADVANCED_FACE('',(#85),#3014,.F.);
#3162=ADVANCED_FACE('',(#86),#3015,.F.);
#3163=ADVANCED_FACE('',(#87),#3016,.F.);
#3164=ADVANCED_FACE('',(#88),#3017,.F.);
#3165=ADVANCED_FACE('',(#89),#3018,.F.);
#3166=ADVANCED_FACE('',(#90),#3019,.F.);
#3167=ADVANCED_FACE('',(#91),#3020,.F.);
#3168=ADVANCED_FACE('',(#92),#3021,.F.);
#3169=ADVANCED_FACE('',(#93),#3022,.F.);
#3170=ADVANCED_FACE('',(#94),#3023,.F.);
#3171=ADVANCED_FACE('',(#95),#50,.F.);
#3172=ADVANCED_FACE('',(#96,#15,#16,#17,#18,#19),#3024,.T.);
#3173=ADVANCED_FACE('',(#97),#3025,.F.);
#3174=ADVANCED_FACE('',(#98),#3026,.F.);
#3175=ADVANCED_FACE('',(#99),#3027,.F.);
#3176=ADVANCED_FACE('',(#100),#3028,.F.);
#3177=ADVANCED_FACE('',(#101),#3029,.F.);
#3178=ADVANCED_FACE('',(#102),#3030,.F.);
#3179=ADVANCED_FACE('',(#103),#3031,.F.);
#3180=ADVANCED_FACE('',(#104),#3032,.T.);
#3181=ADVANCED_FACE('',(#105),#3033,.T.);
#3182=ADVANCED_FACE('',(#106),#3034,.T.);
#3183=ADVANCED_FACE('',(#107),#3035,.T.);
#3184=ADVANCED_FACE('',(#108),#3036,.T.);
#3185=ADVANCED_FACE('',(#109),#3037,.T.);
#3186=ADVANCED_FACE('',(#110),#3038,.T.);
#3187=ADVANCED_FACE('',(#111),#51,.T.);
#3188=ADVANCED_FACE('',(#112),#3039,.T.);
#3189=ADVANCED_FACE('',(#113),#3040,.T.);
#3190=ADVANCED_FACE('',(#114),#3041,.T.);
#3191=ADVANCED_FACE('',(#115),#3042,.T.);
#3192=ADVANCED_FACE('',(#116),#3043,.T.);
#3193=ADVANCED_FACE('',(#117),#3044,.T.);
#3194=ADVANCED_FACE('',(#118),#3045,.T.);
#3195=ADVANCED_FACE('',(#119),#3046,.T.);
#3196=ADVANCED_FACE('',(#120),#3047,.T.);
#3197=ADVANCED_FACE('',(#121),#3048,.F.);
#3198=ADVANCED_FACE('',(#122),#3049,.F.);
#3199=ADVANCED_FACE('',(#123),#52,.T.);
#3200=ADVANCED_FACE('',(#124),#3050,.F.);
#3201=ADVANCED_FACE('',(#125),#3051,.F.);
#3202=ADVANCED_FACE('',(#126),#3052,.F.);
#3203=ADVANCED_FACE('',(#127),#3053,.F.);
#3204=ADVANCED_FACE('',(#128),#3054,.F.);
#3205=ADVANCED_FACE('',(#129),#3055,.F.);
#3206=ADVANCED_FACE('',(#130),#3056,.F.);
#3207=ADVANCED_FACE('',(#131),#3057,.F.);
#3208=ADVANCED_FACE('',(#132),#3058,.F.);
#3209=ADVANCED_FACE('',(#133),#3059,.F.);
#3210=ADVANCED_FACE('',(#134),#53,.F.);
#3211=ADVANCED_FACE('',(#135),#3060,.F.);
#3212=ADVANCED_FACE('',(#136),#3061,.F.);
#3213=ADVANCED_FACE('',(#137),#3062,.F.);
#3214=ADVANCED_FACE('',(#138),#54,.T.);
#3215=ADVANCED_FACE('',(#139),#3063,.F.);
#3216=ADVANCED_FACE('',(#140),#3064,.F.);
#3217=ADVANCED_FACE('',(#141),#3065,.F.);
#3218=ADVANCED_FACE('',(#142),#3066,.F.);
#3219=ADVANCED_FACE('',(#143),#3067,.F.);
#3220=ADVANCED_FACE('',(#144),#3068,.F.);
#3221=ADVANCED_FACE('',(#145),#3069,.F.);
#3222=ADVANCED_FACE('',(#146),#3070,.T.);
#3223=ADVANCED_FACE('',(#147),#3071,.T.);
#3224=ADVANCED_FACE('',(#148),#3072,.T.);
#3225=ADVANCED_FACE('',(#149),#3073,.T.);
#3226=ADVANCED_FACE('',(#150),#3074,.T.);
#3227=ADVANCED_FACE('',(#151),#3075,.T.);
#3228=ADVANCED_FACE('',(#152),#3076,.T.);
#3229=ADVANCED_FACE('',(#153),#3077,.T.);
#3230=ADVANCED_FACE('',(#154),#3078,.T.);
#3231=ADVANCED_FACE('',(#155),#3079,.T.);
#3232=ADVANCED_FACE('',(#156),#3080,.T.);
#3233=ADVANCED_FACE('',(#157),#3081,.F.);
#3234=ADVANCED_FACE('',(#158),#55,.F.);
#3235=ADVANCED_FACE('',(#159),#3082,.F.);
#3236=ADVANCED_FACE('',(#160),#3083,.F.);
#3237=ADVANCED_FACE('',(#161),#3084,.F.);
#3238=ADVANCED_FACE('',(#162),#56,.T.);
#3239=ADVANCED_FACE('',(#163),#3085,.F.);
#3240=ADVANCED_FACE('',(#164),#3086,.F.);
#3241=ADVANCED_FACE('',(#165),#3087,.F.);
#3242=ADVANCED_FACE('',(#166),#3088,.F.);
#3243=ADVANCED_FACE('',(#167),#3089,.F.);
#3244=ADVANCED_FACE('',(#168),#3090,.F.);
#3245=ADVANCED_FACE('',(#169),#3091,.F.);
#3246=ADVANCED_FACE('',(#170),#3092,.T.);
#3247=ADVANCED_FACE('',(#171),#3093,.T.);
#3248=ADVANCED_FACE('',(#172),#57,.T.);
#3249=ADVANCED_FACE('',(#173),#3094,.T.);
#3250=ADVANCED_FACE('',(#174),#3095,.T.);
#3251=ADVANCED_FACE('',(#175),#3096,.T.);
#3252=ADVANCED_FACE('',(#176),#3097,.T.);
#3253=ADVANCED_FACE('',(#177),#3098,.T.);
#3254=ADVANCED_FACE('',(#178),#3099,.T.);
#3255=ADVANCED_FACE('',(#179),#3100,.T.);
#3256=ADVANCED_FACE('',(#180),#3101,.T.);
#3257=ADVANCED_FACE('',(#181),#3102,.T.);
#3258=ADVANCED_FACE('',(#182),#3103,.T.);
#3259=ADVANCED_FACE('',(#183),#3104,.F.);
#3260=ADVANCED_FACE('',(#184),#3105,.F.);
#3261=ADVANCED_FACE('',(#185),#3106,.F.);
#3262=ADVANCED_FACE('',(#186),#3107,.F.);
#3263=ADVANCED_FACE('',(#187),#3108,.F.);
#3264=ADVANCED_FACE('',(#188),#3109,.F.);
#3265=ADVANCED_FACE('',(#189),#3110,.F.);
#3266=ADVANCED_FACE('',(#190),#3111,.F.);
#3267=ADVANCED_FACE('',(#191),#58,.F.);
#3268=ADVANCED_FACE('',(#192),#3112,.T.);
#3269=ADVANCED_FACE('',(#193),#3113,.T.);
#3270=ADVANCED_FACE('',(#194),#3114,.T.);
#3271=ADVANCED_FACE('',(#195),#3115,.T.);
#3272=ADVANCED_FACE('',(#196),#3116,.T.);
#3273=ADVANCED_FACE('',(#197),#3117,.T.);
#3274=ADVANCED_FACE('',(#198),#3118,.T.);
#3275=ADVANCED_FACE('',(#199),#3119,.T.);
#3276=ADVANCED_FACE('',(#200),#59,.T.);
#3277=ADVANCED_FACE('',(#201),#3120,.T.);
#3278=ADVANCED_FACE('',(#202),#3121,.T.);
#3279=ADVANCED_FACE('',(#203),#3122,.T.);
#3280=ADVANCED_FACE('',(#204),#3123,.T.);
#3281=ADVANCED_FACE('',(#205),#3124,.T.);
#3282=ADVANCED_FACE('',(#206),#3125,.T.);
#3283=ADVANCED_FACE('',(#207),#3126,.T.);
#3284=ADVANCED_FACE('',(#208),#3127,.T.);
#3285=ADVANCED_FACE('',(#209),#3128,.F.);
#3286=ADVANCED_FACE('',(#210),#3129,.F.);
#3287=ADVANCED_FACE('',(#211),#3130,.F.);
#3288=ADVANCED_FACE('',(#212),#3131,.F.);
#3289=ADVANCED_FACE('',(#213),#3132,.F.);
#3290=ADVANCED_FACE('',(#214),#3133,.F.);
#3291=ADVANCED_FACE('',(#215),#3134,.F.);
#3292=ADVANCED_FACE('',(#216),#3135,.F.);
#3293=ADVANCED_FACE('',(#217),#60,.T.);
#3294=ADVANCED_FACE('',(#218,#20,#21,#22,#23,#24),#3136,.F.);
#3295=CLOSED_SHELL('',(#3137,#3138,#3139,#3140,#3141,#3142,#3143,#3144,
#3145,#3146,#3147,#3148,#3149,#3150,#3151,#3152,#3153,#3154,#3155,#3156,
#3157,#3158,#3159,#3160,#3161,#3162,#3163,#3164,#3165,#3166,#3167,#3168,
#3169,#3170,#3171,#3172,#3173,#3174,#3175,#3176,#3177,#3178,#3179,#3180,
#3181,#3182,#3183,#3184,#3185,#3186,#3187,#3188,#3189,#3190,#3191,#3192,
#3193,#3194,#3195,#3196,#3197,#3198,#3199,#3200,#3201,#3202,#3203,#3204,
#3205,#3206,#3207,#3208,#3209,#3210,#3211,#3212,#3213,#3214,#3215,#3216,
#3217,#3218,#3219,#3220,#3221,#3222,#3223,#3224,#3225,#3226,#3227,#3228,
#3229,#3230,#3231,#3232,#3233,#3234,#3235,#3236,#3237,#3238,#3239,#3240,
#3241,#3242,#3243,#3244,#3245,#3246,#3247,#3248,#3249,#3250,#3251,#3252,
#3253,#3254,#3255,#3256,#3257,#3258,#3259,#3260,#3261,#3262,#3263,#3264,
#3265,#3266,#3267,#3268,#3269,#3270,#3271,#3272,#3273,#3274,#3275,#3276,
#3277,#3278,#3279,#3280,#3281,#3282,#3283,#3284,#3285,#3286,#3287,#3288,
#3289,#3290,#3291,#3292,#3293,#3294));
#3296=DERIVED_UNIT_ELEMENT(#3298,1.);
#3297=DERIVED_UNIT_ELEMENT(#5245,-3.);
#3298=(
MASS_UNIT()
NAMED_UNIT(*)
SI_UNIT(.KILO.,.GRAM.)
);
#3299=DERIVED_UNIT((#3296,#3297));
#3300=MEASURE_REPRESENTATION_ITEM('density measure',
POSITIVE_RATIO_MEASURE(1060.),#3299);
#3301=PROPERTY_DEFINITION_REPRESENTATION(#3306,#3303);
#3302=PROPERTY_DEFINITION_REPRESENTATION(#3307,#3304);
#3303=REPRESENTATION('material name',(#3305),#5242);
#3304=REPRESENTATION('density',(#3300),#5242);
#3305=DESCRIPTIVE_REPRESENTATION_ITEM('ABS Plastic','ABS Plastic');
#3306=PROPERTY_DEFINITION('material property','material name',#5252);
#3307=PROPERTY_DEFINITION('material property','density of part',#5252);
#3308=AXIS2_PLACEMENT_3D('',#4301,#3491,#3492);
#3309=AXIS2_PLACEMENT_3D('',#4302,#3493,#3494);
#3310=AXIS2_PLACEMENT_3D('',#4311,#3499,#3500);
#3311=AXIS2_PLACEMENT_3D('',#4317,#3504,#3505);
#3312=AXIS2_PLACEMENT_3D('',#4323,#3509,#3510);
#3313=AXIS2_PLACEMENT_3D('',#4329,#3514,#3515);
#3314=AXIS2_PLACEMENT_3D('',#4335,#3519,#3520);
#3315=AXIS2_PLACEMENT_3D('',#4341,#3524,#3525);
#3316=AXIS2_PLACEMENT_3D('',#4347,#3529,#3530);
#3317=AXIS2_PLACEMENT_3D('',#4356,#3535,#3536);
#3318=AXIS2_PLACEMENT_3D('',#4362,#3540,#3541);
#3319=AXIS2_PLACEMENT_3D('',#4368,#3545,#3546);
#3320=AXIS2_PLACEMENT_3D('',#4374,#3550,#3551);
#3321=AXIS2_PLACEMENT_3D('',#4380,#3555,#3556);
#3322=AXIS2_PLACEMENT_3D('',#4386,#3560,#3561);
#3323=AXIS2_PLACEMENT_3D('',#4392,#3565,#3566);
#3324=AXIS2_PLACEMENT_3D('',#4393,#3567,#3568);
#3325=AXIS2_PLACEMENT_3D('',#4394,#3569,#3570);
#3326=AXIS2_PLACEMENT_3D('',#4395,#3571,#3572);
#3327=AXIS2_PLACEMENT_3D('',#4404,#3577,#3578);
#3328=AXIS2_PLACEMENT_3D('',#4413,#3583,#3584);
#3329=AXIS2_PLACEMENT_3D('',#4419,#3588,#3589);
#3330=AXIS2_PLACEMENT_3D('',#4428,#3594,#3595);
#3331=AXIS2_PLACEMENT_3D('',#4434,#3599,#3600);
#3332=AXIS2_PLACEMENT_3D('',#4440,#3604,#3605);
#3333=AXIS2_PLACEMENT_3D('',#4446,#3609,#3610);
#3334=AXIS2_PLACEMENT_3D('',#4449,#3613,#3614);
#3335=AXIS2_PLACEMENT_3D('',#4458,#3619,#3620);
#3336=AXIS2_PLACEMENT_3D('',#4467,#3625,#3626);
#3337=AXIS2_PLACEMENT_3D('',#4473,#3630,#3631);
#3338=AXIS2_PLACEMENT_3D('',#4476,#3634,#3635);
#3339=AXIS2_PLACEMENT_3D('',#4482,#3639,#3640);
#3340=AXIS2_PLACEMENT_3D('',#4488,#3644,#3645);
#3341=AXIS2_PLACEMENT_3D('',#4494,#3649,#3650);
#3342=AXIS2_PLACEMENT_3D('',#4500,#3654,#3655);
#3343=AXIS2_PLACEMENT_3D('',#4506,#3659,#3660);
#3344=AXIS2_PLACEMENT_3D('',#4509,#3663,#3664);
#3345=AXIS2_PLACEMENT_3D('',#4518,#3669,#3670);
#3346=AXIS2_PLACEMENT_3D('',#4520,#3671,#3672);
#3347=AXIS2_PLACEMENT_3D('',#4523,#3674,#3675);
#3348=AXIS2_PLACEMENT_3D('',#4524,#3676,#3677);
#3349=AXIS2_PLACEMENT_3D('',#4572,#3701,#3702);
#3350=AXIS2_PLACEMENT_3D('',#4605,#3719,#3720);
#3351=AXIS2_PLACEMENT_3D('',#4665,#3750,#3751);
#3352=AXIS2_PLACEMENT_3D('',#4708,#3773,#3774);
#3353=AXIS2_PLACEMENT_3D('',#4710,#3775,#3776);
#3354=AXIS2_PLACEMENT_3D('',#4712,#3777,#3778);
#3355=AXIS2_PLACEMENT_3D('',#4718,#3781,#3782);
#3356=AXIS2_PLACEMENT_3D('',#4734,#3790,#3791);
#3357=AXIS2_PLACEMENT_3D('',#4750,#3799,#3800);
#3358=AXIS2_PLACEMENT_3D('',#4762,#3807,#3808);
#3359=AXIS2_PLACEMENT_3D('',#4763,#3809,#3810);
#3360=AXIS2_PLACEMENT_3D('',#4769,#3814,#3815);
#3361=AXIS2_PLACEMENT_3D('',#4773,#3818,#3819);
#3362=AXIS2_PLACEMENT_3D('',#4777,#3822,#3823);
#3363=AXIS2_PLACEMENT_3D('',#4781,#3826,#3827);
#3364=AXIS2_PLACEMENT_3D('',#4785,#3830,#3831);
#3365=AXIS2_PLACEMENT_3D('',#4789,#3834,#3835);
#3366=AXIS2_PLACEMENT_3D('',#4793,#3838,#3839);
#3367=AXIS2_PLACEMENT_3D('',#4799,#3843,#3844);
#3368=AXIS2_PLACEMENT_3D('',#4803,#3847,#3848);
#3369=AXIS2_PLACEMENT_3D('',#4807,#3851,#3852);
#3370=AXIS2_PLACEMENT_3D('',#4811,#3855,#3856);
#3371=AXIS2_PLACEMENT_3D('',#4815,#3859,#3860);
#3372=AXIS2_PLACEMENT_3D('',#4819,#3863,#3864);
#3373=AXIS2_PLACEMENT_3D('',#4823,#3867,#3868);
#3374=AXIS2_PLACEMENT_3D('',#4824,#3869,#3870);
#3375=AXIS2_PLACEMENT_3D('',#4825,#3871,#3872);
#3376=AXIS2_PLACEMENT_3D('',#4831,#3876,#3877);
#3377=AXIS2_PLACEMENT_3D('',#4833,#3879,#3880);
#3378=AXIS2_PLACEMENT_3D('',#4839,#3884,#3885);
#3379=AXIS2_PLACEMENT_3D('',#4843,#3888,#3889);
#3380=AXIS2_PLACEMENT_3D('',#4849,#3893,#3894);
#3381=AXIS2_PLACEMENT_3D('',#4853,#3897,#3898);
#3382=AXIS2_PLACEMENT_3D('',#4857,#3901,#3902);
#3383=AXIS2_PLACEMENT_3D('',#4861,#3905,#3906);
#3384=AXIS2_PLACEMENT_3D('',#4863,#3908,#3909);
#3385=AXIS2_PLACEMENT_3D('',#4869,#3913,#3914);
#3386=AXIS2_PLACEMENT_3D('',#4873,#3917,#3918);
#3387=AXIS2_PLACEMENT_3D('',#4874,#3919,#3920);
#3388=AXIS2_PLACEMENT_3D('',#4875,#3921,#3922);
#3389=AXIS2_PLACEMENT_3D('',#4879,#3925,#3926);
#3390=AXIS2_PLACEMENT_3D('',#4883,#3929,#3930);
#3391=AXIS2_PLACEMENT_3D('',#4885,#3932,#3933);
#3392=AXIS2_PLACEMENT_3D('',#4889,#3936,#3937);
#3393=AXIS2_PLACEMENT_3D('',#4893,#3940,#3941);
#3394=AXIS2_PLACEMENT_3D('',#4897,#3944,#3945);
#3395=AXIS2_PLACEMENT_3D('',#4901,#3948,#3949);
#3396=AXIS2_PLACEMENT_3D('',#4905,#3952,#3953);
#3397=AXIS2_PLACEMENT_3D('',#4907,#3955,#3956);
#3398=AXIS2_PLACEMENT_3D('',#4913,#3960,#3961);
#3399=AXIS2_PLACEMENT_3D('',#4915,#3962,#3963);
#3400=AXIS2_PLACEMENT_3D('',#4917,#3965,#3966);
#3401=AXIS2_PLACEMENT_3D('',#4923,#3970,#3971);
#3402=AXIS2_PLACEMENT_3D('',#4925,#3973,#3974);
#3403=AXIS2_PLACEMENT_3D('',#4929,#3977,#3978);
#3404=AXIS2_PLACEMENT_3D('',#4930,#3979,#3980);
#3405=AXIS2_PLACEMENT_3D('',#4931,#3981,#3982);
#3406=AXIS2_PLACEMENT_3D('',#4935,#3985,#3986);
#3407=AXIS2_PLACEMENT_3D('',#4939,#3989,#3990);
#3408=AXIS2_PLACEMENT_3D('',#4945,#3994,#3995);
#3409=AXIS2_PLACEMENT_3D('',#4949,#3998,#3999);
#3410=AXIS2_PLACEMENT_3D('',#4953,#4002,#4003);
#3411=AXIS2_PLACEMENT_3D('',#4957,#4006,#4007);
#3412=AXIS2_PLACEMENT_3D('',#4959,#4009,#4010);
#3413=AXIS2_PLACEMENT_3D('',#4965,#4014,#4015);
#3414=AXIS2_PLACEMENT_3D('',#4967,#4017,#4018);
#3415=AXIS2_PLACEMENT_3D('',#4973,#4022,#4023);
#3416=AXIS2_PLACEMENT_3D('',#4977,#4026,#4027);
#3417=AXIS2_PLACEMENT_3D('',#4979,#4029,#4030);
#3418=AXIS2_PLACEMENT_3D('',#4983,#4033,#4034);
#3419=AXIS2_PLACEMENT_3D('',#4987,#4037,#4038);
#3420=AXIS2_PLACEMENT_3D('',#4991,#4041,#4042);
#3421=AXIS2_PLACEMENT_3D('',#4995,#4045,#4046);
#3422=AXIS2_PLACEMENT_3D('',#4999,#4049,#4050);
#3423=AXIS2_PLACEMENT_3D('',#5001,#4052,#4053);
#3424=AXIS2_PLACEMENT_3D('',#5007,#4057,#4058);
#3425=AXIS2_PLACEMENT_3D('',#5009,#4059,#4060);
#3426=AXIS2_PLACEMENT_3D('',#5011,#4062,#4063);
#3427=AXIS2_PLACEMENT_3D('',#5017,#4067,#4068);
#3428=AXIS2_PLACEMENT_3D('',#5019,#4070,#4071);
#3429=AXIS2_PLACEMENT_3D('',#5023,#4074,#4075);
#3430=AXIS2_PLACEMENT_3D('',#5024,#4076,#4077);
#3431=AXIS2_PLACEMENT_3D('',#5025,#4078,#4079);
#3432=AXIS2_PLACEMENT_3D('',#5029,#4082,#4083);
#3433=AXIS2_PLACEMENT_3D('',#5033,#4086,#4087);
#3434=AXIS2_PLACEMENT_3D('',#5039,#4091,#4092);
#3435=AXIS2_PLACEMENT_3D('',#5043,#4095,#4096);
#3436=AXIS2_PLACEMENT_3D('',#5047,#4099,#4100);
#3437=AXIS2_PLACEMENT_3D('',#5051,#4103,#4104);
#3438=AXIS2_PLACEMENT_3D('',#5053,#4106,#4107);
#3439=AXIS2_PLACEMENT_3D('',#5059,#4111,#4112);
#3440=AXIS2_PLACEMENT_3D('',#5063,#4115,#4116);
#3441=AXIS2_PLACEMENT_3D('',#5065,#4117,#4118);
#3442=AXIS2_PLACEMENT_3D('',#5067,#4120,#4121);
#3443=AXIS2_PLACEMENT_3D('',#5071,#4124,#4125);
#3444=AXIS2_PLACEMENT_3D('',#5075,#4128,#4129);
#3445=AXIS2_PLACEMENT_3D('',#5079,#4132,#4133);
#3446=AXIS2_PLACEMENT_3D('',#5081,#4135,#4136);
#3447=AXIS2_PLACEMENT_3D('',#5085,#4139,#4140);
#3448=AXIS2_PLACEMENT_3D('',#5089,#4143,#4144);
#3449=AXIS2_PLACEMENT_3D('',#5093,#4147,#4148);
#3450=AXIS2_PLACEMENT_3D('',#5097,#4151,#4152);
#3451=AXIS2_PLACEMENT_3D('',#5101,#4155,#4156);
#3452=AXIS2_PLACEMENT_3D('',#5103,#4158,#4159);
#3453=AXIS2_PLACEMENT_3D('',#5107,#4162,#4163);
#3454=AXIS2_PLACEMENT_3D('',#5111,#4166,#4167);
#3455=AXIS2_PLACEMENT_3D('',#5115,#4170,#4171);
#3456=AXIS2_PLACEMENT_3D('',#5119,#4174,#4175);
#3457=AXIS2_PLACEMENT_3D('',#5123,#4178,#4179);
#3458=AXIS2_PLACEMENT_3D('',#5127,#4182,#4183);
#3459=AXIS2_PLACEMENT_3D('',#5131,#4186,#4187);
#3460=AXIS2_PLACEMENT_3D('',#5135,#4190,#4191);
#3461=AXIS2_PLACEMENT_3D('',#5137,#4192,#4193);
#3462=AXIS2_PLACEMENT_3D('',#5139,#4195,#4196);
#3463=AXIS2_PLACEMENT_3D('',#5143,#4199,#4200);
#3464=AXIS2_PLACEMENT_3D('',#5147,#4203,#4204);
#3465=AXIS2_PLACEMENT_3D('',#5151,#4207,#4208);
#3466=AXIS2_PLACEMENT_3D('',#5155,#4211,#4212);
#3467=AXIS2_PLACEMENT_3D('',#5159,#4215,#4216);
#3468=AXIS2_PLACEMENT_3D('',#5163,#4219,#4220);
#3469=AXIS2_PLACEMENT_3D('',#5167,#4223,#4224);
#3470=AXIS2_PLACEMENT_3D('',#5171,#4227,#4228);
#3471=AXIS2_PLACEMENT_3D('',#5172,#4229,#4230);
#3472=AXIS2_PLACEMENT_3D('',#5173,#4231,#4232);
#3473=AXIS2_PLACEMENT_3D('',#5177,#4235,#4236);
#3474=AXIS2_PLACEMENT_3D('',#5181,#4239,#4240);
#3475=AXIS2_PLACEMENT_3D('',#5185,#4243,#4244);
#3476=AXIS2_PLACEMENT_3D('',#5189,#4247,#4248);
#3477=AXIS2_PLACEMENT_3D('',#5193,#4251,#4252);
#3478=AXIS2_PLACEMENT_3D('',#5197,#4255,#4256);
#3479=AXIS2_PLACEMENT_3D('',#5201,#4259,#4260);
#3480=AXIS2_PLACEMENT_3D('',#5205,#4263,#4264);
#3481=AXIS2_PLACEMENT_3D('',#5209,#4267,#4268);
#3482=AXIS2_PLACEMENT_3D('',#5213,#4271,#4272);
#3483=AXIS2_PLACEMENT_3D('',#5217,#4275,#4276);
#3484=AXIS2_PLACEMENT_3D('',#5221,#4279,#4280);
#3485=AXIS2_PLACEMENT_3D('',#5225,#4283,#4284);
#3486=AXIS2_PLACEMENT_3D('',#5229,#4287,#4288);
#3487=AXIS2_PLACEMENT_3D('',#5233,#4291,#4292);
#3488=AXIS2_PLACEMENT_3D('',#5237,#4295,#4296);
#3489=AXIS2_PLACEMENT_3D('',#5238,#4297,#4298);
#3490=AXIS2_PLACEMENT_3D('',#5239,#4299,#4300);
#3491=DIRECTION('axis',(0.,0.,1.));
#3492=DIRECTION('refdir',(1.,0.,0.));
#3493=DIRECTION('center_axis',(0.707106781186538,0.707106781186558,0.));
#3494=DIRECTION('ref_axis',(-0.707106781186558,0.707106781186537,0.));
#3495=DIRECTION('',(-0.707106781186558,0.707106781186537,0.));
#3496=DIRECTION('',(0.,0.,1.));
#3497=DIRECTION('',(-0.707106781186558,0.707106781186537,0.));
#3498=DIRECTION('',(0.,0.,1.));
#3499=DIRECTION('center_axis',(2.22044604925031E-16,1.,0.));
#3500=DIRECTION('ref_axis',(-1.,-2.22044604925031E-16,0.));
#3501=DIRECTION('',(-1.,-2.22044604925031E-16,0.));
#3502=DIRECTION('',(-1.,-2.22044604925031E-16,0.));
#3503=DIRECTION('',(0.,0.,1.));
#3504=DIRECTION('center_axis',(-1.,-2.22044604925031E-16,0.));
#3505=DIRECTION('ref_axis',(-2.22044604925031E-16,-1.,0.));
#3506=DIRECTION('',(2.22044604925031E-16,1.,0.));
#3507=DIRECTION('',(-2.22044604925031E-16,-1.,0.));
#3508=DIRECTION('',(0.,0.,1.));
#3509=DIRECTION('center_axis',(3.7929147002667E-12,1.,0.));
#3510=DIRECTION('ref_axis',(-1.,3.79247061105685E-12,0.));
#3511=DIRECTION('',(-1.,3.79247061105685E-12,0.));
#3512=DIRECTION('',(-1.,3.79247061105685E-12,0.));
#3513=DIRECTION('',(0.,0.,1.));
#3514=DIRECTION('center_axis',(1.,2.22044604925031E-16,0.));
#3515=DIRECTION('ref_axis',(2.22044604925031E-16,1.,0.));
#3516=DIRECTION('',(2.22044604925031E-16,1.,0.));
#3517=DIRECTION('',(2.22044604925031E-16,1.,0.));
#3518=DIRECTION('',(0.,0.,1.));
#3519=DIRECTION('center_axis',(2.22044604925031E-16,1.,0.));
#3520=DIRECTION('ref_axis',(-1.,-2.22044604925031E-16,0.));
#3521=DIRECTION('',(-1.,-2.22044604925031E-16,0.));
#3522=DIRECTION('',(-1.,-2.22044604925031E-16,0.));
#3523=DIRECTION('',(0.,0.,1.));
#3524=DIRECTION('center_axis',(1.,2.24878276083061E-16,0.));
#3525=DIRECTION('ref_axis',(2.19210933767002E-16,1.,0.));
#3526=DIRECTION('',(2.19210933767002E-16,1.,0.));
#3527=DIRECTION('',(2.19210933767002E-16,1.,0.));
#3528=DIRECTION('',(0.,0.,1.));
#3529=DIRECTION('center_axis',(0.707106781186558,0.707106781186537,0.));
#3530=DIRECTION('ref_axis',(-0.707106781186537,0.707106781186558,0.));
#3531=DIRECTION('',(-0.707106781186537,0.707106781186558,0.));
#3532=DIRECTION('',(0.,0.,1.));
#3533=DIRECTION('',(-0.707106781186537,0.707106781186558,0.));
#3534=DIRECTION('',(0.,0.,1.));
#3535=DIRECTION('center_axis',(1.,0.,0.));
#3536=DIRECTION('ref_axis',(0.,1.,0.));
#3537=DIRECTION('',(0.,1.,0.));
#3538=DIRECTION('',(0.,0.,1.));
#3539=DIRECTION('',(0.,1.,0.));
#3540=DIRECTION('center_axis',(0.,-1.,0.));
#3541=DIRECTION('ref_axis',(1.,0.,0.));
#3542=DIRECTION('',(-1.,0.,0.));
#3543=DIRECTION('',(0.,0.,1.));
#3544=DIRECTION('',(1.,0.,0.));
#3545=DIRECTION('center_axis',(1.,3.79269265566178E-12,0.));
#3546=DIRECTION('ref_axis',(-3.79269265566178E-12,1.,0.));
#3547=DIRECTION('',(-3.79269265566178E-12,1.,0.));
#3548=DIRECTION('',(0.,0.,1.));
#3549=DIRECTION('',(-3.79269265566178E-12,1.,0.));
#3550=DIRECTION('center_axis',(0.,1.,0.));
#3551=DIRECTION('ref_axis',(-1.,0.,0.));
#3552=DIRECTION('',(-1.,0.,0.));
#3553=DIRECTION('',(0.,0.,1.));
#3554=DIRECTION('',(-1.,0.,0.));
#3555=DIRECTION('center_axis',(1.,0.,0.));
#3556=DIRECTION('ref_axis',(0.,1.,0.));
#3557=DIRECTION('',(0.,1.,0.));
#3558=DIRECTION('',(0.,0.,1.));
#3559=DIRECTION('',(0.,1.,0.));
#3560=DIRECTION('center_axis',(2.83367115802928E-18,1.,0.));
#3561=DIRECTION('ref_axis',(-1.,2.83367115802928E-18,0.));
#3562=DIRECTION('',(-1.,2.83367115802928E-18,0.));
#3563=DIRECTION('',(0.,0.,1.));
#3564=DIRECTION('',(-1.,2.83367115802928E-18,0.));
#3565=DIRECTION('center_axis',(0.,0.,-1.));
#3566=DIRECTION('ref_axis',(0.707106781186548,-0.707106781186548,0.));
#3567=DIRECTION('center_axis',(0.,0.,-1.));
#3568=DIRECTION('ref_axis',(0.707106781186548,-0.707106781186548,0.));
#3569=DIRECTION('center_axis',(0.,0.,1.));
#3570=DIRECTION('ref_axis',(0.707106781186548,-0.707106781186548,0.));
#3571=DIRECTION('center_axis',(-0.707106781186553,0.707106781186542,0.));
#3572=DIRECTION('ref_axis',(-0.707106781186542,-0.707106781186553,0.));
#3573=DIRECTION('',(0.707106781186542,0.707106781186553,0.));
#3574=DIRECTION('',(0.,0.,1.));
#3575=DIRECTION('',(-0.707106781186542,-0.707106781186553,0.));
#3576=DIRECTION('',(0.,0.,1.));
#3577=DIRECTION('center_axis',(0.707106781186546,-0.707106781186549,0.));
#3578=DIRECTION('ref_axis',(0.707106781186549,0.707106781186546,0.));
#3579=DIRECTION('',(0.707106781186549,0.707106781186546,0.));
#3580=DIRECTION('',(0.,0.,1.));
#3581=DIRECTION('',(0.707106781186549,0.707106781186546,0.));
#3582=DIRECTION('',(0.,0.,1.));
#3583=DIRECTION('center_axis',(2.22044604925031E-16,-1.,0.));
#3584=DIRECTION('ref_axis',(1.,2.22044604925031E-16,0.));
#3585=DIRECTION('',(1.,2.22044604925031E-16,0.));
#3586=DIRECTION('',(1.,2.22044604925031E-16,0.));
#3587=DIRECTION('',(0.,0.,1.));
#3588=DIRECTION('center_axis',(-2.22044604925031E-16,1.,0.));
#3589=DIRECTION('ref_axis',(-1.,-2.22044604925031E-16,0.));
#3590=DIRECTION('',(-1.,-2.22044604925031E-16,0.));
#3591=DIRECTION('',(0.,0.,1.));
#3592=DIRECTION('',(-1.,-2.22044604925031E-16,0.));
#3593=DIRECTION('',(0.,0.,1.));
#3594=DIRECTION('center_axis',(-1.,3.33066907387544E-16,0.));
#3595=DIRECTION('ref_axis',(-3.33066907387544E-16,-1.,0.));
#3596=DIRECTION('',(-3.33066907387544E-16,-1.,0.));
#3597=DIRECTION('',(-3.33066907387544E-16,-1.,0.));
#3598=DIRECTION('',(0.,0.,1.));
#3599=DIRECTION('center_axis',(-2.22044604925031E-16,1.,0.));
#3600=DIRECTION('ref_axis',(-1.,-2.22044604925031E-16,0.));
#3601=DIRECTION('',(-1.,-2.22044604925031E-16,0.));
#3602=DIRECTION('',(-1.,-2.22044604925031E-16,0.));
#3603=DIRECTION('',(0.,0.,1.));
#3604=DIRECTION('center_axis',(1.,-9.25185853854323E-18,0.));
#3605=DIRECTION('ref_axis',(9.25185853854323E-18,1.,0.));
#3606=DIRECTION('',(-9.25185853854323E-18,-1.,0.));
#3607=DIRECTION('',(9.25185853854323E-18,1.,0.));
#3608=DIRECTION('',(0.,0.,1.));
#3609=DIRECTION('center_axis',(-2.22044604925031E-16,1.,0.));
#3610=DIRECTION('ref_axis',(-1.,-2.22044604925031E-16,0.));
#3611=DIRECTION('',(-1.,-2.22044604925031E-16,0.));
#3612=DIRECTION('',(-1.,-2.22044604925031E-16,0.));
#3613=DIRECTION('center_axis',(0.707106781186553,0.707106781186542,0.));
#3614=DIRECTION('ref_axis',(-0.707106781186542,0.707106781186553,0.));
#3615=DIRECTION('',(0.707106781186542,-0.707106781186553,0.));
#3616=DIRECTION('',(0.,0.,1.));
#3617=DIRECTION('',(-0.707106781186542,0.707106781186553,0.));
#3618=DIRECTION('',(0.,0.,1.));
#3619=DIRECTION('center_axis',(-0.707106781186546,-0.707106781186549,0.));
#3620=DIRECTION('ref_axis',(0.707106781186549,-0.707106781186546,0.));
#3621=DIRECTION('',(0.707106781186549,-0.707106781186546,0.));
#3622=DIRECTION('',(0.,0.,1.));
#3623=DIRECTION('',(0.707106781186549,-0.707106781186546,0.));
#3624=DIRECTION('',(0.,0.,1.));
#3625=DIRECTION('center_axis',(2.22044604925031E-16,-1.,0.));
#3626=DIRECTION('ref_axis',(1.,2.22044604925031E-16,0.));
#3627=DIRECTION('',(1.,2.22044604925031E-16,0.));
#3628=DIRECTION('',(0.,0.,1.));
#3629=DIRECTION('',(1.,2.22044604925031E-16,0.));
#3630=DIRECTION('center_axis',(-1.,-6.55725473919233E-16,0.));
#3631=DIRECTION('ref_axis',(6.55725473919233E-16,-1.,0.));
#3632=DIRECTION('',(2.1163626406917E-16,1.,0.));
#3633=DIRECTION('',(2.1163626406917E-16,1.,0.));
#3634=DIRECTION('center_axis',(1.,1.54779304480518E-16,0.));
#3635=DIRECTION('ref_axis',(-1.54779304480518E-16,1.,0.));
#3636=DIRECTION('',(-1.54779304480518E-16,1.,0.));
#3637=DIRECTION('',(0.,0.,1.));
#3638=DIRECTION('',(-1.54779304480518E-16,1.,0.));
#3639=DIRECTION('center_axis',(-2.22044604925031E-16,1.,0.));
#3640=DIRECTION('ref_axis',(-1.,-2.22044604925031E-16,0.));
#3641=DIRECTION('',(-1.,-2.22044604925031E-16,0.));
#3642=DIRECTION('',(0.,0.,1.));
#3643=DIRECTION('',(-1.,-2.22044604925031E-16,0.));
#3644=DIRECTION('center_axis',(1.,7.77156117237607E-16,0.));
#3645=DIRECTION('ref_axis',(-7.77156117237607E-16,1.,0.));
#3646=DIRECTION('',(-7.77156117237607E-16,1.,0.));
#3647=DIRECTION('',(0.,0.,1.));
#3648=DIRECTION('',(-7.77156117237607E-16,1.,0.));
#3649=DIRECTION('center_axis',(-2.22044604925031E-16,1.,0.));
#3650=DIRECTION('ref_axis',(-1.,-2.22044604925031E-16,0.));
#3651=DIRECTION('',(-1.,-2.22044604925031E-16,0.));
#3652=DIRECTION('',(0.,0.,1.));
#3653=DIRECTION('',(-1.,-2.22044604925031E-16,0.));
#3654=DIRECTION('center_axis',(-1.,-4.53341068388606E-16,0.));
#3655=DIRECTION('ref_axis',(4.53341068388606E-16,-1.,0.));
#3656=DIRECTION('',(-4.53341068388606E-16,1.,0.));
#3657=DIRECTION('',(0.,0.,1.));
#3658=DIRECTION('',(4.53341068388606E-16,-1.,0.));
#3659=DIRECTION('center_axis',(-2.22044604925031E-16,1.,0.));
#3660=DIRECTION('ref_axis',(-1.,-2.22044604925031E-16,0.));
#3661=DIRECTION('',(-1.,-2.22044604925031E-16,0.));
#3662=DIRECTION('',(-1.,-2.22044604925031E-16,0.));
#3663=DIRECTION('center_axis',(-1.,0.,0.));
#3664=DIRECTION('ref_axis',(0.,-1.,0.));
#3665=DIRECTION('',(0.,-1.,0.));
#3666=DIRECTION('',(0.,0.,1.));
#3667=DIRECTION('',(0.,-1.,0.));
#3668=DIRECTION('',(0.,0.,1.));
#3669=DIRECTION('center_axis',(0.,0.,-1.));
#3670=DIRECTION('ref_axis',(-0.707106781186547,0.707106781186547,0.));
#3671=DIRECTION('center_axis',(0.,0.,1.));
#3672=DIRECTION('ref_axis',(-0.707106781186547,0.707106781186547,0.));
#3673=DIRECTION('',(0.,0.,-1.));
#3674=DIRECTION('center_axis',(0.,0.,-1.));
#3675=DIRECTION('ref_axis',(-0.707106781186547,0.707106781186547,0.));
#3676=DIRECTION('center_axis',(0.,0.,-1.));
#3677=DIRECTION('ref_axis',(1.,0.,0.));
#3678=DIRECTION('',(2.22044604925031E-16,1.,0.));
#3679=DIRECTION('',(-1.,-6.3318696972575E-15,0.));
#3680=DIRECTION('',(0.707106781186553,0.707106781186542,0.));
#3681=DIRECTION('',(0.,-1.,0.));
#3682=DIRECTION('',(-1.,-2.31296463463574E-16,0.));
#3683=DIRECTION('',(0.,-1.,0.));
#3684=DIRECTION('',(-1.,-5.55111512312575E-16,0.));
#3685=DIRECTION('',(0.,-1.,0.));
#3686=DIRECTION('',(1.,6.72653004445131E-17,0.));
#3687=DIRECTION('',(0.,-1.,0.));
#3688=DIRECTION('',(1.,-5.55111512312575E-16,0.));
#3689=DIRECTION('',(0.,-1.,0.));
#3690=DIRECTION('',(1.,-2.31296463463574E-16,0.));
#3691=DIRECTION('',(0.,-1.,0.));
#3692=DIRECTION('',(-0.707106781186553,0.707106781186542,0.));
#3693=DIRECTION('',(1.,0.,0.));
#3694=DIRECTION('',(0.707106781186537,0.707106781186558,0.));
#3695=DIRECTION('',(0.,1.,0.));
#3696=DIRECTION('',(1.,0.,0.));
#3697=DIRECTION('',(3.79269265566178E-12,1.,0.));
#3698=DIRECTION('',(1.,0.,0.));
#3699=DIRECTION('',(0.,1.,0.));
#3700=DIRECTION('',(1.,2.83367115802928E-18,0.));
#3701=DIRECTION('center_axis',(0.,0.,1.));
#3702=DIRECTION('ref_axis',(-0.707106781186548,-0.707106781186548,0.));
#3703=DIRECTION('',(-2.19210933767002E-16,1.,0.));
#3704=DIRECTION('',(1.,-2.22044604925031E-16,0.));
#3705=DIRECTION('',(-2.22044604925031E-16,1.,0.));
#3706=DIRECTION('',(1.,3.79247061105685E-12,0.));
#3707=DIRECTION('',(-2.22044604925031E-16,1.,0.));
#3708=DIRECTION('',(1.,-2.22044604925031E-16,0.));
#3709=DIRECTION('',(0.707106781186558,0.707106781186537,0.));
#3710=DIRECTION('',(-2.22044604925031E-16,1.,0.));
#3711=DIRECTION('',(-2.22044604925031E-16,-1.,0.));
#3712=DIRECTION('',(0.707106781186558,-0.707106781186537,0.));
#3713=DIRECTION('',(1.,2.22044604925031E-16,0.));
#3714=DIRECTION('',(-2.22044604925031E-16,-1.,0.));
#3715=DIRECTION('',(1.,-3.79247061105685E-12,0.));
#3716=DIRECTION('',(-2.22044604925031E-16,-1.,0.));
#3717=DIRECTION('',(1.,2.22044604925031E-16,0.));
#3718=DIRECTION('',(-2.19210933767002E-16,-1.,0.));
#3719=DIRECTION('center_axis',(0.,0.,-1.));
#3720=DIRECTION('ref_axis',(-0.707106781186548,0.707106781186548,0.));
#3721=DIRECTION('',(1.,-2.83367115802928E-18,0.));
#3722=DIRECTION('',(0.,-1.,0.));
#3723=DIRECTION('',(1.,0.,0.));
#3724=DIRECTION('',(3.79269265566178E-12,-1.,0.));
#3725=DIRECTION('',(1.,0.,0.));
#3726=DIRECTION('',(0.,-1.,0.));
#3727=DIRECTION('',(0.707106781186537,-0.707106781186558,0.));
#3728=DIRECTION('',(1.,0.,0.));
#3729=DIRECTION('',(-0.707106781186553,-0.707106781186542,0.));
#3730=DIRECTION('',(0.,1.,0.));
#3731=DIRECTION('',(1.,2.31296463463574E-16,0.));
#3732=DIRECTION('',(0.,1.,0.));
#3733=DIRECTION('',(1.,5.55111512312575E-16,0.));
#3734=DIRECTION('',(0.,1.,0.));
#3735=DIRECTION('',(1.,-6.72653004445131E-17,0.));
#3736=DIRECTION('',(0.,1.,0.));
#3737=DIRECTION('',(-1.,5.55111512312575E-16,0.));
#3738=DIRECTION('',(0.,1.,0.));
#3739=DIRECTION('',(-1.,2.31296463463574E-16,0.));
#3740=DIRECTION('',(0.,1.,0.));
#3741=DIRECTION('',(0.707106781186553,-0.707106781186542,0.));
#3742=DIRECTION('',(-1.,0.,0.));
#3743=DIRECTION('',(-0.707106781186537,-0.707106781186558,0.));
#3744=DIRECTION('',(0.,-1.,0.));
#3745=DIRECTION('',(-1.,0.,0.));
#3746=DIRECTION('',(-3.79269265566178E-12,-1.,0.));
#3747=DIRECTION('',(-1.,0.,0.));
#3748=DIRECTION('',(0.,-1.,0.));
#3749=DIRECTION('',(-1.,-2.83367115802928E-18,0.));
#3750=DIRECTION('center_axis',(0.,0.,1.));
#3751=DIRECTION('ref_axis',(0.707106781186548,0.707106781186548,0.));
#3752=DIRECTION('',(2.19210933767002E-16,-1.,0.));
#3753=DIRECTION('',(-1.,2.22044604925031E-16,0.));
#3754=DIRECTION('',(2.22044604925031E-16,-1.,0.));
#3755=DIRECTION('',(-1.,-3.79247061105685E-12,0.));
#3756=DIRECTION('',(2.22044604925031E-16,-1.,0.));
#3757=DIRECTION('',(-1.,2.22044604925031E-16,0.));
#3758=DIRECTION('',(-0.707106781186558,-0.707106781186537,0.));
#3759=DIRECTION('',(6.10982509233247E-15,-1.,0.));
#3760=DIRECTION('',(-0.707106781186542,0.707106781186553,0.));
#3761=DIRECTION('',(1.,-2.22044604925031E-16,0.));
#3762=DIRECTION('',(9.25185853854323E-18,-1.,0.));
#3763=DIRECTION('',(1.,-2.22044604925031E-16,0.));
#3764=DIRECTION('',(3.33066907387544E-16,-1.,0.));
#3765=DIRECTION('',(1.,-2.22044604925031E-16,0.));
#3766=DIRECTION('',(1.54779304480518E-16,1.,0.));
#3767=DIRECTION('',(1.,-2.22044604925031E-16,0.));
#3768=DIRECTION('',(7.77156117237607E-16,1.,0.));
#3769=DIRECTION('',(1.,-2.22044604925031E-16,0.));
#3770=DIRECTION('',(4.53341068388606E-16,1.,0.));
#3771=DIRECTION('',(1.,-2.22044604925031E-16,0.));
#3772=DIRECTION('',(-0.707106781186542,-0.707106781186553,0.));
#3773=DIRECTION('center_axis',(0.,0.,-1.));
#3774=DIRECTION('ref_axis',(0.707106781186547,-0.707106781186547,0.));
#3775=DIRECTION('center_axis',(0.,0.,-1.));
#3776=DIRECTION('ref_axis',(-0.707106781186547,-0.707106781186548,0.));
#3777=DIRECTION('center_axis',(0.,0.,-1.));
#3778=DIRECTION('ref_axis',(0.707106781186548,0.707106781186547,0.));
#3779=DIRECTION('',(1.,2.22044604925031E-16,0.));
#3780=DIRECTION('',(-1.,0.,0.));
#3781=DIRECTION('center_axis',(0.,0.,1.));
#3782=DIRECTION('ref_axis',(1.,0.,0.));
#3783=DIRECTION('',(0.,1.,0.));
#3784=DIRECTION('',(-0.707106781186546,0.707106781186549,0.));
#3785=DIRECTION('',(0.,1.,0.));
#3786=DIRECTION('',(1.,4.33680868994201E-16,0.));
#3787=DIRECTION('',(0.,1.,0.));
#3788=DIRECTION('',(0.707106781186546,0.707106781186549,0.));
#3789=DIRECTION('',(0.,1.,0.));
#3790=DIRECTION('center_axis',(0.,0.,-1.));
#3791=DIRECTION('ref_axis',(-1.,0.,0.));
#3792=DIRECTION('',(-1.,2.22044604925031E-16,0.));
#3793=DIRECTION('',(-0.707106781186549,-0.707106781186546,0.));
#3794=DIRECTION('',(-1.,2.22044604925031E-16,0.));
#3795=DIRECTION('',(-2.1163626406917E-16,1.,0.));
#3796=DIRECTION('',(-1.,2.22044604925031E-16,0.));
#3797=DIRECTION('',(-0.707106781186549,0.707106781186546,0.));
#3798=DIRECTION('',(-1.,2.22044604925031E-16,0.));
#3799=DIRECTION('center_axis',(0.,0.,-1.));
#3800=DIRECTION('ref_axis',(-2.22044604925031E-16,-1.,0.));
#3801=DIRECTION('',(0.,-1.,0.));
#3802=DIRECTION('',(0.707106781186546,-0.707106781186549,0.));
#3803=DIRECTION('',(0.,-1.,0.));
#3804=DIRECTION('',(1.,-4.33680868994201E-16,0.));
#3805=DIRECTION('',(0.,-1.,0.));
#3806=DIRECTION('',(-0.707106781186546,-0.707106781186549,0.));
#3807=DIRECTION('center_axis',(0.,0.,-1.));
#3808=DIRECTION('ref_axis',(1.,0.,0.));
#3809=DIRECTION('center_axis',(-0.707106781186538,0.707106781186558,0.));
#3810=DIRECTION('ref_axis',(-0.707106781186558,-0.707106781186537,0.));
#3811=DIRECTION('',(0.,0.,1.));
#3812=DIRECTION('',(-0.707106781186558,-0.707106781186537,0.));
#3813=DIRECTION('',(0.,0.,1.));
#3814=DIRECTION('center_axis',(-2.22044604925031E-16,1.,0.));
#3815=DIRECTION('ref_axis',(-1.,2.22044604925031E-16,0.));
#3816=DIRECTION('',(0.,0.,1.));
#3817=DIRECTION('',(-1.,2.22044604925031E-16,0.));
#3818=DIRECTION('center_axis',(1.,-2.22044604925031E-16,0.));
#3819=DIRECTION('ref_axis',(-2.22044604925031E-16,1.,0.));
#3820=DIRECTION('',(0.,0.,1.));
#3821=DIRECTION('',(-2.22044604925031E-16,1.,0.));
#3822=DIRECTION('center_axis',(-3.7929147002667E-12,1.,0.));
#3823=DIRECTION('ref_axis',(-1.,-3.79247061105685E-12,0.));
#3824=DIRECTION('',(0.,0.,1.));
#3825=DIRECTION('',(-1.,-3.79247061105685E-12,0.));
#3826=DIRECTION('center_axis',(-1.,2.22044604925031E-16,0.));
#3827=DIRECTION('ref_axis',(2.22044604925031E-16,-1.,0.));
#3828=DIRECTION('',(0.,0.,1.));
#3829=DIRECTION('',(2.22044604925031E-16,-1.,0.));
#3830=DIRECTION('center_axis',(-2.22044604925031E-16,1.,0.));
#3831=DIRECTION('ref_axis',(-1.,2.22044604925031E-16,0.));
#3832=DIRECTION('',(0.,0.,1.));
#3833=DIRECTION('',(-1.,2.22044604925031E-16,0.));
#3834=DIRECTION('center_axis',(-1.,2.24878276083061E-16,0.));
#3835=DIRECTION('ref_axis',(2.19210933767002E-16,-1.,0.));
#3836=DIRECTION('',(0.,0.,1.));
#3837=DIRECTION('',(2.19210933767002E-16,-1.,0.));
#3838=DIRECTION('center_axis',(-0.707106781186558,0.707106781186537,0.));
#3839=DIRECTION('ref_axis',(-0.707106781186537,-0.707106781186558,0.));
#3840=DIRECTION('',(0.,0.,1.));
#3841=DIRECTION('',(-0.707106781186537,-0.707106781186558,0.));
#3842=DIRECTION('',(0.,0.,1.));
#3843=DIRECTION('center_axis',(-1.,0.,0.));
#3844=DIRECTION('ref_axis',(0.,-1.,0.));
#3845=DIRECTION('',(0.,-1.,0.));
#3846=DIRECTION('',(0.,0.,1.));
#3847=DIRECTION('center_axis',(0.,-1.,0.));
#3848=DIRECTION('ref_axis',(1.,0.,0.));
#3849=DIRECTION('',(1.,0.,0.));
#3850=DIRECTION('',(0.,0.,1.));
#3851=DIRECTION('center_axis',(-1.,3.79269265566178E-12,0.));
#3852=DIRECTION('ref_axis',(-3.79269265566178E-12,-1.,0.));
#3853=DIRECTION('',(-3.79269265566178E-12,-1.,0.));
#3854=DIRECTION('',(0.,0.,1.));
#3855=DIRECTION('center_axis',(0.,1.,0.));
#3856=DIRECTION('ref_axis',(-1.,0.,0.));
#3857=DIRECTION('',(-1.,0.,0.));
#3858=DIRECTION('',(0.,0.,1.));
#3859=DIRECTION('center_axis',(-1.,0.,0.));
#3860=DIRECTION('ref_axis',(0.,-1.,0.));
#3861=DIRECTION('',(0.,-1.,0.));
#3862=DIRECTION('',(0.,0.,1.));
#3863=DIRECTION('center_axis',(-2.83367115802928E-18,1.,0.));
#3864=DIRECTION('ref_axis',(-1.,-2.83367115802928E-18,0.));
#3865=DIRECTION('',(-1.,-2.83367115802928E-18,0.));
#3866=DIRECTION('',(0.,0.,1.));
#3867=DIRECTION('center_axis',(0.,0.,1.));
#3868=DIRECTION('ref_axis',(0.707106781186548,0.707106781186548,0.));
#3869=DIRECTION('center_axis',(0.,0.,-1.));
#3870=DIRECTION('ref_axis',(0.707106781186548,0.707106781186548,0.));
#3871=DIRECTION('center_axis',(0.707106781186542,0.707106781186553,0.));
#3872=DIRECTION('ref_axis',(-0.707106781186553,0.707106781186542,0.));
#3873=DIRECTION('',(0.,0.,1.));
#3874=DIRECTION('',(-0.707106781186553,0.707106781186542,0.));
#3875=DIRECTION('',(0.,0.,1.));
#3876=DIRECTION('center_axis',(6.3318696972575E-15,1.,0.));
#3877=DIRECTION('ref_axis',(-1.,6.3318696972575E-15,0.));
#3878=DIRECTION('',(-1.,6.3318696972575E-15,0.));
#3879=DIRECTION('center_axis',(-0.707106781186549,-0.707106781186546,0.));
#3880=DIRECTION('ref_axis',(0.707106781186546,-0.707106781186549,0.));
#3881=DIRECTION('',(0.,0.,1.));
#3882=DIRECTION('',(0.707106781186546,-0.707106781186549,0.));
#3883=DIRECTION('',(0.,0.,1.));
#3884=DIRECTION('center_axis',(-1.,0.,0.));
#3885=DIRECTION('ref_axis',(0.,-1.,0.));
#3886=DIRECTION('',(0.,-1.,0.));
#3887=DIRECTION('',(0.,0.,1.));
#3888=DIRECTION('center_axis',(1.,0.,0.));
#3889=DIRECTION('ref_axis',(0.,1.,0.));
#3890=DIRECTION('',(0.,0.,1.));
#3891=DIRECTION('',(0.,1.,0.));
#3892=DIRECTION('',(0.,0.,1.));
#3893=DIRECTION('center_axis',(5.55111512312575E-16,1.,0.));
#3894=DIRECTION('ref_axis',(-1.,5.55111512312575E-16,0.));
#3895=DIRECTION('',(-1.,5.55111512312575E-16,0.));
#3896=DIRECTION('',(0.,0.,1.));
#3897=DIRECTION('center_axis',(1.,0.,0.));
#3898=DIRECTION('ref_axis',(0.,1.,0.));
#3899=DIRECTION('',(0.,1.,0.));
#3900=DIRECTION('',(0.,0.,1.));
#3901=DIRECTION('center_axis',(-2.31296463463574E-16,-1.,0.));
#3902=DIRECTION('ref_axis',(1.,-2.31296463463574E-16,0.));
#3903=DIRECTION('',(1.,-2.31296463463574E-16,0.));
#3904=DIRECTION('',(0.,0.,1.));
#3905=DIRECTION('center_axis',(1.,0.,0.));
#3906=DIRECTION('ref_axis',(0.,1.,0.));
#3907=DIRECTION('',(0.,1.,0.));
#3908=DIRECTION('center_axis',(0.707106781186542,-0.707106781186553,0.));
#3909=DIRECTION('ref_axis',(0.707106781186553,0.707106781186542,0.));
#3910=DIRECTION('',(0.,0.,1.));
#3911=DIRECTION('',(0.707106781186553,0.707106781186542,0.));
#3912=DIRECTION('',(0.,0.,1.));
#3913=DIRECTION('center_axis',(0.,1.,0.));
#3914=DIRECTION('ref_axis',(-1.,0.,0.));
#3915=DIRECTION('',(0.,0.,1.));
#3916=DIRECTION('',(-1.,0.,0.));
#3917=DIRECTION('center_axis',(0.,0.,-1.));
#3918=DIRECTION('ref_axis',(1.,0.,0.));
#3919=DIRECTION('center_axis',(0.,0.,-1.));
#3920=DIRECTION('ref_axis',(1.,0.,0.));
#3921=DIRECTION('center_axis',(-0.707106781186549,0.707106781186546,0.));
#3922=DIRECTION('ref_axis',(-0.707106781186546,-0.707106781186549,0.));
#3923=DIRECTION('',(0.,0.,1.));
#3924=DIRECTION('',(-0.707106781186546,-0.707106781186549,0.));
#3925=DIRECTION('center_axis',(-1.,0.,0.));
#3926=DIRECTION('ref_axis',(0.,-1.,0.));
#3927=DIRECTION('',(0.,0.,1.));
#3928=DIRECTION('',(0.,-1.,0.));
#3929=DIRECTION('center_axis',(-4.33680868994201E-16,1.,0.));
#3930=DIRECTION('ref_axis',(-1.,-4.33680868994201E-16,0.));
#3931=DIRECTION('',(1.,-4.33680868994201E-16,0.));
#3932=DIRECTION('center_axis',(-6.72653004445131E-17,-1.,0.));
#3933=DIRECTION('ref_axis',(1.,-6.72653004445131E-17,0.));
#3934=DIRECTION('',(0.,0.,1.));
#3935=DIRECTION('',(1.,-6.72653004445131E-17,0.));
#3936=DIRECTION('center_axis',(1.,0.,0.));
#3937=DIRECTION('ref_axis',(0.,1.,0.));
#3938=DIRECTION('',(0.,0.,1.));
#3939=DIRECTION('',(0.,1.,0.));
#3940=DIRECTION('center_axis',(5.55111512312575E-16,-1.,0.));
#3941=DIRECTION('ref_axis',(1.,5.55111512312575E-16,0.));
#3942=DIRECTION('',(0.,0.,1.));
#3943=DIRECTION('',(1.,5.55111512312575E-16,0.));
#3944=DIRECTION('center_axis',(1.,0.,0.));
#3945=DIRECTION('ref_axis',(0.,1.,0.));
#3946=DIRECTION('',(0.,0.,1.));
#3947=DIRECTION('',(0.,1.,0.));
#3948=DIRECTION('center_axis',(-2.31296463463574E-16,1.,0.));
#3949=DIRECTION('ref_axis',(-1.,-2.31296463463574E-16,0.));
#3950=DIRECTION('',(0.,0.,1.));
#3951=DIRECTION('',(-1.,-2.31296463463574E-16,0.));
#3952=DIRECTION('center_axis',(1.,0.,0.));
#3953=DIRECTION('ref_axis',(0.,1.,0.));
#3954=DIRECTION('',(0.,1.,0.));
#3955=DIRECTION('center_axis',(2.22044604925031E-16,1.,0.));
#3956=DIRECTION('ref_axis',(-1.,2.22044604925031E-16,0.));
#3957=DIRECTION('',(0.,0.,1.));
#3958=DIRECTION('',(-1.,2.22044604925031E-16,0.));
#3959=DIRECTION('',(0.,0.,1.));
#3960=DIRECTION('center_axis',(0.,0.,-1.));
#3961=DIRECTION('ref_axis',(0.707106781186548,0.707106781186547,0.));
#3962=DIRECTION('center_axis',(0.,0.,-1.));
#3963=DIRECTION('ref_axis',(0.707106781186547,0.707106781186547,0.));
#3964=DIRECTION('',(0.,0.,-1.));
#3965=DIRECTION('center_axis',(-0.707106781186553,-0.707106781186542,0.));
#3966=DIRECTION('ref_axis',(0.707106781186542,-0.707106781186553,0.));
#3967=DIRECTION('',(0.,0.,1.));
#3968=DIRECTION('',(0.707106781186542,-0.707106781186553,0.));
#3969=DIRECTION('',(0.,0.,1.));
#3970=DIRECTION('center_axis',(-1.,-6.10982509233247E-15,0.));
#3971=DIRECTION('ref_axis',(6.10982509233247E-15,-1.,0.));
#3972=DIRECTION('',(2.22044604925031E-16,-1.,0.));
#3973=DIRECTION('center_axis',(1.,-2.22044604925031E-16,0.));
#3974=DIRECTION('ref_axis',(2.22044604925031E-16,1.,0.));
#3975=DIRECTION('',(0.,0.,1.));
#3976=DIRECTION('',(2.22044604925031E-16,1.,0.));
#3977=DIRECTION('center_axis',(0.,0.,-1.));
#3978=DIRECTION('ref_axis',(-2.22044604925031E-16,-1.,0.));
#3979=DIRECTION('center_axis',(0.,0.,-1.));
#3980=DIRECTION('ref_axis',(-2.22044604925031E-16,-1.,0.));
#3981=DIRECTION('center_axis',(0.707106781186546,0.707106781186549,0.));
#3982=DIRECTION('ref_axis',(-0.707106781186549,0.707106781186546,0.));
#3983=DIRECTION('',(0.,0.,1.));
#3984=DIRECTION('',(-0.707106781186549,0.707106781186546,0.));
#3985=DIRECTION('center_axis',(2.22044604925031E-16,1.,0.));
#3986=DIRECTION('ref_axis',(-1.,2.22044604925031E-16,0.));
#3987=DIRECTION('',(0.,0.,1.));
#3988=DIRECTION('',(-1.,2.22044604925031E-16,0.));
#3989=DIRECTION('center_axis',(-2.22044604925031E-16,-1.,0.));
#3990=DIRECTION('ref_axis',(1.,-2.22044604925031E-16,0.));
#3991=DIRECTION('',(0.,0.,1.));
#3992=DIRECTION('',(1.,-2.22044604925031E-16,0.));
#3993=DIRECTION('',(0.,0.,1.));
#3994=DIRECTION('center_axis',(-1.,-3.33066907387544E-16,0.));
#3995=DIRECTION('ref_axis',(3.33066907387544E-16,-1.,0.));
#3996=DIRECTION('',(0.,0.,1.));
#3997=DIRECTION('',(3.33066907387544E-16,-1.,0.));
#3998=DIRECTION('center_axis',(-2.22044604925031E-16,-1.,0.));
#3999=DIRECTION('ref_axis',(1.,-2.22044604925031E-16,0.));
#4000=DIRECTION('',(0.,0.,1.));
#4001=DIRECTION('',(1.,-2.22044604925031E-16,0.));
#4002=DIRECTION('center_axis',(1.,9.25185853854323E-18,0.));
#4003=DIRECTION('ref_axis',(-9.25185853854323E-18,1.,0.));
#4004=DIRECTION('',(0.,0.,1.));
#4005=DIRECTION('',(-9.25185853854323E-18,1.,0.));
#4006=DIRECTION('center_axis',(-2.22044604925031E-16,-1.,0.));
#4007=DIRECTION('ref_axis',(1.,-2.22044604925031E-16,0.));
#4008=DIRECTION('',(1.,-2.22044604925031E-16,0.));
#4009=DIRECTION('center_axis',(0.707106781186553,-0.707106781186542,0.));
#4010=DIRECTION('ref_axis',(0.707106781186542,0.707106781186553,0.));
#4011=DIRECTION('',(0.,0.,1.));
#4012=DIRECTION('',(0.707106781186542,0.707106781186553,0.));
#4013=DIRECTION('',(0.,0.,1.));
#4014=DIRECTION('center_axis',(1.,-6.55391430218253E-15,0.));
#4015=DIRECTION('ref_axis',(6.55391430218253E-15,1.,0.));
#4016=DIRECTION('',(6.55391430218253E-15,1.,0.));
#4017=DIRECTION('center_axis',(-0.707106781186546,0.707106781186549,0.));
#4018=DIRECTION('ref_axis',(-0.707106781186549,-0.707106781186546,0.));
#4019=DIRECTION('',(0.,0.,1.));
#4020=DIRECTION('',(-0.707106781186549,-0.707106781186546,0.));
#4021=DIRECTION('',(0.,0.,1.));
#4022=DIRECTION('center_axis',(2.22044604925031E-16,1.,0.));
#4023=DIRECTION('ref_axis',(-1.,2.22044604925031E-16,0.));
#4024=DIRECTION('',(-1.,2.22044604925031E-16,0.));
#4025=DIRECTION('',(0.,0.,1.));
#4026=DIRECTION('center_axis',(-1.,6.55725473919233E-16,0.));
#4027=DIRECTION('ref_axis',(-6.55725473919233E-16,-1.,0.));
#4028=DIRECTION('',(-2.1163626406917E-16,1.,0.));
#4029=DIRECTION('center_axis',(1.,-1.54779304480518E-16,0.));
#4030=DIRECTION('ref_axis',(1.54779304480518E-16,1.,0.));
#4031=DIRECTION('',(1.54779304480518E-16,1.,0.));
#4032=DIRECTION('',(0.,0.,1.));
#4033=DIRECTION('center_axis',(-2.22044604925031E-16,-1.,0.));
#4034=DIRECTION('ref_axis',(1.,-2.22044604925031E-16,0.));
#4035=DIRECTION('',(1.,-2.22044604925031E-16,0.));
#4036=DIRECTION('',(0.,0.,1.));
#4037=DIRECTION('center_axis',(1.,-7.77156117237607E-16,0.));
#4038=DIRECTION('ref_axis',(7.77156117237607E-16,1.,0.));
#4039=DIRECTION('',(7.77156117237607E-16,1.,0.));
#4040=DIRECTION('',(0.,0.,1.));
#4041=DIRECTION('center_axis',(-2.22044604925031E-16,-1.,0.));
#4042=DIRECTION('ref_axis',(1.,-2.22044604925031E-16,0.));
#4043=DIRECTION('',(1.,-2.22044604925031E-16,0.));
#4044=DIRECTION('',(0.,0.,1.));
#4045=DIRECTION('center_axis',(-1.,4.53341068388606E-16,0.));
#4046=DIRECTION('ref_axis',(-4.53341068388606E-16,-1.,0.));
#4047=DIRECTION('',(-4.53341068388606E-16,-1.,0.));
#4048=DIRECTION('',(0.,0.,1.));
#4049=DIRECTION('center_axis',(-2.22044604925031E-16,-1.,0.));
#4050=DIRECTION('ref_axis',(1.,-2.22044604925031E-16,0.));
#4051=DIRECTION('',(1.,-2.22044604925031E-16,0.));
#4052=DIRECTION('center_axis',(1.,0.,0.));
#4053=DIRECTION('ref_axis',(0.,1.,0.));
#4054=DIRECTION('',(0.,0.,1.));
#4055=DIRECTION('',(0.,1.,0.));
#4056=DIRECTION('',(0.,0.,1.));
#4057=DIRECTION('center_axis',(0.,0.,-1.));
#4058=DIRECTION('ref_axis',(0.707106781186547,-0.707106781186547,0.));
#4059=DIRECTION('center_axis',(0.,0.,-1.));
#4060=DIRECTION('ref_axis',(0.707106781186547,-0.707106781186548,0.));
#4061=DIRECTION('',(0.,0.,-1.));
#4062=DIRECTION('center_axis',(-0.707106781186542,0.707106781186553,0.));
#4063=DIRECTION('ref_axis',(-0.707106781186553,-0.707106781186542,0.));
#4064=DIRECTION('',(0.,0.,1.));
#4065=DIRECTION('',(-0.707106781186553,-0.707106781186542,0.));
#4066=DIRECTION('',(0.,0.,1.));
#4067=DIRECTION('center_axis',(-6.3318696972575E-15,1.,0.));
#4068=DIRECTION('ref_axis',(-1.,-6.3318696972575E-15,0.));
#4069=DIRECTION('',(-1.,0.,0.));
#4070=DIRECTION('center_axis',(0.,-1.,0.));
#4071=DIRECTION('ref_axis',(1.,0.,0.));
#4072=DIRECTION('',(0.,0.,1.));
#4073=DIRECTION('',(1.,0.,0.));
#4074=DIRECTION('center_axis',(0.,0.,-1.));
#4075=DIRECTION('ref_axis',(-1.,0.,0.));
#4076=DIRECTION('center_axis',(0.,0.,-1.));
#4077=DIRECTION('ref_axis',(-1.,0.,0.));
#4078=DIRECTION('center_axis',(0.707106781186549,-0.707106781186546,0.));
#4079=DIRECTION('ref_axis',(0.707106781186546,0.707106781186549,0.));
#4080=DIRECTION('',(0.,0.,1.));
#4081=DIRECTION('',(0.707106781186546,0.707106781186549,0.));
#4082=DIRECTION('center_axis',(1.,0.,0.));
#4083=DIRECTION('ref_axis',(0.,1.,0.));
#4084=DIRECTION('',(0.,0.,1.));
#4085=DIRECTION('',(0.,1.,0.));
#4086=DIRECTION('center_axis',(-1.,0.,0.));
#4087=DIRECTION('ref_axis',(0.,-1.,0.));
#4088=DIRECTION('',(0.,0.,1.));
#4089=DIRECTION('',(0.,-1.,0.));
#4090=DIRECTION('',(0.,0.,1.));
#4091=DIRECTION('center_axis',(-5.55111512312575E-16,1.,0.));
#4092=DIRECTION('ref_axis',(-1.,-5.55111512312575E-16,0.));
#4093=DIRECTION('',(0.,0.,1.));
#4094=DIRECTION('',(-1.,-5.55111512312575E-16,0.));
#4095=DIRECTION('center_axis',(-1.,0.,0.));
#4096=DIRECTION('ref_axis',(0.,-1.,0.));
#4097=DIRECTION('',(0.,0.,1.));
#4098=DIRECTION('',(0.,-1.,0.));
#4099=DIRECTION('center_axis',(2.31296463463574E-16,-1.,0.));
#4100=DIRECTION('ref_axis',(1.,2.31296463463574E-16,0.));
#4101=DIRECTION('',(0.,0.,1.));
#4102=DIRECTION('',(1.,2.31296463463574E-16,0.));
#4103=DIRECTION('center_axis',(-1.,0.,0.));
#4104=DIRECTION('ref_axis',(0.,-1.,0.));
#4105=DIRECTION('',(0.,-1.,0.));
#4106=DIRECTION('center_axis',(-0.707106781186542,-0.707106781186553,0.));
#4107=DIRECTION('ref_axis',(0.707106781186553,-0.707106781186542,0.));
#4108=DIRECTION('',(0.,0.,1.));
#4109=DIRECTION('',(0.707106781186553,-0.707106781186542,0.));
#4110=DIRECTION('',(0.,0.,1.));
#4111=DIRECTION('center_axis',(0.,1.,0.));
#4112=DIRECTION('ref_axis',(-1.,0.,0.));
#4113=DIRECTION('',(-1.,0.,0.));
#4114=DIRECTION('',(0.,0.,1.));
#4115=DIRECTION('center_axis',(0.,0.,1.));
#4116=DIRECTION('ref_axis',(1.,0.,0.));
#4117=DIRECTION('center_axis',(0.,0.,1.));
#4118=DIRECTION('ref_axis',(1.,0.,0.));
#4119=DIRECTION('',(0.,0.,1.));
#4120=DIRECTION('center_axis',(1.,0.,0.));
#4121=DIRECTION('ref_axis',(0.,1.,0.));
#4122=DIRECTION('',(0.,1.,0.));
#4123=DIRECTION('',(0.,0.,1.));
#4124=DIRECTION('center_axis',(0.707106781186549,0.707106781186546,0.));
#4125=DIRECTION('ref_axis',(-0.707106781186546,0.707106781186549,0.));
#4126=DIRECTION('',(-0.707106781186546,0.707106781186549,0.));
#4127=DIRECTION('',(0.,0.,1.));
#4128=DIRECTION('center_axis',(1.,0.,0.));
#4129=DIRECTION('ref_axis',(0.,1.,0.));
#4130=DIRECTION('',(0.,1.,0.));
#4131=DIRECTION('',(0.,0.,1.));
#4132=DIRECTION('center_axis',(4.33680868994201E-16,1.,0.));
#4133=DIRECTION('ref_axis',(-1.,4.33680868994201E-16,0.));
#4134=DIRECTION('',(1.,4.33680868994201E-16,0.));
#4135=DIRECTION('center_axis',(6.72653004445131E-17,-1.,0.));
#4136=DIRECTION('ref_axis',(1.,6.72653004445131E-17,0.));
#4137=DIRECTION('',(1.,6.72653004445131E-17,0.));
#4138=DIRECTION('',(0.,0.,1.));
#4139=DIRECTION('center_axis',(-1.,0.,0.));
#4140=DIRECTION('ref_axis',(0.,-1.,0.));
#4141=DIRECTION('',(0.,-1.,0.));
#4142=DIRECTION('',(0.,0.,1.));
#4143=DIRECTION('center_axis',(-5.55111512312575E-16,-1.,0.));
#4144=DIRECTION('ref_axis',(1.,-5.55111512312575E-16,0.));
#4145=DIRECTION('',(1.,-5.55111512312575E-16,0.));
#4146=DIRECTION('',(0.,0.,1.));
#4147=DIRECTION('center_axis',(-1.,0.,0.));
#4148=DIRECTION('ref_axis',(0.,-1.,0.));
#4149=DIRECTION('',(0.,-1.,0.));
#4150=DIRECTION('',(0.,0.,1.));
#4151=DIRECTION('center_axis',(2.31296463463574E-16,1.,0.));
#4152=DIRECTION('ref_axis',(-1.,2.31296463463574E-16,0.));
#4153=DIRECTION('',(-1.,2.31296463463574E-16,0.));
#4154=DIRECTION('',(0.,0.,1.));
#4155=DIRECTION('center_axis',(-1.,0.,0.));
#4156=DIRECTION('ref_axis',(0.,-1.,0.));
#4157=DIRECTION('',(0.,-1.,0.));
#4158=DIRECTION('center_axis',(1.,-2.22044604925031E-16,0.));
#4159=DIRECTION('ref_axis',(-2.22044604925031E-16,1.,0.));
#4160=DIRECTION('',(0.,0.,1.));
#4161=DIRECTION('',(-2.22044604925031E-16,1.,0.));
#4162=DIRECTION('center_axis',(0.707106781186538,-0.707106781186558,0.));
#4163=DIRECTION('ref_axis',(0.707106781186558,0.707106781186537,0.));
#4164=DIRECTION('',(0.,0.,1.));
#4165=DIRECTION('',(0.707106781186558,0.707106781186537,0.));
#4166=DIRECTION('center_axis',(2.22044604925031E-16,-1.,0.));
#4167=DIRECTION('ref_axis',(1.,-2.22044604925031E-16,0.));
#4168=DIRECTION('',(0.,0.,1.));
#4169=DIRECTION('',(1.,-2.22044604925031E-16,0.));
#4170=DIRECTION('center_axis',(-1.,2.22044604925031E-16,0.));
#4171=DIRECTION('ref_axis',(2.22044604925031E-16,-1.,0.));
#4172=DIRECTION('',(0.,0.,1.));
#4173=DIRECTION('',(2.22044604925031E-16,-1.,0.));
#4174=DIRECTION('center_axis',(3.7929147002667E-12,-1.,0.));
#4175=DIRECTION('ref_axis',(1.,3.79247061105685E-12,0.));
#4176=DIRECTION('',(0.,0.,1.));
#4177=DIRECTION('',(1.,3.79247061105685E-12,0.));
#4178=DIRECTION('center_axis',(1.,-2.22044604925031E-16,0.));
#4179=DIRECTION('ref_axis',(-2.22044604925031E-16,1.,0.));
#4180=DIRECTION('',(0.,0.,1.));
#4181=DIRECTION('',(-2.22044604925031E-16,1.,0.));
#4182=DIRECTION('center_axis',(2.22044604925031E-16,-1.,0.));
#4183=DIRECTION('ref_axis',(1.,-2.22044604925031E-16,0.));
#4184=DIRECTION('',(0.,0.,1.));
#4185=DIRECTION('',(1.,-2.22044604925031E-16,0.));
#4186=DIRECTION('center_axis',(1.,-2.24878276083061E-16,0.));
#4187=DIRECTION('ref_axis',(-2.19210933767002E-16,1.,0.));
#4188=DIRECTION('',(0.,0.,1.));
#4189=DIRECTION('',(-2.19210933767002E-16,1.,0.));
#4190=DIRECTION('center_axis',(0.,0.,1.));
#4191=DIRECTION('ref_axis',(-0.707106781186547,-0.707106781186547,0.));
#4192=DIRECTION('center_axis',(0.,0.,1.));
#4193=DIRECTION('ref_axis',(-0.707106781186547,-0.707106781186548,0.));
#4194=DIRECTION('',(0.,0.,-1.));
#4195=DIRECTION('center_axis',(0.,-1.,0.));
#4196=DIRECTION('ref_axis',(1.,0.,0.));
#4197=DIRECTION('',(1.,0.,0.));
#4198=DIRECTION('',(0.,0.,1.));
#4199=DIRECTION('center_axis',(0.707106781186558,-0.707106781186537,0.));
#4200=DIRECTION('ref_axis',(0.707106781186537,0.707106781186558,0.));
#4201=DIRECTION('',(0.707106781186537,0.707106781186558,0.));
#4202=DIRECTION('',(0.,0.,1.));
#4203=DIRECTION('center_axis',(1.,0.,0.));
#4204=DIRECTION('ref_axis',(0.,1.,0.));
#4205=DIRECTION('',(0.,1.,0.));
#4206=DIRECTION('',(0.,0.,1.));
#4207=DIRECTION('center_axis',(0.,1.,0.));
#4208=DIRECTION('ref_axis',(-1.,0.,0.));
#4209=DIRECTION('',(-1.,0.,0.));
#4210=DIRECTION('',(0.,0.,1.));
#4211=DIRECTION('center_axis',(1.,-3.79269265566178E-12,0.));
#4212=DIRECTION('ref_axis',(3.79269265566178E-12,1.,0.));
#4213=DIRECTION('',(3.79269265566178E-12,1.,0.));
#4214=DIRECTION('',(0.,0.,1.));
#4215=DIRECTION('center_axis',(0.,-1.,0.));
#4216=DIRECTION('ref_axis',(1.,0.,0.));
#4217=DIRECTION('',(1.,0.,0.));
#4218=DIRECTION('',(0.,0.,1.));
#4219=DIRECTION('center_axis',(1.,0.,0.));
#4220=DIRECTION('ref_axis',(0.,1.,0.));
#4221=DIRECTION('',(0.,1.,0.));
#4222=DIRECTION('',(0.,0.,1.));
#4223=DIRECTION('center_axis',(2.83367115802928E-18,-1.,0.));
#4224=DIRECTION('ref_axis',(1.,2.83367115802928E-18,0.));
#4225=DIRECTION('',(1.,2.83367115802928E-18,0.));
#4226=DIRECTION('',(0.,0.,1.));
#4227=DIRECTION('center_axis',(0.,0.,1.));
#4228=DIRECTION('ref_axis',(-0.707106781186548,-0.707106781186548,0.));
#4229=DIRECTION('center_axis',(0.,0.,-1.));
#4230=DIRECTION('ref_axis',(-0.707106781186548,-0.707106781186548,0.));
#4231=DIRECTION('center_axis',(-1.,-2.22044604925031E-16,0.));
#4232=DIRECTION('ref_axis',(-2.22044604925031E-16,-1.,0.));
#4233=DIRECTION('',(-6.10982509233247E-15,-1.,0.));
#4234=DIRECTION('',(0.,0.,1.));
#4235=DIRECTION('center_axis',(-0.707106781186538,-0.707106781186558,0.));
#4236=DIRECTION('ref_axis',(0.707106781186558,-0.707106781186537,0.));
#4237=DIRECTION('',(0.707106781186558,-0.707106781186537,0.));
#4238=DIRECTION('',(0.,0.,1.));
#4239=DIRECTION('center_axis',(-2.22044604925031E-16,-1.,0.));
#4240=DIRECTION('ref_axis',(1.,2.22044604925031E-16,0.));
#4241=DIRECTION('',(1.,2.22044604925031E-16,0.));
#4242=DIRECTION('',(0.,0.,1.));
#4243=DIRECTION('center_axis',(1.,2.22044604925031E-16,0.));
#4244=DIRECTION('ref_axis',(2.22044604925031E-16,1.,0.));
#4245=DIRECTION('',(2.22044604925031E-16,1.,0.));
#4246=DIRECTION('',(0.,0.,1.));
#4247=DIRECTION('center_axis',(-3.7929147002667E-12,-1.,0.));
#4248=DIRECTION('ref_axis',(1.,-3.79247061105685E-12,0.));
#4249=DIRECTION('',(1.,-3.79247061105685E-12,0.));
#4250=DIRECTION('',(0.,0.,1.));
#4251=DIRECTION('center_axis',(-1.,-2.22044604925031E-16,0.));
#4252=DIRECTION('ref_axis',(-2.22044604925031E-16,-1.,0.));
#4253=DIRECTION('',(-2.22044604925031E-16,-1.,0.));
#4254=DIRECTION('',(0.,0.,1.));
#4255=DIRECTION('center_axis',(-2.22044604925031E-16,-1.,0.));
#4256=DIRECTION('ref_axis',(1.,2.22044604925031E-16,0.));
#4257=DIRECTION('',(1.,2.22044604925031E-16,0.));
#4258=DIRECTION('',(0.,0.,1.));
#4259=DIRECTION('center_axis',(-1.,-2.24878276083061E-16,0.));
#4260=DIRECTION('ref_axis',(-2.19210933767002E-16,-1.,0.));
#4261=DIRECTION('',(-2.19210933767002E-16,-1.,0.));
#4262=DIRECTION('',(0.,0.,1.));
#4263=DIRECTION('center_axis',(0.,-1.,0.));
#4264=DIRECTION('ref_axis',(1.,0.,0.));
#4265=DIRECTION('',(0.,0.,1.));
#4266=DIRECTION('',(1.,0.,0.));
#4267=DIRECTION('center_axis',(-0.707106781186558,-0.707106781186537,0.));
#4268=DIRECTION('ref_axis',(0.707106781186537,-0.707106781186558,0.));
#4269=DIRECTION('',(0.,0.,1.));
#4270=DIRECTION('',(0.707106781186537,-0.707106781186558,0.));
#4271=DIRECTION('center_axis',(-1.,0.,0.));
#4272=DIRECTION('ref_axis',(0.,-1.,0.));
#4273=DIRECTION('',(0.,0.,1.));
#4274=DIRECTION('',(0.,-1.,0.));
#4275=DIRECTION('center_axis',(0.,1.,0.));
#4276=DIRECTION('ref_axis',(-1.,0.,0.));
#4277=DIRECTION('',(0.,0.,1.));
#4278=DIRECTION('',(-1.,0.,0.));
#4279=DIRECTION('center_axis',(-1.,-3.79269265566178E-12,0.));
#4280=DIRECTION('ref_axis',(3.79269265566178E-12,-1.,0.));
#4281=DIRECTION('',(0.,0.,1.));
#4282=DIRECTION('',(3.79269265566178E-12,-1.,0.));
#4283=DIRECTION('center_axis',(0.,-1.,0.));
#4284=DIRECTION('ref_axis',(1.,0.,0.));
#4285=DIRECTION('',(0.,0.,1.));
#4286=DIRECTION('',(1.,0.,0.));
#4287=DIRECTION('center_axis',(-1.,0.,0.));
#4288=DIRECTION('ref_axis',(0.,-1.,0.));
#4289=DIRECTION('',(0.,0.,1.));
#4290=DIRECTION('',(0.,-1.,0.));
#4291=DIRECTION('center_axis',(-2.83367115802928E-18,-1.,0.));
#4292=DIRECTION('ref_axis',(1.,-2.83367115802928E-18,0.));
#4293=DIRECTION('',(0.,0.,1.));
#4294=DIRECTION('',(1.,-2.83367115802928E-18,0.));
#4295=DIRECTION('center_axis',(0.,0.,-1.));
#4296=DIRECTION('ref_axis',(-0.707106781186548,0.707106781186548,0.));
#4297=DIRECTION('center_axis',(0.,0.,1.));
#4298=DIRECTION('ref_axis',(-0.707106781186548,0.707106781186548,0.));
#4299=DIRECTION('center_axis',(0.,0.,-1.));
#4300=DIRECTION('ref_axis',(1.,0.,0.));
#4301=CARTESIAN_POINT('',(0.,0.,0.));
#4302=CARTESIAN_POINT('Origin',(36.3690574952425,4.5501813203,0.));
#4303=CARTESIAN_POINT('',(36.3690574952425,4.5501813203,0.));
#4304=CARTESIAN_POINT('',(33.9,7.01923881554244,0.));
#4305=CARTESIAN_POINT('',(36.3690574952425,4.5501813203,0.));
#4306=CARTESIAN_POINT('',(33.9,7.01923881554244,100.));
#4307=CARTESIAN_POINT('',(33.9,7.01923881554244,0.));
#4308=CARTESIAN_POINT('',(36.3690574952425,4.5501813203,100.));
#4309=CARTESIAN_POINT('',(36.3690574952425,4.5501813203,100.));
#4310=CARTESIAN_POINT('',(36.3690574952425,4.5501813203,0.));
#4311=CARTESIAN_POINT('Origin',(38.2,4.5501813203,0.));
#4312=CARTESIAN_POINT('',(38.2,4.5501813203,0.));
#4313=CARTESIAN_POINT('',(38.2,4.5501813203,0.));
#4314=CARTESIAN_POINT('',(38.2,4.5501813203,100.));
#4315=CARTESIAN_POINT('',(38.2,4.5501813203,100.));
#4316=CARTESIAN_POINT('',(38.2,4.5501813203,0.));
#4317=CARTESIAN_POINT('Origin',(38.2,6.9501813203,0.));
#4318=CARTESIAN_POINT('',(38.2,6.9501813203,0.));
#4319=CARTESIAN_POINT('',(38.2,4.5501813203,0.));
#4320=CARTESIAN_POINT('',(38.2,6.9501813203,100.));
#4321=CARTESIAN_POINT('',(38.2,4.5501813203,100.));
#4322=CARTESIAN_POINT('',(38.2,6.9501813203,0.));
#4323=CARTESIAN_POINT('Origin',(39.5,6.95018132029507,0.));
#4324=CARTESIAN_POINT('',(39.5,6.95018132029507,0.));
#4325=CARTESIAN_POINT('',(39.5,6.95018132029507,0.));
#4326=CARTESIAN_POINT('',(39.5,6.95018132029507,100.));
#4327=CARTESIAN_POINT('',(39.5,6.95018132029507,100.));
#4328=CARTESIAN_POINT('',(39.5,6.95018132029507,0.));
#4329=CARTESIAN_POINT('Origin',(39.5,6.45018132029507,0.));
#4330=CARTESIAN_POINT('',(39.5,6.45018132029507,0.));
#4331=CARTESIAN_POINT('',(39.5,6.45018132029507,0.));
#4332=CARTESIAN_POINT('',(39.5,6.45018132029507,100.));
#4333=CARTESIAN_POINT('',(39.5,6.45018132029507,100.));
#4334=CARTESIAN_POINT('',(39.5,6.45018132029507,0.));
#4335=CARTESIAN_POINT('Origin',(40.,6.45018132029507,0.));
#4336=CARTESIAN_POINT('',(40.,6.45018132029507,0.));
#4337=CARTESIAN_POINT('',(40.,6.45018132029507,0.));
#4338=CARTESIAN_POINT('',(40.,6.45018132029507,100.));
#4339=CARTESIAN_POINT('',(40.,6.45018132029507,100.));
#4340=CARTESIAN_POINT('',(40.,6.45018132029507,0.));
#4341=CARTESIAN_POINT('Origin',(40.,1.50000001341104,0.));
#4342=CARTESIAN_POINT('',(40.,1.50000001341104,0.));
#4343=CARTESIAN_POINT('',(40.,1.50000001341104,0.));
#4344=CARTESIAN_POINT('',(40.,1.50000001341104,100.));
#4345=CARTESIAN_POINT('',(40.,1.50000001341104,100.));
#4346=CARTESIAN_POINT('',(40.,1.50000001341104,0.));
#4347=CARTESIAN_POINT('Origin',(35.4498186797,3.63094250475749,0.));
#4348=CARTESIAN_POINT('',(35.4498186797,3.63094250475749,0.));
#4349=CARTESIAN_POINT('',(32.9807611844576,6.1,0.));
#4350=CARTESIAN_POINT('',(35.4498186797,3.63094250475749,0.));
#4351=CARTESIAN_POINT('',(35.4498186797,3.63094250475749,100.));
#4352=CARTESIAN_POINT('',(35.4498186797,3.63094250475749,0.));
#4353=CARTESIAN_POINT('',(32.9807611844576,6.1,100.));
#4354=CARTESIAN_POINT('',(35.4498186797,3.63094250475749,100.));
#4355=CARTESIAN_POINT('',(32.9807611844576,6.1,0.));
#4356=CARTESIAN_POINT('Origin',(35.4498186797,1.8,0.));
#4357=CARTESIAN_POINT('',(35.4498186797,1.8,0.));
#4358=CARTESIAN_POINT('',(35.4498186797,1.8,0.));
#4359=CARTESIAN_POINT('',(35.4498186797,1.8,100.));
#4360=CARTESIAN_POINT('',(35.4498186797,1.8,0.));
#4361=CARTESIAN_POINT('',(35.4498186797,1.8,100.));
#4362=CARTESIAN_POINT('Origin',(33.0498186797,1.8,0.));
#4363=CARTESIAN_POINT('',(33.0498186797,1.8,0.));
#4364=CARTESIAN_POINT('',(35.4498186797,1.8,0.));
#4365=CARTESIAN_POINT('',(33.0498186797,1.8,100.));
#4366=CARTESIAN_POINT('',(33.0498186797,1.8,0.));
#4367=CARTESIAN_POINT('',(35.4498186797,1.8,100.));
#4368=CARTESIAN_POINT('Origin',(33.0498186797049,0.499999999999998,0.));
#4369=CARTESIAN_POINT('',(33.0498186797049,0.499999999999998,0.));
#4370=CARTESIAN_POINT('',(33.0498186797049,0.499999999999998,0.));
#4371=CARTESIAN_POINT('',(33.0498186797049,0.499999999999998,100.));
#4372=CARTESIAN_POINT('',(33.0498186797049,0.499999999999998,0.));
#4373=CARTESIAN_POINT('',(33.0498186797049,0.499999999999998,100.));
#4374=CARTESIAN_POINT('Origin',(33.5498186797049,0.499999999999998,0.));
#4375=CARTESIAN_POINT('',(33.5498186797049,0.499999999999998,0.));
#4376=CARTESIAN_POINT('',(33.5498186797049,0.499999999999998,0.));
#4377=CARTESIAN_POINT('',(33.5498186797049,0.499999999999998,100.));
#4378=CARTESIAN_POINT('',(33.5498186797049,0.499999999999998,0.));
#4379=CARTESIAN_POINT('',(33.5498186797049,0.499999999999998,100.));
#4380=CARTESIAN_POINT('Origin',(33.5498186797049,0.,0.));
#4381=CARTESIAN_POINT('',(33.5498186797049,0.,0.));
#4382=CARTESIAN_POINT('',(33.5498186797049,0.,0.));
#4383=CARTESIAN_POINT('',(33.5498186797049,0.,100.));
#4384=CARTESIAN_POINT('',(33.5498186797049,0.,0.));
#4385=CARTESIAN_POINT('',(33.5498186797049,0.,100.));
#4386=CARTESIAN_POINT('Origin',(38.499999986589,-1.4027185996333E-17,0.));
#4387=CARTESIAN_POINT('',(38.499999986589,-1.4027185996333E-17,0.));
#4388=CARTESIAN_POINT('',(38.499999986589,-1.4027185996333E-17,0.));
#4389=CARTESIAN_POINT('',(38.499999986589,0.,100.));
#4390=CARTESIAN_POINT('',(38.499999986589,-1.4027185996333E-17,0.));
#4391=CARTESIAN_POINT('',(38.499999986589,-1.4027185996333E-17,100.));
#4392=CARTESIAN_POINT('Origin',(38.499999986589,1.50000001341104,0.));
#4393=CARTESIAN_POINT('Origin',(38.499999986589,1.50000001341104,0.));
#4394=CARTESIAN_POINT('Origin',(38.499999986589,1.50000001341104,100.));
#4395=CARTESIAN_POINT('Origin',(6.09999999999998,27.0192388155425,0.));
#4396=CARTESIAN_POINT('',(3.58076118445749,24.5,0.));
#4397=CARTESIAN_POINT('',(6.09999999999998,27.0192388155425,0.));
#4398=CARTESIAN_POINT('',(3.58076118445749,24.5,0.));
#4399=CARTESIAN_POINT('',(3.58076118445749,24.5,100.));
#4400=CARTESIAN_POINT('',(3.58076118445749,24.5,0.));
#4401=CARTESIAN_POINT('',(6.09999999999998,27.0192388155425,100.));
#4402=CARTESIAN_POINT('',(3.58076118445749,24.5,100.));
#4403=CARTESIAN_POINT('',(6.09999999999998,27.0192388155425,0.));
#4404=CARTESIAN_POINT('Origin',(4.11923881554251,23.2,0.));
#4405=CARTESIAN_POINT('',(4.11923881554251,23.2,0.));
#4406=CARTESIAN_POINT('',(7.01923881554252,26.1,0.));
#4407=CARTESIAN_POINT('',(4.11923881554251,23.2,0.));
#4408=CARTESIAN_POINT('',(7.01923881554252,26.1,100.));
#4409=CARTESIAN_POINT('',(7.01923881554252,26.1,0.));
#4410=CARTESIAN_POINT('',(4.11923881554251,23.2,100.));
#4411=CARTESIAN_POINT('',(4.11923881554251,23.2,100.));
#4412=CARTESIAN_POINT('',(4.11923881554251,23.2,0.));
#4413=CARTESIAN_POINT('Origin',(1.79999999999999,23.2,0.));
#4414=CARTESIAN_POINT('',(1.79999999999999,23.2,0.));
#4415=CARTESIAN_POINT('',(1.79999999999999,23.2,0.));
#4416=CARTESIAN_POINT('',(1.79999999999999,23.2,100.));
#4417=CARTESIAN_POINT('',(1.79999999999999,23.2,100.));
#4418=CARTESIAN_POINT('',(1.79999999999999,23.2,0.));
#4419=CARTESIAN_POINT('Origin',(0.499999999999994,26.4,0.));
#4420=CARTESIAN_POINT('',(0.499999999999994,26.4,0.));
#4421=CARTESIAN_POINT('',(-6.65995036897016E-15,26.4,0.));
#4422=CARTESIAN_POINT('',(0.499999999999994,26.4,0.));
#4423=CARTESIAN_POINT('',(-6.4170890823334E-15,26.4,100.));
#4424=CARTESIAN_POINT('',(-6.65995036897016E-15,26.4,0.));
#4425=CARTESIAN_POINT('',(0.499999999999994,26.4,100.));
#4426=CARTESIAN_POINT('',(0.499999999999994,26.4,100.));
#4427=CARTESIAN_POINT('',(0.499999999999994,26.4,0.));
#4428=CARTESIAN_POINT('Origin',(0.499999999999994,26.9,0.));
#4429=CARTESIAN_POINT('',(0.499999999999994,26.9,0.));
#4430=CARTESIAN_POINT('',(0.499999999999994,26.9,0.));
#4431=CARTESIAN_POINT('',(0.499999999999994,26.9,100.));
#4432=CARTESIAN_POINT('',(0.499999999999994,26.9,100.));
#4433=CARTESIAN_POINT('',(0.499999999999994,26.9,0.));
#4434=CARTESIAN_POINT('Origin',(1.79999999999999,26.9,0.));
#4435=CARTESIAN_POINT('',(1.79999999999999,26.9,0.));
#4436=CARTESIAN_POINT('',(1.79999999999999,26.9,0.));
#4437=CARTESIAN_POINT('',(1.79999999999999,26.9,100.));
#4438=CARTESIAN_POINT('',(1.79999999999999,26.9,100.));
#4439=CARTESIAN_POINT('',(1.79999999999999,26.9,0.));
#4440=CARTESIAN_POINT('Origin',(1.79999999999999,24.5,0.));
#4441=CARTESIAN_POINT('',(1.79999999999999,24.5,0.));
#4442=CARTESIAN_POINT('',(1.79999999999999,26.9,0.));
#4443=CARTESIAN_POINT('',(1.79999999999999,24.5,100.));
#4444=CARTESIAN_POINT('',(1.79999999999999,26.9,100.));
#4445=CARTESIAN_POINT('',(1.79999999999999,24.5,0.));
#4446=CARTESIAN_POINT('Origin',(3.58076118445749,24.5,0.));
#4447=CARTESIAN_POINT('',(3.58076118445749,24.5,0.));
#4448=CARTESIAN_POINT('',(3.58076118445749,24.5,100.));
#4449=CARTESIAN_POINT('Origin',(6.09999999999998,12.9807611844575,0.));
#4450=CARTESIAN_POINT('',(3.58076118445749,15.5,0.));
#4451=CARTESIAN_POINT('',(6.09999999999998,12.9807611844575,0.));
#4452=CARTESIAN_POINT('',(3.58076118445749,15.5,0.));
#4453=CARTESIAN_POINT('',(6.09999999999998,12.9807611844575,100.));
#4454=CARTESIAN_POINT('',(6.09999999999998,12.9807611844575,0.));
#4455=CARTESIAN_POINT('',(3.58076118445749,15.5,100.));
#4456=CARTESIAN_POINT('',(3.58076118445749,15.5,100.));
#4457=CARTESIAN_POINT('',(3.58076118445749,15.5,0.));
#4458=CARTESIAN_POINT('Origin',(4.11923881554251,16.8,0.));
#4459=CARTESIAN_POINT('',(4.11923881554251,16.8,0.));
#4460=CARTESIAN_POINT('',(7.01923881554252,13.9,0.));
#4461=CARTESIAN_POINT('',(4.11923881554251,16.8,0.));
#4462=CARTESIAN_POINT('',(4.11923881554251,16.8,100.));
#4463=CARTESIAN_POINT('',(4.11923881554251,16.8,0.));
#4464=CARTESIAN_POINT('',(7.01923881554252,13.9,100.));
#4465=CARTESIAN_POINT('',(4.11923881554251,16.8,100.));
#4466=CARTESIAN_POINT('',(7.01923881554252,13.9,0.));
#4467=CARTESIAN_POINT('Origin',(1.8,16.8,0.));
#4468=CARTESIAN_POINT('',(1.8,16.8,0.));
#4469=CARTESIAN_POINT('',(1.8,16.8,0.));
#4470=CARTESIAN_POINT('',(1.8,16.8,100.));
#4471=CARTESIAN_POINT('',(1.8,16.8,0.));
#4472=CARTESIAN_POINT('',(1.8,16.8,100.));
#4473=CARTESIAN_POINT('Origin',(1.79999999999999,20.,0.));
#4474=CARTESIAN_POINT('',(1.79999999999999,20.,0.));
#4475=CARTESIAN_POINT('',(1.79999999999999,20.,100.));
#4476=CARTESIAN_POINT('Origin',(-3.81777942592976E-15,13.6,0.));
#4477=CARTESIAN_POINT('',(-3.81777942592976E-15,13.6,0.));
#4478=CARTESIAN_POINT('',(-3.81777942592976E-15,13.6,0.));
#4479=CARTESIAN_POINT('',(-3.574918139293E-15,13.6,100.));
#4480=CARTESIAN_POINT('',(-3.81777942592976E-15,13.6,0.));
#4481=CARTESIAN_POINT('',(-3.81777942592976E-15,13.6,100.));
#4482=CARTESIAN_POINT('Origin',(0.499999999999997,13.6,0.));
#4483=CARTESIAN_POINT('',(0.499999999999997,13.6,0.));
#4484=CARTESIAN_POINT('',(0.499999999999997,13.6,0.));
#4485=CARTESIAN_POINT('',(0.499999999999997,13.6,100.));
#4486=CARTESIAN_POINT('',(0.499999999999997,13.6,0.));
#4487=CARTESIAN_POINT('',(0.499999999999997,13.6,100.));
#4488=CARTESIAN_POINT('Origin',(0.499999999999997,13.1,0.));
#4489=CARTESIAN_POINT('',(0.499999999999997,13.1,0.));
#4490=CARTESIAN_POINT('',(0.499999999999997,13.1,0.));
#4491=CARTESIAN_POINT('',(0.499999999999997,13.1,100.));
#4492=CARTESIAN_POINT('',(0.499999999999997,13.1,0.));
#4493=CARTESIAN_POINT('',(0.499999999999997,13.1,100.));
#4494=CARTESIAN_POINT('Origin',(1.8,13.1,0.));
#4495=CARTESIAN_POINT('',(1.8,13.1,0.));
#4496=CARTESIAN_POINT('',(1.8,13.1,0.));
#4497=CARTESIAN_POINT('',(1.8,13.1,100.));
#4498=CARTESIAN_POINT('',(1.8,13.1,0.));
#4499=CARTESIAN_POINT('',(1.8,13.1,100.));
#4500=CARTESIAN_POINT('Origin',(1.8,15.5,0.));
#4501=CARTESIAN_POINT('',(1.8,15.5,0.));
#4502=CARTESIAN_POINT('',(1.8,13.1,0.));
#4503=CARTESIAN_POINT('',(1.8,15.5,100.));
#4504=CARTESIAN_POINT('',(1.8,15.5,0.));
#4505=CARTESIAN_POINT('',(1.8,13.1,100.));
#4506=CARTESIAN_POINT('Origin',(3.58076118445749,15.5,0.));
#4507=CARTESIAN_POINT('',(3.58076118445749,15.5,0.));
#4508=CARTESIAN_POINT('',(3.58076118445749,15.5,100.));
#4509=CARTESIAN_POINT('Origin',(13.9,32.9807611844575,0.));
#4510=CARTESIAN_POINT('',(13.9,32.9807611844575,0.));
#4511=CARTESIAN_POINT('',(13.9,27.6,0.));
#4512=CARTESIAN_POINT('',(13.9,32.9807611844575,0.));
#4513=CARTESIAN_POINT('',(13.9,32.9807611844575,100.));
#4514=CARTESIAN_POINT('',(13.9,32.9807611844575,0.));
#4515=CARTESIAN_POINT('',(13.9,27.6,100.));
#4516=CARTESIAN_POINT('',(13.9,32.9807611844575,100.));
#4517=CARTESIAN_POINT('',(13.9,27.6,0.));
#4518=CARTESIAN_POINT('Origin',(10.,30.,0.));
#4519=CARTESIAN_POINT('',(11.7677669529664,28.2322330470336,100.));
#4520=CARTESIAN_POINT('Origin',(10.,30.,100.));
#4521=CARTESIAN_POINT('',(11.7677669529664,28.2322330470336,0.));
#4522=CARTESIAN_POINT('',(11.7677669529664,28.2322330470336,0.));
#4523=CARTESIAN_POINT('Origin',(10.,30.,0.));
#4524=CARTESIAN_POINT('Origin',(5.21966991607409,35.8838834764832,0.));
#4525=CARTESIAN_POINT('',(33.9,12.9807611844575,0.));
#4526=CARTESIAN_POINT('',(33.9,7.01923881554244,0.));
#4527=CARTESIAN_POINT('',(27.0192388155425,6.09999999999998,0.));
#4528=CARTESIAN_POINT('',(30.,6.1,0.));
#4529=CARTESIAN_POINT('',(24.5,3.5807611844575,0.));
#4530=CARTESIAN_POINT('',(24.5,3.5807611844575,0.));
#4531=CARTESIAN_POINT('',(24.5,1.8,0.));
#4532=CARTESIAN_POINT('',(24.5,3.5807611844575,0.));
#4533=CARTESIAN_POINT('',(26.9,1.8,0.));
#4534=CARTESIAN_POINT('',(26.9,1.8,0.));
#4535=CARTESIAN_POINT('',(26.9,0.5,0.));
#4536=CARTESIAN_POINT('',(26.9,1.8,0.));
#4537=CARTESIAN_POINT('',(26.4,0.5,0.));
#4538=CARTESIAN_POINT('',(26.9,0.5,0.));
#4539=CARTESIAN_POINT('',(26.4,-7.97972798949331E-16,0.));
#4540=CARTESIAN_POINT('',(26.4,0.5,0.));
#4541=CARTESIAN_POINT('',(13.6,-7.97972798949331E-16,0.));
#4542=CARTESIAN_POINT('',(13.6,-7.97972798949331E-16,0.));
#4543=CARTESIAN_POINT('',(13.6,0.5,0.));
#4544=CARTESIAN_POINT('',(13.6,0.5,0.));
#4545=CARTESIAN_POINT('',(13.1,0.5,0.));
#4546=CARTESIAN_POINT('',(13.1,0.5,0.));
#4547=CARTESIAN_POINT('',(13.1,1.8,0.));
#4548=CARTESIAN_POINT('',(13.1,1.8,0.));
#4549=CARTESIAN_POINT('',(15.5,1.8,0.));
#4550=CARTESIAN_POINT('',(13.1,1.8,0.));
#4551=CARTESIAN_POINT('',(15.5,3.5807611844575,0.));
#4552=CARTESIAN_POINT('',(15.5,3.5807611844575,0.));
#4553=CARTESIAN_POINT('',(12.9807611844575,6.09999999999998,0.));
#4554=CARTESIAN_POINT('',(15.5,3.5807611844575,0.));
#4555=CARTESIAN_POINT('',(7.01923881554244,6.1,0.));
#4556=CARTESIAN_POINT('',(7.01923881554244,6.1,0.));
#4557=CARTESIAN_POINT('',(4.5501813203,3.63094250475749,0.));
#4558=CARTESIAN_POINT('',(4.5501813203,3.63094250475749,0.));
#4559=CARTESIAN_POINT('',(4.5501813203,1.8,0.));
#4560=CARTESIAN_POINT('',(4.5501813203,1.8,0.));
#4561=CARTESIAN_POINT('',(6.9501813203,1.8,0.));
#4562=CARTESIAN_POINT('',(4.5501813203,1.8,0.));
#4563=CARTESIAN_POINT('',(6.95018132029507,0.499999999999998,0.));
#4564=CARTESIAN_POINT('',(6.95018132029507,0.499999999999998,0.));
#4565=CARTESIAN_POINT('',(6.45018132029507,0.499999999999998,0.));
#4566=CARTESIAN_POINT('',(6.45018132029507,0.499999999999998,0.));
#4567=CARTESIAN_POINT('',(6.45018132029507,0.,0.));
#4568=CARTESIAN_POINT('',(6.45018132029507,0.,0.));
#4569=CARTESIAN_POINT('',(1.50000001341104,-1.4027185996333E-17,0.));
#4570=CARTESIAN_POINT('',(1.50000001341104,-1.4027185996333E-17,0.));
#4571=CARTESIAN_POINT('',(-3.4709409636173E-16,1.50000001341104,0.));
#4572=CARTESIAN_POINT('Origin',(1.50000001341104,1.50000001341104,0.));
#4573=CARTESIAN_POINT('',(-1.43222796295974E-15,6.45018132029507,0.));
#4574=CARTESIAN_POINT('',(-3.4709409636173E-16,1.50000001341104,0.));
#4575=CARTESIAN_POINT('',(0.499999999999997,6.45018132029507,0.));
#4576=CARTESIAN_POINT('',(-1.43222796295974E-15,6.45018132029507,0.));
#4577=CARTESIAN_POINT('',(0.499999999999997,6.95018132029507,0.));
#4578=CARTESIAN_POINT('',(0.499999999999997,6.45018132029507,0.));
#4579=CARTESIAN_POINT('',(1.8,6.9501813203,0.));
#4580=CARTESIAN_POINT('',(0.499999999999997,6.95018132029507,0.));
#4581=CARTESIAN_POINT('',(1.8,4.5501813203,0.));
#4582=CARTESIAN_POINT('',(1.8,4.5501813203,0.));
#4583=CARTESIAN_POINT('',(3.63094250475749,4.5501813203,0.));
#4584=CARTESIAN_POINT('',(1.8,4.5501813203,0.));
#4585=CARTESIAN_POINT('',(6.1,7.01923881554244,0.));
#4586=CARTESIAN_POINT('',(3.63094250475749,4.5501813203,0.));
#4587=CARTESIAN_POINT('',(6.1,7.01923881554244,0.));
#4588=CARTESIAN_POINT('',(6.1,32.9807611844576,0.));
#4589=CARTESIAN_POINT('',(6.1,32.9807611844576,0.));
#4590=CARTESIAN_POINT('',(3.63094250475749,35.4498186797,0.));
#4591=CARTESIAN_POINT('',(3.63094250475749,35.4498186797,0.));
#4592=CARTESIAN_POINT('',(1.8,35.4498186797,0.));
#4593=CARTESIAN_POINT('',(1.8,35.4498186797,0.));
#4594=CARTESIAN_POINT('',(1.8,33.0498186797,0.));
#4595=CARTESIAN_POINT('',(1.8,35.4498186797,0.));
#4596=CARTESIAN_POINT('',(0.499999999999997,33.0498186797049,0.));
#4597=CARTESIAN_POINT('',(0.499999999999997,33.0498186797049,0.));
#4598=CARTESIAN_POINT('',(0.499999999999997,33.5498186797049,0.));
#4599=CARTESIAN_POINT('',(0.499999999999997,33.5498186797049,0.));
#4600=CARTESIAN_POINT('',(-1.43222796295974E-15,33.5498186797049,0.));
#4601=CARTESIAN_POINT('',(-1.43222796295974E-15,33.5498186797049,0.));
#4602=CARTESIAN_POINT('',(-3.4709409636173E-16,38.499999986589,0.));
#4603=CARTESIAN_POINT('',(-3.4709409636173E-16,38.499999986589,0.));
#4604=CARTESIAN_POINT('',(1.50000001341104,40.,0.));
#4605=CARTESIAN_POINT('Origin',(1.50000001341104,38.499999986589,0.));
#4606=CARTESIAN_POINT('',(6.45018132029507,40.,0.));
#4607=CARTESIAN_POINT('',(1.50000001341104,40.,0.));
#4608=CARTESIAN_POINT('',(6.45018132029507,39.5,0.));
#4609=CARTESIAN_POINT('',(6.45018132029507,40.,0.));
#4610=CARTESIAN_POINT('',(6.95018132029507,39.5,0.));
#4611=CARTESIAN_POINT('',(6.45018132029507,39.5,0.));
#4612=CARTESIAN_POINT('',(6.9501813203,38.2,0.));
#4613=CARTESIAN_POINT('',(6.95018132029507,39.5,0.));
#4614=CARTESIAN_POINT('',(4.5501813203,38.2,0.));
#4615=CARTESIAN_POINT('',(4.5501813203,38.2,0.));
#4616=CARTESIAN_POINT('',(4.5501813203,36.3690574952425,0.));
#4617=CARTESIAN_POINT('',(4.5501813203,38.2,0.));
#4618=CARTESIAN_POINT('',(7.01923881554244,33.9,0.));
#4619=CARTESIAN_POINT('',(4.5501813203,36.3690574952425,0.));
#4620=CARTESIAN_POINT('',(12.9807611844575,33.9,0.));
#4621=CARTESIAN_POINT('',(7.01923881554244,33.9,0.));
#4622=CARTESIAN_POINT('',(15.5,36.4192388155425,0.));
#4623=CARTESIAN_POINT('',(15.5,36.4192388155425,0.));
#4624=CARTESIAN_POINT('',(15.5,38.2,0.));
#4625=CARTESIAN_POINT('',(15.5,36.4192388155425,0.));
#4626=CARTESIAN_POINT('',(13.1,38.2,0.));
#4627=CARTESIAN_POINT('',(13.1,38.2,0.));
#4628=CARTESIAN_POINT('',(13.1,39.5,0.));
#4629=CARTESIAN_POINT('',(13.1,38.2,0.));
#4630=CARTESIAN_POINT('',(13.6,39.5,0.));
#4631=CARTESIAN_POINT('',(13.1,39.5,0.));
#4632=CARTESIAN_POINT('',(13.6,40.,0.));
#4633=CARTESIAN_POINT('',(13.6,39.5,0.));
#4634=CARTESIAN_POINT('',(26.4,40.,0.));
#4635=CARTESIAN_POINT('',(13.6,40.,0.));
#4636=CARTESIAN_POINT('',(26.4,39.5,0.));
#4637=CARTESIAN_POINT('',(26.4,39.5,0.));
#4638=CARTESIAN_POINT('',(26.9,39.5,0.));
#4639=CARTESIAN_POINT('',(26.9,39.5,0.));
#4640=CARTESIAN_POINT('',(26.9,38.2,0.));
#4641=CARTESIAN_POINT('',(26.9,38.2,0.));
#4642=CARTESIAN_POINT('',(24.5,38.2,0.));
#4643=CARTESIAN_POINT('',(26.9,38.2,0.));
#4644=CARTESIAN_POINT('',(24.5,36.4192388155425,0.));
#4645=CARTESIAN_POINT('',(24.5,36.4192388155425,0.));
#4646=CARTESIAN_POINT('',(27.0192388155425,33.9,0.));
#4647=CARTESIAN_POINT('',(24.5,36.4192388155425,0.));
#4648=CARTESIAN_POINT('',(32.9807611844576,33.9,0.));
#4649=CARTESIAN_POINT('',(32.9807611844576,33.9,0.));
#4650=CARTESIAN_POINT('',(35.4498186797,36.3690574952425,0.));
#4651=CARTESIAN_POINT('',(35.4498186797,36.3690574952425,0.));
#4652=CARTESIAN_POINT('',(35.4498186797,38.2,0.));
#4653=CARTESIAN_POINT('',(35.4498186797,38.2,0.));
#4654=CARTESIAN_POINT('',(33.0498186797,38.2,0.));
#4655=CARTESIAN_POINT('',(35.4498186797,38.2,0.));
#4656=CARTESIAN_POINT('',(33.0498186797049,39.5,0.));
#4657=CARTESIAN_POINT('',(33.0498186797049,39.5,0.));
#4658=CARTESIAN_POINT('',(33.5498186797049,39.5,0.));
#4659=CARTESIAN_POINT('',(33.5498186797049,39.5,0.));
#4660=CARTESIAN_POINT('',(33.5498186797049,40.,0.));
#4661=CARTESIAN_POINT('',(33.5498186797049,40.,0.));
#4662=CARTESIAN_POINT('',(38.499999986589,40.,0.));
#4663=CARTESIAN_POINT('',(38.499999986589,40.,0.));
#4664=CARTESIAN_POINT('',(40.,38.499999986589,0.));
#4665=CARTESIAN_POINT('Origin',(38.499999986589,38.499999986589,0.));
#4666=CARTESIAN_POINT('',(40.,33.5498186797049,0.));
#4667=CARTESIAN_POINT('',(40.,38.499999986589,0.));
#4668=CARTESIAN_POINT('',(39.5,33.5498186797049,0.));
#4669=CARTESIAN_POINT('',(40.,33.5498186797049,0.));
#4670=CARTESIAN_POINT('',(39.5,33.0498186797049,0.));
#4671=CARTESIAN_POINT('',(39.5,33.5498186797049,0.));
#4672=CARTESIAN_POINT('',(38.2,33.0498186797,0.));
#4673=CARTESIAN_POINT('',(39.5,33.0498186797049,0.));
#4674=CARTESIAN_POINT('',(38.2,35.4498186797,0.));
#4675=CARTESIAN_POINT('',(38.2,35.4498186797,0.));
#4676=CARTESIAN_POINT('',(36.3690574952425,35.4498186797,0.));
#4677=CARTESIAN_POINT('',(38.2,35.4498186797,0.));
#4678=CARTESIAN_POINT('',(33.9,32.9807611844576,0.));
#4679=CARTESIAN_POINT('',(36.3690574952425,35.4498186797,0.));
#4680=CARTESIAN_POINT('',(33.9,27.0192388155425,0.));
#4681=CARTESIAN_POINT('',(33.9,30.,0.));
#4682=CARTESIAN_POINT('',(36.4192388155425,24.5,0.));
#4683=CARTESIAN_POINT('',(36.4192388155425,24.5,0.));
#4684=CARTESIAN_POINT('',(38.2,24.5,0.));
#4685=CARTESIAN_POINT('',(36.4192388155425,24.5,0.));
#4686=CARTESIAN_POINT('',(38.2,26.9,0.));
#4687=CARTESIAN_POINT('',(38.2,26.9,0.));
#4688=CARTESIAN_POINT('',(39.5,26.9,0.));
#4689=CARTESIAN_POINT('',(38.2,26.9,0.));
#4690=CARTESIAN_POINT('',(39.5,26.4,0.));
#4691=CARTESIAN_POINT('',(39.5,26.9,0.));
#4692=CARTESIAN_POINT('',(40.,26.4,0.));
#4693=CARTESIAN_POINT('',(39.5,26.4,0.));
#4694=CARTESIAN_POINT('',(40.,13.6,0.));
#4695=CARTESIAN_POINT('',(40.,13.6,0.));
#4696=CARTESIAN_POINT('',(39.5,13.6,0.));
#4697=CARTESIAN_POINT('',(39.5,13.6,0.));
#4698=CARTESIAN_POINT('',(39.5,13.1,0.));
#4699=CARTESIAN_POINT('',(39.5,13.1,0.));
#4700=CARTESIAN_POINT('',(38.2,13.1,0.));
#4701=CARTESIAN_POINT('',(38.2,13.1,0.));
#4702=CARTESIAN_POINT('',(38.2,15.5,0.));
#4703=CARTESIAN_POINT('',(38.2,13.1,0.));
#4704=CARTESIAN_POINT('',(36.4192388155425,15.5,0.));
#4705=CARTESIAN_POINT('',(36.4192388155425,15.5,0.));
#4706=CARTESIAN_POINT('',(36.4192388155425,15.5,0.));
#4707=CARTESIAN_POINT('',(28.2322330470336,11.7677669529664,0.));
#4708=CARTESIAN_POINT('Origin',(30.,10.,0.));
#4709=CARTESIAN_POINT('',(11.7677669529664,11.7677669529664,0.));
#4710=CARTESIAN_POINT('Origin',(10.,10.,0.));
#4711=CARTESIAN_POINT('',(28.2322330470336,28.2322330470336,0.));
#4712=CARTESIAN_POINT('Origin',(30.,30.,0.));
#4713=CARTESIAN_POINT('',(12.4,26.1,0.));
#4714=CARTESIAN_POINT('',(7.01923881554252,26.1,0.));
#4715=CARTESIAN_POINT('',(12.4,13.9,0.));
#4716=CARTESIAN_POINT('',(12.4,13.9,0.));
#4717=CARTESIAN_POINT('',(13.9,12.4,0.));
#4718=CARTESIAN_POINT('Origin',(12.4,12.4,0.));
#4719=CARTESIAN_POINT('',(13.9,7.01923881554252,0.));
#4720=CARTESIAN_POINT('',(13.9,7.01923881554252,0.));
#4721=CARTESIAN_POINT('',(16.8,4.11923881554252,0.));
#4722=CARTESIAN_POINT('',(16.8,4.11923881554252,0.));
#4723=CARTESIAN_POINT('',(16.8,1.8,0.));
#4724=CARTESIAN_POINT('',(16.8,1.8,0.));
#4725=CARTESIAN_POINT('',(23.2,1.8,0.));
#4726=CARTESIAN_POINT('',(20.,1.8,0.));
#4727=CARTESIAN_POINT('',(23.2,4.11923881554252,0.));
#4728=CARTESIAN_POINT('',(23.2,1.8,0.));
#4729=CARTESIAN_POINT('',(26.1,7.01923881554252,0.));
#4730=CARTESIAN_POINT('',(23.2,4.11923881554252,0.));
#4731=CARTESIAN_POINT('',(26.1,12.4,0.));
#4732=CARTESIAN_POINT('',(26.1,7.01923881554252,0.));
#4733=CARTESIAN_POINT('',(27.6,13.9,0.));
#4734=CARTESIAN_POINT('Origin',(27.6,12.4,0.));
#4735=CARTESIAN_POINT('',(32.9807611844575,13.9,0.));
#4736=CARTESIAN_POINT('',(32.9807611844575,13.9,0.));
#4737=CARTESIAN_POINT('',(35.8807611844575,16.8,0.));
#4738=CARTESIAN_POINT('',(35.8807611844575,16.8,0.));
#4739=CARTESIAN_POINT('',(38.2,16.8,0.));
#4740=CARTESIAN_POINT('',(38.2,16.8,0.));
#4741=CARTESIAN_POINT('',(38.2,23.2,0.));
#4742=CARTESIAN_POINT('',(38.2,20.,0.));
#4743=CARTESIAN_POINT('',(35.8807611844575,23.2,0.));
#4744=CARTESIAN_POINT('',(38.2,23.2,0.));
#4745=CARTESIAN_POINT('',(32.9807611844575,26.1,0.));
#4746=CARTESIAN_POINT('',(35.8807611844575,23.2,0.));
#4747=CARTESIAN_POINT('',(27.6,26.1,0.));
#4748=CARTESIAN_POINT('',(32.9807611844575,26.1,0.));
#4749=CARTESIAN_POINT('',(26.1,27.6,0.));
#4750=CARTESIAN_POINT('Origin',(27.6,27.6,0.));
#4751=CARTESIAN_POINT('',(26.1,32.9807611844575,0.));
#4752=CARTESIAN_POINT('',(26.1,32.9807611844575,0.));
#4753=CARTESIAN_POINT('',(23.2,35.8807611844575,0.));
#4754=CARTESIAN_POINT('',(23.2,35.8807611844575,0.));
#4755=CARTESIAN_POINT('',(23.2,38.2,0.));
#4756=CARTESIAN_POINT('',(23.2,38.2,0.));
#4757=CARTESIAN_POINT('',(16.8,38.2,0.));
#4758=CARTESIAN_POINT('',(20.,38.2,0.));
#4759=CARTESIAN_POINT('',(16.8,35.8807611844575,0.));
#4760=CARTESIAN_POINT('',(16.8,38.2,0.));
#4761=CARTESIAN_POINT('',(16.8,35.8807611844575,0.));
#4762=CARTESIAN_POINT('Origin',(12.4,27.6,0.));
#4763=CARTESIAN_POINT('Origin',(36.3690574952425,35.4498186797,0.));
#4764=CARTESIAN_POINT('',(36.3690574952425,35.4498186797,100.));
#4765=CARTESIAN_POINT('',(36.3690574952425,35.4498186797,0.));
#4766=CARTESIAN_POINT('',(33.9,32.9807611844576,100.));
#4767=CARTESIAN_POINT('',(36.3690574952425,35.4498186797,100.));
#4768=CARTESIAN_POINT('',(33.9,32.9807611844576,0.));
#4769=CARTESIAN_POINT('Origin',(38.2,35.4498186797,0.));
#4770=CARTESIAN_POINT('',(38.2,35.4498186797,100.));
#4771=CARTESIAN_POINT('',(38.2,35.4498186797,0.));
#4772=CARTESIAN_POINT('',(38.2,35.4498186797,100.));
#4773=CARTESIAN_POINT('Origin',(38.2,33.0498186797,0.));
#4774=CARTESIAN_POINT('',(38.2,33.0498186797,100.));
#4775=CARTESIAN_POINT('',(38.2,33.0498186797,0.));
#4776=CARTESIAN_POINT('',(38.2,35.4498186797,100.));
#4777=CARTESIAN_POINT('Origin',(39.5,33.0498186797049,0.));
#4778=CARTESIAN_POINT('',(39.5,33.0498186797049,100.));
#4779=CARTESIAN_POINT('',(39.5,33.0498186797049,0.));
#4780=CARTESIAN_POINT('',(39.5,33.0498186797049,100.));
#4781=CARTESIAN_POINT('Origin',(39.5,33.5498186797049,0.));
#4782=CARTESIAN_POINT('',(39.5,33.5498186797049,100.));
#4783=CARTESIAN_POINT('',(39.5,33.5498186797049,0.));
#4784=CARTESIAN_POINT('',(39.5,33.5498186797049,100.));
#4785=CARTESIAN_POINT('Origin',(40.,33.5498186797049,0.));
#4786=CARTESIAN_POINT('',(40.,33.5498186797049,100.));
#4787=CARTESIAN_POINT('',(40.,33.5498186797049,0.));
#4788=CARTESIAN_POINT('',(40.,33.5498186797049,100.));
#4789=CARTESIAN_POINT('Origin',(40.,38.499999986589,0.));
#4790=CARTESIAN_POINT('',(40.,38.499999986589,100.));
#4791=CARTESIAN_POINT('',(40.,38.499999986589,0.));
#4792=CARTESIAN_POINT('',(40.,38.499999986589,100.));
#4793=CARTESIAN_POINT('Origin',(35.4498186797,36.3690574952425,0.));
#4794=CARTESIAN_POINT('',(32.9807611844576,33.9,100.));
#4795=CARTESIAN_POINT('',(32.9807611844576,33.9,0.));
#4796=CARTESIAN_POINT('',(35.4498186797,36.3690574952425,100.));
#4797=CARTESIAN_POINT('',(35.4498186797,36.3690574952425,100.));
#4798=CARTESIAN_POINT('',(35.4498186797,36.3690574952425,0.));
#4799=CARTESIAN_POINT('Origin',(35.4498186797,38.2,0.));
#4800=CARTESIAN_POINT('',(35.4498186797,38.2,100.));
#4801=CARTESIAN_POINT('',(35.4498186797,38.2,100.));
#4802=CARTESIAN_POINT('',(35.4498186797,38.2,0.));
#4803=CARTESIAN_POINT('Origin',(33.0498186797,38.2,0.));
#4804=CARTESIAN_POINT('',(33.0498186797,38.2,100.));
#4805=CARTESIAN_POINT('',(35.4498186797,38.2,100.));
#4806=CARTESIAN_POINT('',(33.0498186797,38.2,0.));
#4807=CARTESIAN_POINT('Origin',(33.0498186797049,39.5,0.));
#4808=CARTESIAN_POINT('',(33.0498186797049,39.5,100.));
#4809=CARTESIAN_POINT('',(33.0498186797049,39.5,100.));
#4810=CARTESIAN_POINT('',(33.0498186797049,39.5,0.));
#4811=CARTESIAN_POINT('Origin',(33.5498186797049,39.5,0.));
#4812=CARTESIAN_POINT('',(33.5498186797049,39.5,100.));
#4813=CARTESIAN_POINT('',(33.5498186797049,39.5,100.));
#4814=CARTESIAN_POINT('',(33.5498186797049,39.5,0.));
#4815=CARTESIAN_POINT('Origin',(33.5498186797049,40.,0.));
#4816=CARTESIAN_POINT('',(33.5498186797049,40.,100.));
#4817=CARTESIAN_POINT('',(33.5498186797049,40.,100.));
#4818=CARTESIAN_POINT('',(33.5498186797049,40.,0.));
#4819=CARTESIAN_POINT('Origin',(38.499999986589,40.,0.));
#4820=CARTESIAN_POINT('',(38.499999986589,40.,100.));
#4821=CARTESIAN_POINT('',(38.499999986589,40.,100.));
#4822=CARTESIAN_POINT('',(38.499999986589,40.,0.));
#4823=CARTESIAN_POINT('Origin',(38.499999986589,38.499999986589,0.));
#4824=CARTESIAN_POINT('Origin',(38.499999986589,38.499999986589,100.));
#4825=CARTESIAN_POINT('Origin',(27.0192388155425,33.9,0.));
#4826=CARTESIAN_POINT('',(24.5,36.4192388155425,100.));
#4827=CARTESIAN_POINT('',(24.5,36.4192388155425,0.));
#4828=CARTESIAN_POINT('',(27.0192388155425,33.9,100.));
#4829=CARTESIAN_POINT('',(24.5,36.4192388155425,100.));
#4830=CARTESIAN_POINT('',(27.0192388155425,33.9,0.));
#4831=CARTESIAN_POINT('Origin',(30.,33.9,0.));
#4832=CARTESIAN_POINT('',(30.,33.9,100.));
#4833=CARTESIAN_POINT('Origin',(23.2,35.8807611844575,0.));
#4834=CARTESIAN_POINT('',(26.1,32.9807611844575,100.));
#4835=CARTESIAN_POINT('',(26.1,32.9807611844575,0.));
#4836=CARTESIAN_POINT('',(23.2,35.8807611844575,100.));
#4837=CARTESIAN_POINT('',(23.2,35.8807611844575,100.));
#4838=CARTESIAN_POINT('',(23.2,35.8807611844575,0.));
#4839=CARTESIAN_POINT('Origin',(23.2,38.2,0.));
#4840=CARTESIAN_POINT('',(23.2,38.2,100.));
#4841=CARTESIAN_POINT('',(23.2,38.2,100.));
#4842=CARTESIAN_POINT('',(23.2,38.2,0.));
#4843=CARTESIAN_POINT('Origin',(26.4,39.5,0.));
#4844=CARTESIAN_POINT('',(26.4,40.,100.));
#4845=CARTESIAN_POINT('',(26.4,40.,0.));
#4846=CARTESIAN_POINT('',(26.4,39.5,100.));
#4847=CARTESIAN_POINT('',(26.4,39.5,100.));
#4848=CARTESIAN_POINT('',(26.4,39.5,0.));
#4849=CARTESIAN_POINT('Origin',(26.9,39.5,0.));
#4850=CARTESIAN_POINT('',(26.9,39.5,100.));
#4851=CARTESIAN_POINT('',(26.9,39.5,100.));
#4852=CARTESIAN_POINT('',(26.9,39.5,0.));
#4853=CARTESIAN_POINT('Origin',(26.9,38.2,0.));
#4854=CARTESIAN_POINT('',(26.9,38.2,100.));
#4855=CARTESIAN_POINT('',(26.9,38.2,100.));
#4856=CARTESIAN_POINT('',(26.9,38.2,0.));
#4857=CARTESIAN_POINT('Origin',(24.5,38.2,0.));
#4858=CARTESIAN_POINT('',(24.5,38.2,100.));
#4859=CARTESIAN_POINT('',(26.9,38.2,100.));
#4860=CARTESIAN_POINT('',(24.5,38.2,0.));
#4861=CARTESIAN_POINT('Origin',(24.5,36.4192388155425,0.));
#4862=CARTESIAN_POINT('',(24.5,36.4192388155425,100.));
#4863=CARTESIAN_POINT('Origin',(12.9807611844575,33.9,0.));
#4864=CARTESIAN_POINT('',(12.9807611844575,33.9,100.));
#4865=CARTESIAN_POINT('',(12.9807611844575,33.9,0.));
#4866=CARTESIAN_POINT('',(15.5,36.4192388155425,100.));
#4867=CARTESIAN_POINT('',(15.5,36.4192388155425,100.));
#4868=CARTESIAN_POINT('',(15.5,36.4192388155425,0.));
#4869=CARTESIAN_POINT('Origin',(12.4,26.1,0.));
#4870=CARTESIAN_POINT('',(12.4,26.1,100.));
#4871=CARTESIAN_POINT('',(12.4,26.1,0.));
#4872=CARTESIAN_POINT('',(12.4,26.1,100.));
#4873=CARTESIAN_POINT('Origin',(12.4,27.6,0.));
#4874=CARTESIAN_POINT('Origin',(12.4,27.6,100.));
#4875=CARTESIAN_POINT('Origin',(16.8,35.8807611844575,0.));
#4876=CARTESIAN_POINT('',(16.8,35.8807611844575,100.));
#4877=CARTESIAN_POINT('',(16.8,35.8807611844575,0.));
#4878=CARTESIAN_POINT('',(16.8,35.8807611844575,100.));
#4879=CARTESIAN_POINT('Origin',(16.8,38.2,0.));
#4880=CARTESIAN_POINT('',(16.8,38.2,100.));
#4881=CARTESIAN_POINT('',(16.8,38.2,0.));
#4882=CARTESIAN_POINT('',(16.8,38.2,100.));
#4883=CARTESIAN_POINT('Origin',(20.,38.2,0.));
#4884=CARTESIAN_POINT('',(20.,38.2,100.));
#4885=CARTESIAN_POINT('Origin',(13.6,40.,0.));
#4886=CARTESIAN_POINT('',(13.6,40.,100.));
#4887=CARTESIAN_POINT('',(13.6,40.,0.));
#4888=CARTESIAN_POINT('',(13.6,40.,100.));
#4889=CARTESIAN_POINT('Origin',(13.6,39.5,0.));
#4890=CARTESIAN_POINT('',(13.6,39.5,100.));
#4891=CARTESIAN_POINT('',(13.6,39.5,0.));
#4892=CARTESIAN_POINT('',(13.6,39.5,100.));
#4893=CARTESIAN_POINT('Origin',(13.1,39.5,0.));
#4894=CARTESIAN_POINT('',(13.1,39.5,100.));
#4895=CARTESIAN_POINT('',(13.1,39.5,0.));
#4896=CARTESIAN_POINT('',(13.1,39.5,100.));
#4897=CARTESIAN_POINT('Origin',(13.1,38.2,0.));
#4898=CARTESIAN_POINT('',(13.1,38.2,100.));
#4899=CARTESIAN_POINT('',(13.1,38.2,0.));
#4900=CARTESIAN_POINT('',(13.1,38.2,100.));
#4901=CARTESIAN_POINT('Origin',(15.5,38.2,0.));
#4902=CARTESIAN_POINT('',(15.5,38.2,100.));
#4903=CARTESIAN_POINT('',(15.5,38.2,0.));
#4904=CARTESIAN_POINT('',(13.1,38.2,100.));
#4905=CARTESIAN_POINT('Origin',(15.5,36.4192388155425,0.));
#4906=CARTESIAN_POINT('',(15.5,36.4192388155425,100.));
#4907=CARTESIAN_POINT('Origin',(32.9807611844575,26.1,0.));
#4908=CARTESIAN_POINT('',(32.9807611844575,26.1,100.));
#4909=CARTESIAN_POINT('',(32.9807611844575,26.1,0.));
#4910=CARTESIAN_POINT('',(27.6,26.1,100.));
#4911=CARTESIAN_POINT('',(32.9807611844575,26.1,100.));
#4912=CARTESIAN_POINT('',(27.6,26.1,0.));
#4913=CARTESIAN_POINT('Origin',(30.,30.,0.));
#4914=CARTESIAN_POINT('',(28.2322330470336,28.2322330470336,100.));
#4915=CARTESIAN_POINT('Origin',(30.,30.,100.));
#4916=CARTESIAN_POINT('',(28.2322330470336,28.2322330470336,0.));
#4917=CARTESIAN_POINT('Origin',(33.9,27.0192388155425,0.));
#4918=CARTESIAN_POINT('',(33.9,27.0192388155425,100.));
#4919=CARTESIAN_POINT('',(33.9,27.0192388155425,0.));
#4920=CARTESIAN_POINT('',(36.4192388155425,24.5,100.));
#4921=CARTESIAN_POINT('',(36.4192388155425,24.5,100.));
#4922=CARTESIAN_POINT('',(36.4192388155425,24.5,0.));
#4923=CARTESIAN_POINT('Origin',(33.9,30.,0.));
#4924=CARTESIAN_POINT('',(33.9,32.9807611844576,100.));
#4925=CARTESIAN_POINT('Origin',(26.1,27.6,0.));
#4926=CARTESIAN_POINT('',(26.1,27.6,100.));
#4927=CARTESIAN_POINT('',(26.1,27.6,0.));
#4928=CARTESIAN_POINT('',(26.1,27.6,100.));
#4929=CARTESIAN_POINT('Origin',(27.6,27.6,0.));
#4930=CARTESIAN_POINT('Origin',(27.6,27.6,100.));
#4931=CARTESIAN_POINT('Origin',(35.8807611844575,23.2,0.));
#4932=CARTESIAN_POINT('',(35.8807611844575,23.2,100.));
#4933=CARTESIAN_POINT('',(35.8807611844575,23.2,0.));
#4934=CARTESIAN_POINT('',(35.8807611844575,23.2,100.));
#4935=CARTESIAN_POINT('Origin',(38.2,23.2,0.));
#4936=CARTESIAN_POINT('',(38.2,23.2,100.));
#4937=CARTESIAN_POINT('',(38.2,23.2,0.));
#4938=CARTESIAN_POINT('',(38.2,23.2,100.));
#4939=CARTESIAN_POINT('Origin',(39.5,26.4,0.));
#4940=CARTESIAN_POINT('',(39.5,26.4,100.));
#4941=CARTESIAN_POINT('',(39.5,26.4,0.));
#4942=CARTESIAN_POINT('',(40.,26.4,100.));
#4943=CARTESIAN_POINT('',(39.5,26.4,100.));
#4944=CARTESIAN_POINT('',(40.,26.4,0.));
#4945=CARTESIAN_POINT('Origin',(39.5,26.9,0.));
#4946=CARTESIAN_POINT('',(39.5,26.9,100.));
#4947=CARTESIAN_POINT('',(39.5,26.9,0.));
#4948=CARTESIAN_POINT('',(39.5,26.9,100.));
#4949=CARTESIAN_POINT('Origin',(38.2,26.9,0.));
#4950=CARTESIAN_POINT('',(38.2,26.9,100.));
#4951=CARTESIAN_POINT('',(38.2,26.9,0.));
#4952=CARTESIAN_POINT('',(38.2,26.9,100.));
#4953=CARTESIAN_POINT('Origin',(38.2,24.5,0.));
#4954=CARTESIAN_POINT('',(38.2,24.5,100.));
#4955=CARTESIAN_POINT('',(38.2,24.5,0.));
#4956=CARTESIAN_POINT('',(38.2,26.9,100.));
#4957=CARTESIAN_POINT('Origin',(36.4192388155425,24.5,0.));
#4958=CARTESIAN_POINT('',(36.4192388155425,24.5,100.));
#4959=CARTESIAN_POINT('Origin',(33.9,12.9807611844575,0.));
#4960=CARTESIAN_POINT('',(36.4192388155425,15.5,100.));
#4961=CARTESIAN_POINT('',(36.4192388155425,15.5,0.));
#4962=CARTESIAN_POINT('',(33.9,12.9807611844575,100.));
#4963=CARTESIAN_POINT('',(36.4192388155425,15.5,100.));
#4964=CARTESIAN_POINT('',(33.9,12.9807611844575,0.));
#4965=CARTESIAN_POINT('Origin',(33.9,10.,0.));
#4966=CARTESIAN_POINT('',(33.9,10.,100.));
#4967=CARTESIAN_POINT('Origin',(35.8807611844575,16.8,0.));
#4968=CARTESIAN_POINT('',(32.9807611844575,13.9,100.));
#4969=CARTESIAN_POINT('',(32.9807611844575,13.9,0.));
#4970=CARTESIAN_POINT('',(35.8807611844575,16.8,100.));
#4971=CARTESIAN_POINT('',(35.8807611844575,16.8,100.));
#4972=CARTESIAN_POINT('',(35.8807611844575,16.8,0.));
#4973=CARTESIAN_POINT('Origin',(38.2,16.8,0.));
#4974=CARTESIAN_POINT('',(38.2,16.8,100.));
#4975=CARTESIAN_POINT('',(38.2,16.8,100.));
#4976=CARTESIAN_POINT('',(38.2,16.8,0.));
#4977=CARTESIAN_POINT('Origin',(38.2,20.,0.));
#4978=CARTESIAN_POINT('',(38.2,20.,100.));
#4979=CARTESIAN_POINT('Origin',(40.,13.6,0.));
#4980=CARTESIAN_POINT('',(40.,13.6,100.));
#4981=CARTESIAN_POINT('',(40.,13.6,100.));
#4982=CARTESIAN_POINT('',(40.,13.6,0.));
#4983=CARTESIAN_POINT('Origin',(39.5,13.6,0.));
#4984=CARTESIAN_POINT('',(39.5,13.6,100.));
#4985=CARTESIAN_POINT('',(39.5,13.6,100.));
#4986=CARTESIAN_POINT('',(39.5,13.6,0.));
#4987=CARTESIAN_POINT('Origin',(39.5,13.1,0.));
#4988=CARTESIAN_POINT('',(39.5,13.1,100.));
#4989=CARTESIAN_POINT('',(39.5,13.1,100.));
#4990=CARTESIAN_POINT('',(39.5,13.1,0.));
#4991=CARTESIAN_POINT('Origin',(38.2,13.1,0.));
#4992=CARTESIAN_POINT('',(38.2,13.1,100.));
#4993=CARTESIAN_POINT('',(38.2,13.1,100.));
#4994=CARTESIAN_POINT('',(38.2,13.1,0.));
#4995=CARTESIAN_POINT('Origin',(38.2,15.5,0.));
#4996=CARTESIAN_POINT('',(38.2,15.5,100.));
#4997=CARTESIAN_POINT('',(38.2,13.1,100.));
#4998=CARTESIAN_POINT('',(38.2,15.5,0.));
#4999=CARTESIAN_POINT('Origin',(36.4192388155425,15.5,0.));
#5000=CARTESIAN_POINT('',(36.4192388155425,15.5,100.));
#5001=CARTESIAN_POINT('Origin',(26.1,7.01923881554252,0.));
#5002=CARTESIAN_POINT('',(26.1,7.01923881554252,100.));
#5003=CARTESIAN_POINT('',(26.1,7.01923881554252,0.));
#5004=CARTESIAN_POINT('',(26.1,12.4,100.));
#5005=CARTESIAN_POINT('',(26.1,7.01923881554252,100.));
#5006=CARTESIAN_POINT('',(26.1,12.4,0.));
#5007=CARTESIAN_POINT('Origin',(30.,10.,0.));
#5008=CARTESIAN_POINT('',(28.2322330470336,11.7677669529664,100.));
#5009=CARTESIAN_POINT('Origin',(30.,10.,100.));
#5010=CARTESIAN_POINT('',(28.2322330470336,11.7677669529664,0.));
#5011=CARTESIAN_POINT('Origin',(27.0192388155425,6.09999999999998,0.));
#5012=CARTESIAN_POINT('',(27.0192388155425,6.09999999999998,100.));
#5013=CARTESIAN_POINT('',(27.0192388155425,6.09999999999998,0.));
#5014=CARTESIAN_POINT('',(24.5,3.5807611844575,100.));
#5015=CARTESIAN_POINT('',(24.5,3.5807611844575,100.));
#5016=CARTESIAN_POINT('',(24.5,3.5807611844575,0.));
#5017=CARTESIAN_POINT('Origin',(30.,6.1,0.));
#5018=CARTESIAN_POINT('',(32.9807611844576,6.1,100.));
#5019=CARTESIAN_POINT('Origin',(27.6,13.9,0.));
#5020=CARTESIAN_POINT('',(27.6,13.9,100.));
#5021=CARTESIAN_POINT('',(27.6,13.9,0.));
#5022=CARTESIAN_POINT('',(27.6,13.9,100.));
#5023=CARTESIAN_POINT('Origin',(27.6,12.4,0.));
#5024=CARTESIAN_POINT('Origin',(27.6,12.4,100.));
#5025=CARTESIAN_POINT('Origin',(23.2,4.11923881554252,0.));
#5026=CARTESIAN_POINT('',(23.2,4.11923881554252,100.));
#5027=CARTESIAN_POINT('',(23.2,4.11923881554252,0.));
#5028=CARTESIAN_POINT('',(23.2,4.11923881554252,100.));
#5029=CARTESIAN_POINT('Origin',(23.2,1.8,0.));
#5030=CARTESIAN_POINT('',(23.2,1.8,100.));
#5031=CARTESIAN_POINT('',(23.2,1.8,0.));
#5032=CARTESIAN_POINT('',(23.2,1.8,100.));
#5033=CARTESIAN_POINT('Origin',(26.4,0.5,0.));
#5034=CARTESIAN_POINT('',(26.4,0.5,100.));
#5035=CARTESIAN_POINT('',(26.4,0.5,0.));
#5036=CARTESIAN_POINT('',(26.4,-5.55111512312578E-16,100.));
#5037=CARTESIAN_POINT('',(26.4,0.5,100.));
#5038=CARTESIAN_POINT('',(26.4,-7.97972798949331E-16,0.));
#5039=CARTESIAN_POINT('Origin',(26.9,0.5,0.));
#5040=CARTESIAN_POINT('',(26.9,0.5,100.));
#5041=CARTESIAN_POINT('',(26.9,0.5,0.));
#5042=CARTESIAN_POINT('',(26.9,0.5,100.));
#5043=CARTESIAN_POINT('Origin',(26.9,1.8,0.));
#5044=CARTESIAN_POINT('',(26.9,1.8,100.));
#5045=CARTESIAN_POINT('',(26.9,1.8,0.));
#5046=CARTESIAN_POINT('',(26.9,1.8,100.));
#5047=CARTESIAN_POINT('Origin',(24.5,1.8,0.));
#5048=CARTESIAN_POINT('',(24.5,1.8,100.));
#5049=CARTESIAN_POINT('',(24.5,1.8,0.));
#5050=CARTESIAN_POINT('',(26.9,1.8,100.));
#5051=CARTESIAN_POINT('Origin',(24.5,3.5807611844575,0.));
#5052=CARTESIAN_POINT('',(24.5,3.5807611844575,100.));
#5053=CARTESIAN_POINT('Origin',(12.9807611844575,6.09999999999998,0.));
#5054=CARTESIAN_POINT('',(15.5,3.5807611844575,100.));
#5055=CARTESIAN_POINT('',(15.5,3.5807611844575,0.));
#5056=CARTESIAN_POINT('',(12.9807611844575,6.09999999999998,100.));
#5057=CARTESIAN_POINT('',(15.5,3.5807611844575,100.));
#5058=CARTESIAN_POINT('',(12.9807611844575,6.09999999999998,0.));
#5059=CARTESIAN_POINT('Origin',(12.4,13.9,0.));
#5060=CARTESIAN_POINT('',(12.4,13.9,100.));
#5061=CARTESIAN_POINT('',(12.4,13.9,100.));
#5062=CARTESIAN_POINT('',(12.4,13.9,0.));
#5063=CARTESIAN_POINT('Origin',(12.4,12.4,0.));
#5064=CARTESIAN_POINT('',(13.9,12.4,100.));
#5065=CARTESIAN_POINT('Origin',(12.4,12.4,100.));
#5066=CARTESIAN_POINT('',(13.9,12.4,0.));
#5067=CARTESIAN_POINT('Origin',(13.9,7.01923881554252,0.));
#5068=CARTESIAN_POINT('',(13.9,7.01923881554252,100.));
#5069=CARTESIAN_POINT('',(13.9,7.01923881554252,100.));
#5070=CARTESIAN_POINT('',(13.9,7.01923881554252,0.));
#5071=CARTESIAN_POINT('Origin',(16.8,4.11923881554252,0.));
#5072=CARTESIAN_POINT('',(16.8,4.11923881554252,100.));
#5073=CARTESIAN_POINT('',(16.8,4.11923881554252,100.));
#5074=CARTESIAN_POINT('',(16.8,4.11923881554252,0.));
#5075=CARTESIAN_POINT('Origin',(16.8,1.8,0.));
#5076=CARTESIAN_POINT('',(16.8,1.8,100.));
#5077=CARTESIAN_POINT('',(16.8,1.8,100.));
#5078=CARTESIAN_POINT('',(16.8,1.8,0.));
#5079=CARTESIAN_POINT('Origin',(20.,1.8,0.));
#5080=CARTESIAN_POINT('',(20.,1.8,100.));
#5081=CARTESIAN_POINT('Origin',(13.6,-7.97972798949331E-16,0.));
#5082=CARTESIAN_POINT('',(13.6,-5.55111512312578E-16,100.));
#5083=CARTESIAN_POINT('',(13.6,-7.97972798949331E-16,100.));
#5084=CARTESIAN_POINT('',(13.6,-7.97972798949331E-16,0.));
#5085=CARTESIAN_POINT('Origin',(13.6,0.5,0.));
#5086=CARTESIAN_POINT('',(13.6,0.5,100.));
#5087=CARTESIAN_POINT('',(13.6,0.5,100.));
#5088=CARTESIAN_POINT('',(13.6,0.5,0.));
#5089=CARTESIAN_POINT('Origin',(13.1,0.5,0.));
#5090=CARTESIAN_POINT('',(13.1,0.5,100.));
#5091=CARTESIAN_POINT('',(13.1,0.5,100.));
#5092=CARTESIAN_POINT('',(13.1,0.5,0.));
#5093=CARTESIAN_POINT('Origin',(13.1,1.8,0.));
#5094=CARTESIAN_POINT('',(13.1,1.8,100.));
#5095=CARTESIAN_POINT('',(13.1,1.8,100.));
#5096=CARTESIAN_POINT('',(13.1,1.8,0.));
#5097=CARTESIAN_POINT('Origin',(15.5,1.8,0.));
#5098=CARTESIAN_POINT('',(15.5,1.8,100.));
#5099=CARTESIAN_POINT('',(13.1,1.8,100.));
#5100=CARTESIAN_POINT('',(15.5,1.8,0.));
#5101=CARTESIAN_POINT('Origin',(15.5,3.5807611844575,0.));
#5102=CARTESIAN_POINT('',(15.5,3.5807611844575,100.));
#5103=CARTESIAN_POINT('Origin',(6.1,7.01923881554244,0.));
#5104=CARTESIAN_POINT('',(6.1,7.01923881554244,100.));
#5105=CARTESIAN_POINT('',(6.1,7.01923881554244,0.));
#5106=CARTESIAN_POINT('',(6.1,7.01923881554244,100.));
#5107=CARTESIAN_POINT('Origin',(3.63094250475749,4.5501813203,0.));
#5108=CARTESIAN_POINT('',(3.63094250475749,4.5501813203,100.));
#5109=CARTESIAN_POINT('',(3.63094250475749,4.5501813203,0.));
#5110=CARTESIAN_POINT('',(3.63094250475749,4.5501813203,100.));
#5111=CARTESIAN_POINT('Origin',(1.8,4.5501813203,0.));
#5112=CARTESIAN_POINT('',(1.8,4.5501813203,100.));
#5113=CARTESIAN_POINT('',(1.8,4.5501813203,0.));
#5114=CARTESIAN_POINT('',(1.8,4.5501813203,100.));
#5115=CARTESIAN_POINT('Origin',(1.8,6.9501813203,0.));
#5116=CARTESIAN_POINT('',(1.8,6.9501813203,100.));
#5117=CARTESIAN_POINT('',(1.8,6.9501813203,0.));
#5118=CARTESIAN_POINT('',(1.8,4.5501813203,100.));
#5119=CARTESIAN_POINT('Origin',(0.499999999999997,6.95018132029507,0.));
#5120=CARTESIAN_POINT('',(0.499999999999997,6.95018132029507,100.));
#5121=CARTESIAN_POINT('',(0.499999999999997,6.95018132029507,0.));
#5122=CARTESIAN_POINT('',(0.499999999999997,6.95018132029507,100.));
#5123=CARTESIAN_POINT('Origin',(0.499999999999997,6.45018132029507,0.));
#5124=CARTESIAN_POINT('',(0.499999999999997,6.45018132029507,100.));
#5125=CARTESIAN_POINT('',(0.499999999999997,6.45018132029507,0.));
#5126=CARTESIAN_POINT('',(0.499999999999997,6.45018132029507,100.));
#5127=CARTESIAN_POINT('Origin',(-1.43222796295974E-15,6.45018132029507,
0.));
#5128=CARTESIAN_POINT('',(-1.43222796295974E-15,6.45018132029507,100.));
#5129=CARTESIAN_POINT('',(-1.43222796295974E-15,6.45018132029507,0.));
#5130=CARTESIAN_POINT('',(-1.43222796295974E-15,6.45018132029507,100.));
#5131=CARTESIAN_POINT('Origin',(-3.4709409636173E-16,1.50000001341104,0.));
#5132=CARTESIAN_POINT('',(-3.33066910365397E-16,1.50000001341104,100.));
#5133=CARTESIAN_POINT('',(-3.4709409636173E-16,1.50000001341104,0.));
#5134=CARTESIAN_POINT('',(-3.4709409636173E-16,1.50000001341104,100.));
#5135=CARTESIAN_POINT('Origin',(10.,10.,0.));
#5136=CARTESIAN_POINT('',(11.7677669529664,11.7677669529664,100.));
#5137=CARTESIAN_POINT('Origin',(10.,10.,100.));
#5138=CARTESIAN_POINT('',(11.7677669529664,11.7677669529664,0.));
#5139=CARTESIAN_POINT('Origin',(7.01923881554244,6.1,0.));
#5140=CARTESIAN_POINT('',(7.01923881554244,6.1,100.));
#5141=CARTESIAN_POINT('',(7.01923881554244,6.1,100.));
#5142=CARTESIAN_POINT('',(7.01923881554244,6.1,0.));
#5143=CARTESIAN_POINT('Origin',(4.5501813203,3.63094250475749,0.));
#5144=CARTESIAN_POINT('',(4.5501813203,3.63094250475749,100.));
#5145=CARTESIAN_POINT('',(4.5501813203,3.63094250475749,100.));
#5146=CARTESIAN_POINT('',(4.5501813203,3.63094250475749,0.));
#5147=CARTESIAN_POINT('Origin',(4.5501813203,1.8,0.));
#5148=CARTESIAN_POINT('',(4.5501813203,1.8,100.));
#5149=CARTESIAN_POINT('',(4.5501813203,1.8,100.));
#5150=CARTESIAN_POINT('',(4.5501813203,1.8,0.));
#5151=CARTESIAN_POINT('Origin',(6.9501813203,1.8,0.));
#5152=CARTESIAN_POINT('',(6.9501813203,1.8,100.));
#5153=CARTESIAN_POINT('',(4.5501813203,1.8,100.));
#5154=CARTESIAN_POINT('',(6.9501813203,1.8,0.));
#5155=CARTESIAN_POINT('Origin',(6.95018132029507,0.499999999999998,0.));
#5156=CARTESIAN_POINT('',(6.95018132029507,0.499999999999998,100.));
#5157=CARTESIAN_POINT('',(6.95018132029507,0.499999999999998,100.));
#5158=CARTESIAN_POINT('',(6.95018132029507,0.499999999999998,0.));
#5159=CARTESIAN_POINT('Origin',(6.45018132029507,0.499999999999998,0.));
#5160=CARTESIAN_POINT('',(6.45018132029507,0.499999999999998,100.));
#5161=CARTESIAN_POINT('',(6.45018132029507,0.499999999999998,100.));
#5162=CARTESIAN_POINT('',(6.45018132029507,0.499999999999998,0.));
#5163=CARTESIAN_POINT('Origin',(6.45018132029507,0.,0.));
#5164=CARTESIAN_POINT('',(6.45018132029507,0.,100.));
#5165=CARTESIAN_POINT('',(6.45018132029507,0.,100.));
#5166=CARTESIAN_POINT('',(6.45018132029507,0.,0.));
#5167=CARTESIAN_POINT('Origin',(1.50000001341104,-1.4027185996333E-17,0.));
#5168=CARTESIAN_POINT('',(1.50000001341104,0.,100.));
#5169=CARTESIAN_POINT('',(1.50000001341104,-1.4027185996333E-17,100.));
#5170=CARTESIAN_POINT('',(1.50000001341104,-1.4027185996333E-17,0.));
#5171=CARTESIAN_POINT('Origin',(1.50000001341104,1.50000001341104,0.));
#5172=CARTESIAN_POINT('Origin',(1.50000001341104,1.50000001341104,100.));
#5173=CARTESIAN_POINT('Origin',(6.1,32.9807611844576,0.));
#5174=CARTESIAN_POINT('',(6.1,32.9807611844576,100.));
#5175=CARTESIAN_POINT('',(6.09999999999999,30.,100.));
#5176=CARTESIAN_POINT('',(6.1,32.9807611844576,0.));
#5177=CARTESIAN_POINT('Origin',(3.63094250475749,35.4498186797,0.));
#5178=CARTESIAN_POINT('',(3.63094250475749,35.4498186797,100.));
#5179=CARTESIAN_POINT('',(3.63094250475749,35.4498186797,100.));
#5180=CARTESIAN_POINT('',(3.63094250475749,35.4498186797,0.));
#5181=CARTESIAN_POINT('Origin',(1.8,35.4498186797,0.));
#5182=CARTESIAN_POINT('',(1.8,35.4498186797,100.));
#5183=CARTESIAN_POINT('',(1.8,35.4498186797,100.));
#5184=CARTESIAN_POINT('',(1.8,35.4498186797,0.));
#5185=CARTESIAN_POINT('Origin',(1.8,33.0498186797,0.));
#5186=CARTESIAN_POINT('',(1.8,33.0498186797,100.));
#5187=CARTESIAN_POINT('',(1.8,35.4498186797,100.));
#5188=CARTESIAN_POINT('',(1.8,33.0498186797,0.));
#5189=CARTESIAN_POINT('Origin',(0.499999999999997,33.0498186797049,0.));
#5190=CARTESIAN_POINT('',(0.499999999999997,33.0498186797049,100.));
#5191=CARTESIAN_POINT('',(0.499999999999997,33.0498186797049,100.));
#5192=CARTESIAN_POINT('',(0.499999999999997,33.0498186797049,0.));
#5193=CARTESIAN_POINT('Origin',(0.499999999999997,33.5498186797049,0.));
#5194=CARTESIAN_POINT('',(0.499999999999997,33.5498186797049,100.));
#5195=CARTESIAN_POINT('',(0.499999999999997,33.5498186797049,100.));
#5196=CARTESIAN_POINT('',(0.499999999999997,33.5498186797049,0.));
#5197=CARTESIAN_POINT('Origin',(-1.43222796295974E-15,33.5498186797049,
0.));
#5198=CARTESIAN_POINT('',(-1.43222796295974E-15,33.5498186797049,100.));
#5199=CARTESIAN_POINT('',(-1.43222796295974E-15,33.5498186797049,100.));
#5200=CARTESIAN_POINT('',(-1.43222796295974E-15,33.5498186797049,0.));
#5201=CARTESIAN_POINT('Origin',(-3.4709409636173E-16,38.499999986589,0.));
#5202=CARTESIAN_POINT('',(-3.33066910365397E-16,38.499999986589,100.));
#5203=CARTESIAN_POINT('',(-3.4709409636173E-16,38.499999986589,100.));
#5204=CARTESIAN_POINT('',(-3.4709409636173E-16,38.499999986589,0.));
#5205=CARTESIAN_POINT('Origin',(7.01923881554244,33.9,0.));
#5206=CARTESIAN_POINT('',(7.01923881554244,33.9,100.));
#5207=CARTESIAN_POINT('',(7.01923881554244,33.9,0.));
#5208=CARTESIAN_POINT('',(7.01923881554244,33.9,100.));
#5209=CARTESIAN_POINT('Origin',(4.5501813203,36.3690574952425,0.));
#5210=CARTESIAN_POINT('',(4.5501813203,36.3690574952425,100.));
#5211=CARTESIAN_POINT('',(4.5501813203,36.3690574952425,0.));
#5212=CARTESIAN_POINT('',(4.5501813203,36.3690574952425,100.));
#5213=CARTESIAN_POINT('Origin',(4.5501813203,38.2,0.));
#5214=CARTESIAN_POINT('',(4.5501813203,38.2,100.));
#5215=CARTESIAN_POINT('',(4.5501813203,38.2,0.));
#5216=CARTESIAN_POINT('',(4.5501813203,38.2,100.));
#5217=CARTESIAN_POINT('Origin',(6.9501813203,38.2,0.));
#5218=CARTESIAN_POINT('',(6.9501813203,38.2,100.));
#5219=CARTESIAN_POINT('',(6.9501813203,38.2,0.));
#5220=CARTESIAN_POINT('',(4.5501813203,38.2,100.));
#5221=CARTESIAN_POINT('Origin',(6.95018132029507,39.5,0.));
#5222=CARTESIAN_POINT('',(6.95018132029507,39.5,100.));
#5223=CARTESIAN_POINT('',(6.95018132029507,39.5,0.));
#5224=CARTESIAN_POINT('',(6.95018132029507,39.5,100.));
#5225=CARTESIAN_POINT('Origin',(6.45018132029507,39.5,0.));
#5226=CARTESIAN_POINT('',(6.45018132029507,39.5,100.));
#5227=CARTESIAN_POINT('',(6.45018132029507,39.5,0.));
#5228=CARTESIAN_POINT('',(6.45018132029507,39.5,100.));
#5229=CARTESIAN_POINT('Origin',(6.45018132029507,40.,0.));
#5230=CARTESIAN_POINT('',(6.45018132029507,40.,100.));
#5231=CARTESIAN_POINT('',(6.45018132029507,40.,0.));
#5232=CARTESIAN_POINT('',(6.45018132029507,40.,100.));
#5233=CARTESIAN_POINT('Origin',(1.50000001341104,40.,0.));
#5234=CARTESIAN_POINT('',(1.50000001341104,40.,100.));
#5235=CARTESIAN_POINT('',(1.50000001341104,40.,0.));
#5236=CARTESIAN_POINT('',(1.50000001341104,40.,100.));
#5237=CARTESIAN_POINT('Origin',(1.50000001341104,38.499999986589,0.));
#5238=CARTESIAN_POINT('Origin',(1.50000001341104,38.499999986589,100.));
#5239=CARTESIAN_POINT('Origin',(5.21966991607409,35.8838834764832,100.));
#5240=UNCERTAINTY_MEASURE_WITH_UNIT(LENGTH_MEASURE(0.01),#5244,
'DISTANCE_ACCURACY_VALUE',
'Maximum model space distance between geometric entities at asserted c
onnectivities');
#5241=UNCERTAINTY_MEASURE_WITH_UNIT(LENGTH_MEASURE(0.01),#5244,
'DISTANCE_ACCURACY_VALUE',
'Maximum model space distance between geometric entities at asserted c
onnectivities');
#5242=(
GEOMETRIC_REPRESENTATION_CONTEXT(3)
GLOBAL_UNCERTAINTY_ASSIGNED_CONTEXT((#5240))
GLOBAL_UNIT_ASSIGNED_CONTEXT((#5244,#5246,#5247))
REPRESENTATION_CONTEXT('','3D')
);
#5243=(
GEOMETRIC_REPRESENTATION_CONTEXT(3)
GLOBAL_UNCERTAINTY_ASSIGNED_CONTEXT((#5241))
GLOBAL_UNIT_ASSIGNED_CONTEXT((#5244,#5246,#5247))
REPRESENTATION_CONTEXT('','3D')
);
#5244=(
LENGTH_UNIT()
NAMED_UNIT(*)
SI_UNIT(.MILLI.,.METRE.)
);
#5245=(
LENGTH_UNIT()
NAMED_UNIT(*)
SI_UNIT($,.METRE.)
);
#5246=(
NAMED_UNIT(*)
PLANE_ANGLE_UNIT()
SI_UNIT($,.RADIAN.)
);
#5247=(
NAMED_UNIT(*)
SI_UNIT($,.STERADIAN.)
SOLID_ANGLE_UNIT()
);
#5248=SHAPE_DEFINITION_REPRESENTATION(#5249,#5250);
#5249=PRODUCT_DEFINITION_SHAPE('',$,#5252);
#5250=SHAPE_REPRESENTATION('',(#3308),#5242);
#5251=PRODUCT_DEFINITION_CONTEXT('part definition',#5256,'design');
#5252=PRODUCT_DEFINITION('Parametric 2020 Extrusion',
'Parametric 2020 Extrusion v12',#5253,#5251);
#5253=PRODUCT_DEFINITION_FORMATION('',$,#5258);
#5254=PRODUCT_RELATED_PRODUCT_CATEGORY('Parametric 2020 Extrusion v12',
'Parametric 2020 Extrusion v12',(#5258));
#5255=APPLICATION_PROTOCOL_DEFINITION('international standard',
'ap242_managed_model_based_3d_engineering',2011,#5256);
#5256=APPLICATION_CONTEXT('Managed model based 3d engineering');
#5257=PRODUCT_CONTEXT('part definition',#5256,'mechanical');
#5258=PRODUCT('Parametric 2020 Extrusion',
'Parametric 2020 Extrusion v12',$,(#5257));
#5259=PRESENTATION_STYLE_ASSIGNMENT((#5260));
#5260=SURFACE_STYLE_USAGE(.BOTH.,#5261);
#5261=SURFACE_SIDE_STYLE('',(#5262));
#5262=SURFACE_STYLE_FILL_AREA(#5263);
#5263=FILL_AREA_STYLE('ABS (White)',(#5264));
#5264=FILL_AREA_STYLE_COLOUR('ABS (White)',#5265);
#5265=COLOUR_RGB('ABS (White)',0.964705882352941,0.964705882352941,0.952941176470588);
ENDSEC;
END-ISO-10303-21;
